10000 50000
0 1 82
1 2 15
2 3 4
3 4 95
4 5 36
5 6 32
6 7 29
7 8 18
8 9 95
9 10 14
10 11 87
11 12 95
12 13 70
13 14 12
14 15 76
15 16 55
16 17 5
17 18 4
18 19 12
19 20 28
20 21 30
21 22 65
22 23 78
23 24 4
24 25 72
25 26 26
26 27 92
27 28 84
28 29 90
29 30 70
30 31 54
31 32 29
32 33 58
33 34 76
34 35 36
35 36 1
36 37 98
37 38 21
38 39 90
39 40 55
40 41 44
41 42 36
42 43 20
43 44 28
44 45 98
45 46 44
46 47 14
47 48 12
48 49 49
49 50 13
50 51 46
51 52 45
52 53 78
53 54 34
54 55 6
55 56 94
56 57 59
57 58 69
58 59 16
59 60 49
60 61 11
61 62 71
62 63 38
63 64 81
64 65 80
65 66 47
66 67 74
67 68 25
68 69 91
69 70 9
70 71 6
71 72 85
72 73 30
73 74 99
74 75 38
75 76 11
76 77 30
77 78 13
78 79 49
79 80 36
80 81 59
81 82 82
82 83 47
83 84 21
84 85 48
85 86 46
86 87 27
87 88 86
88 89 35
89 90 90
90 91 88
91 92 83
92 93 10
93 94 78
94 95 82
95 96 22
96 97 69
97 98 94
98 99 32
99 100 21
100 101 60
101 102 49
102 103 35
103 104 82
104 105 89
105 106 72
106 107 29
107 108 88
108 109 42
109 110 99
110 111 100
111 112 8
112 113 30
113 114 5
114 115 41
115 116 52
116 117 35
117 118 9
118 119 28
119 120 73
120 121 92
121 122 41
122 123 28
123 124 84
124 125 64
125 126 51
126 127 83
127 128 59
128 129 19
129 130 34
130 131 18
131 132 32
132 133 96
133 134 72
134 135 69
135 136 34
136 137 96
137 138 75
138 139 55
139 140 75
140 141 52
141 142 47
142 143 29
143 144 18
144 145 66
145 146 64
146 147 12
147 148 97
148 149 7
149 150 15
150 151 20
151 152 81
152 153 21
153 154 88
154 155 55
155 156 77
156 157 9
157 158 50
158 159 49
159 160 77
160 161 60
161 162 68
162 163 33
163 164 71
164 165 2
165 166 88
166 167 93
167 168 15
168 169 88
169 170 69
170 171 97
171 172 35
172 173 99
173 174 83
174 175 44
175 176 15
176 177 38
177 178 56
178 179 21
179 180 59
180 181 1
181 182 93
182 183 93
183 184 34
184 185 65
185 186 98
186 187 23
187 188 65
188 189 14
189 190 81
190 191 39
191 192 82
192 193 65
193 194 78
194 195 26
195 196 20
196 197 48
197 198 98
198 199 21
199 200 70
200 201 100
201 202 68
202 203 1
203 204 77
204 205 42
205 206 63
206 207 3
207 208 15
208 209 47
209 210 40
210 211 31
211 212 8
212 213 31
213 214 73
214 215 11
215 216 11
216 217 94
217 218 63
218 219 9
219 220 98
220 221 69
221 222 99
222 223 17
223 224 17
224 225 85
225 226 61
226 227 71
227 228 22
228 229 34
229 230 68
230 231 78
231 232 55
232 233 28
233 234 70
234 235 97
235 236 94
236 237 89
237 238 26
238 239 92
239 240 40
240 241 52
241 242 86
242 243 84
243 244 48
244 245 57
245 246 67
246 247 58
247 248 16
248 249 32
249 250 29
250 251 9
251 252 44
252 253 3
253 254 76
254 255 71
255 256 30
256 257 76
257 258 29
258 259 1
259 260 10
260 261 91
261 262 81
262 263 8
263 264 30
264 265 9
265 266 5
266 267 43
267 268 10
268 269 66
269 270 31
270 271 36
271 272 86
272 273 63
273 274 28
274 275 70
275 276 17
276 277 93
277 278 74
278 279 74
279 280 61
280 281 32
281 282 61
282 283 53
283 284 25
284 285 13
285 286 13
286 287 85
287 288 56
288 289 46
289 290 55
290 291 53
291 292 60
292 293 94
293 294 7
294 295 87
295 296 84
296 297 83
297 298 13
298 299 8
299 300 52
300 301 94
301 302 44
302 303 14
303 304 32
304 305 25
305 306 25
306 307 69
307 308 58
308 309 18
309 310 55
310 311 24
311 312 36
312 313 60
313 314 32
314 315 10
315 316 57
316 317 71
317 318 13
318 319 7
319 320 84
320 321 70
321 322 2
322 323 12
323 324 97
324 325 31
325 326 22
326 327 53
327 328 63
328 329 62
329 330 28
330 331 52
331 332 8
332 333 22
333 334 49
334 335 1
335 336 50
336 337 34
337 338 59
338 339 37
339 340 55
340 341 90
341 342 94
342 343 72
343 344 85
344 345 92
345 346 63
346 347 20
347 348 25
348 349 38
349 350 28
350 351 8
351 352 75
352 353 95
353 354 70
354 355 8
355 356 96
356 357 41
357 358 8
358 359 7
359 360 75
360 361 62
361 362 65
362 363 68
363 364 21
364 365 8
365 366 66
366 367 11
367 368 24
368 369 9
369 370 77
370 371 9
371 372 87
372 373 31
373 374 52
374 375 16
375 376 73
376 377 32
377 378 75
378 379 77
379 380 6
380 381 80
381 382 11
382 383 54
383 384 85
384 385 75
385 386 73
386 387 67
387 388 41
388 389 34
389 390 27
390 391 86
391 392 92
392 393 41
393 394 31
394 395 34
395 396 51
396 397 17
397 398 86
398 399 83
399 400 39
400 401 59
401 402 41
402 403 97
403 404 10
404 405 2
405 406 59
406 407 80
407 408 73
408 409 13
409 410 10
410 411 69
411 412 28
412 413 65
413 414 34
414 415 17
415 416 45
416 417 9
417 418 32
418 419 48
419 420 37
420 421 21
421 422 57
422 423 70
423 424 91
424 425 39
425 426 79
426 427 84
427 428 68
428 429 2
429 430 86
430 431 71
431 432 39
432 433 85
433 434 14
434 435 18
435 436 34
436 437 15
437 438 14
438 439 96
439 440 71
440 441 20
441 442 35
442 443 37
443 444 78
444 445 27
445 446 92
446 447 44
447 448 27
448 449 88
449 450 82
450 451 34
451 452 65
452 453 63
453 454 33
454 455 7
455 456 12
456 457 82
457 458 55
458 459 36
459 460 6
460 461 1
461 462 43
462 463 99
463 464 17
464 465 82
465 466 34
466 467 21
467 468 95
468 469 57
469 470 71
470 471 91
471 472 55
472 473 72
473 474 2
474 475 15
475 476 10
476 477 89
477 478 20
478 479 70
479 480 5
480 481 48
481 482 75
482 483 71
483 484 19
484 485 56
485 486 17
486 487 6
487 488 40
488 489 47
489 490 6
490 491 46
491 492 27
492 493 88
493 494 32
494 495 86
495 496 14
496 497 46
497 498 100
498 499 72
499 500 53
500 501 80
501 502 96
502 503 20
503 504 31
504 505 21
505 506 23
506 507 53
507 508 4
508 509 23
509 510 95
510 511 43
511 512 53
512 513 86
513 514 95
514 515 32
515 516 35
516 517 21
517 518 90
518 519 14
519 520 49
520 521 5
521 522 61
522 523 29
523 524 26
524 525 59
525 526 45
526 527 40
527 528 30
528 529 29
529 530 4
530 531 85
531 532 25
532 533 52
533 534 43
534 535 36
535 536 9
536 537 99
537 538 36
538 539 45
539 540 83
540 541 66
541 542 52
542 543 87
543 544 69
544 545 43
545 546 4
546 547 15
547 548 34
548 549 23
549 550 75
550 551 34
551 552 5
552 553 14
553 554 77
554 555 56
555 556 45
556 557 94
557 558 41
558 559 56
559 560 78
560 561 66
561 562 15
562 563 50
563 564 74
564 565 25
565 566 33
566 567 6
567 568 91
568 569 56
569 570 1
570 571 67
571 572 69
572 573 88
573 574 93
574 575 95
575 576 95
576 577 86
577 578 26
578 579 47
579 580 56
580 581 9
581 582 86
582 583 43
583 584 80
584 585 41
585 586 85
586 587 16
587 588 93
588 589 39
589 590 65
590 591 40
591 592 86
592 593 53
593 594 42
594 595 52
595 596 90
596 597 38
597 598 71
598 599 17
599 600 25
600 601 54
601 602 86
602 603 49
603 604 87
604 605 96
605 606 23
606 607 79
607 608 73
608 609 39
609 610 52
610 611 71
611 612 1
612 613 39
613 614 37
614 615 27
615 616 56
616 617 75
617 618 78
618 619 84
619 620 42
620 621 60
621 622 57
622 623 57
623 624 87
624 625 28
625 626 66
626 627 61
627 628 95
628 629 22
629 630 85
630 631 11
631 632 37
632 633 66
633 634 85
634 635 82
635 636 80
636 637 43
637 638 12
638 639 97
639 640 31
640 641 87
641 642 40
642 643 29
643 644 26
644 645 19
645 646 4
646 647 6
647 648 32
648 649 61
649 650 79
650 651 99
651 652 10
652 653 59
653 654 54
654 655 81
655 656 74
656 657 25
657 658 92
658 659 90
659 660 50
660 661 64
661 662 52
662 663 32
663 664 19
664 665 84
665 666 89
666 667 1
667 668 97
668 669 99
669 670 14
670 671 100
671 672 55
672 673 29
673 674 23
674 675 90
675 676 67
676 677 60
677 678 7
678 679 72
679 680 32
680 681 16
681 682 59
682 683 18
683 684 60
684 685 86
685 686 68
686 687 72
687 688 77
688 689 41
689 690 97
690 691 57
691 692 79
692 693 93
693 694 65
694 695 55
695 696 71
696 697 58
697 698 21
698 699 96
699 700 61
700 701 58
701 702 34
702 703 97
703 704 32
704 705 82
705 706 36
706 707 99
707 708 100
708 709 67
709 710 63
710 711 81
711 712 31
712 713 36
713 714 57
714 715 10
715 716 92
716 717 37
717 718 31
718 719 35
719 720 43
720 721 41
721 722 70
722 723 11
723 724 18
724 725 20
725 726 30
726 727 50
727 728 89
728 729 20
729 730 91
730 731 28
731 732 9
732 733 54
733 734 53
734 735 43
735 736 70
736 737 60
737 738 54
738 739 8
739 740 27
740 741 54
741 742 50
742 743 99
743 744 75
744 745 90
745 746 3
746 747 98
747 748 74
748 749 49
749 750 62
750 751 1
751 752 46
752 753 39
753 754 97
754 755 50
755 756 54
756 757 69
757 758 96
758 759 95
759 760 70
760 761 78
761 762 29
762 763 63
763 764 29
764 765 35
765 766 56
766 767 63
767 768 4
768 769 50
769 770 44
770 771 86
771 772 87
772 773 52
773 774 93
774 775 22
775 776 60
776 777 17
777 778 80
778 779 69
779 780 4
780 781 51
781 782 76
782 783 73
783 784 85
784 785 4
785 786 11
786 787 83
787 788 55
788 789 18
789 790 60
790 791 24
791 792 7
792 793 34
793 794 49
794 795 42
795 796 28
796 797 59
797 798 42
798 799 44
799 800 98
800 801 49
801 802 36
802 803 97
803 804 54
804 805 33
805 806 11
806 807 61
807 808 3
808 809 96
809 810 70
810 811 7
811 812 45
812 813 29
813 814 84
814 815 9
815 816 100
816 817 84
817 818 6
818 819 97
819 820 4
820 821 32
821 822 26
822 823 3
823 824 80
824 825 20
825 826 31
826 827 17
827 828 61
828 829 86
829 830 15
830 831 73
831 832 28
832 833 60
833 834 90
834 835 33
835 836 99
836 837 48
837 838 22
838 839 78
839 840 78
840 841 96
841 842 92
842 843 15
843 844 100
844 845 21
845 846 40
846 847 14
847 848 75
848 849 4
849 850 40
850 851 74
851 852 87
852 853 49
853 854 51
854 855 92
855 856 26
856 857 10
857 858 76
858 859 89
859 860 81
860 861 32
861 862 14
862 863 90
863 864 99
864 865 39
865 866 88
866 867 77
867 868 16
868 869 73
869 870 6
870 871 45
871 872 69
872 873 55
873 874 85
874 875 48
875 876 9
876 877 65
877 878 83
878 879 44
879 880 2
880 881 54
881 882 63
882 883 14
883 884 56
884 885 47
885 886 82
886 887 59
887 888 91
888 889 20
889 890 56
890 891 23
891 892 94
892 893 67
893 894 84
894 895 35
895 896 79
896 897 69
897 898 100
898 899 62
899 900 60
900 901 56
901 902 94
902 903 76
903 904 35
904 905 42
905 906 32
906 907 12
907 908 36
908 909 58
909 910 32
910 911 97
911 912 60
912 913 73
913 914 79
914 915 86
915 916 49
916 917 44
917 918 4
918 919 64
919 920 42
920 921 24
921 922 63
922 923 28
923 924 46
924 925 34
925 926 44
926 927 36
927 928 77
928 929 90
929 930 36
930 931 72
931 932 2
932 933 67
933 934 25
934 935 11
935 936 31
936 937 93
937 938 53
938 939 63
939 940 72
940 941 98
941 942 31
942 943 89
943 944 61
944 945 83
945 946 92
946 947 63
947 948 58
948 949 3
949 950 12
950 951 38
951 952 29
952 953 52
953 954 89
954 955 32
955 956 40
956 957 85
957 958 75
958 959 48
959 960 61
960 961 71
961 962 68
962 963 45
963 964 55
964 965 96
965 966 71
966 967 43
967 968 46
968 969 90
969 970 59
970 971 35
971 972 40
972 973 33
973 974 30
974 975 16
975 976 93
976 977 25
977 978 41
978 979 16
979 980 96
980 981 69
981 982 98
982 983 89
983 984 24
984 985 25
985 986 28
986 987 95
987 988 62
988 989 36
989 990 93
990 991 76
991 992 98
992 993 68
993 994 77
994 995 37
995 996 13
996 997 25
997 998 38
998 999 30
999 1000 47
1000 1001 23
1001 1002 39
1002 1003 2
1003 1004 91
1004 1005 69
1005 1006 17
1006 1007 36
1007 1008 6
1008 1009 7
1009 1010 71
1010 1011 38
1011 1012 90
1012 1013 17
1013 1014 82
1014 1015 97
1015 1016 63
1016 1017 14
1017 1018 2
1018 1019 74
1019 1020 37
1020 1021 61
1021 1022 62
1022 1023 57
1023 1024 44
1024 1025 24
1025 1026 7
1026 1027 33
1027 1028 62
1028 1029 15
1029 1030 9
1030 1031 52
1031 1032 63
1032 1033 10
1033 1034 74
1034 1035 81
1035 1036 88
1036 1037 7
1037 1038 20
1038 1039 20
1039 1040 73
1040 1041 39
1041 1042 11
1042 1043 32
1043 1044 16
1044 1045 72
1045 1046 98
1046 1047 54
1047 1048 78
1048 1049 77
1049 1050 80
1050 1051 29
1051 1052 100
1052 1053 67
1053 1054 49
1054 1055 58
1055 1056 57
1056 1057 39
1057 1058 76
1058 1059 55
1059 1060 40
1060 1061 73
1061 1062 80
1062 1063 8
1063 1064 79
1064 1065 95
1065 1066 13
1066 1067 98
1067 1068 27
1068 1069 81
1069 1070 28
1070 1071 34
1071 1072 85
1072 1073 11
1073 1074 21
1074 1075 31
1075 1076 23
1076 1077 71
1077 1078 10
1078 1079 21
1079 1080 1
1080 1081 53
1081 1082 58
1082 1083 89
1083 1084 77
1084 1085 61
1085 1086 38
1086 1087 5
1087 1088 30
1088 1089 37
1089 1090 91
1090 1091 37
1091 1092 90
1092 1093 59
1093 1094 10
1094 1095 88
1095 1096 30
1096 1097 34
1097 1098 81
1098 1099 76
1099 1100 85
1100 1101 26
1101 1102 55
1102 1103 15
1103 1104 70
1104 1105 29
1105 1106 83
1106 1107 20
1107 1108 35
1108 1109 19
1109 1110 10
1110 1111 8
1111 1112 22
1112 1113 40
1113 1114 77
1114 1115 96
1115 1116 73
1116 1117 37
1117 1118 57
1118 1119 16
1119 1120 60
1120 1121 89
1121 1122 39
1122 1123 90
1123 1124 52
1124 1125 35
1125 1126 65
1126 1127 70
1127 1128 64
1128 1129 57
1129 1130 11
1130 1131 77
1131 1132 6
1132 1133 56
1133 1134 95
1134 1135 42
1135 1136 78
1136 1137 33
1137 1138 4
1138 1139 12
1139 1140 30
1140 1141 87
1141 1142 74
1142 1143 76
1143 1144 3
1144 1145 98
1145 1146 87
1146 1147 35
1147 1148 74
1148 1149 6
1149 1150 98
1150 1151 97
1151 1152 23
1152 1153 61
1153 1154 67
1154 1155 84
1155 1156 57
1156 1157 36
1157 1158 24
1158 1159 75
1159 1160 56
1160 1161 82
1161 1162 63
1162 1163 12
1163 1164 61
1164 1165 45
1165 1166 53
1166 1167 43
1167 1168 42
1168 1169 86
1169 1170 14
1170 1171 21
1171 1172 43
1172 1173 53
1173 1174 89
1174 1175 64
1175 1176 37
1176 1177 85
1177 1178 52
1178 1179 98
1179 1180 71
1180 1181 5
1181 1182 59
1182 1183 12
1183 1184 41
1184 1185 33
1185 1186 42
1186 1187 15
1187 1188 99
1188 1189 52
1189 1190 66
1190 1191 1
1191 1192 85
1192 1193 70
1193 1194 60
1194 1195 53
1195 1196 7
1196 1197 25
1197 1198 67
1198 1199 47
1199 1200 80
1200 1201 97
1201 1202 64
1202 1203 81
1203 1204 57
1204 1205 98
1205 1206 7
1206 1207 27
1207 1208 35
1208 1209 71
1209 1210 17
1210 1211 37
1211 1212 57
1212 1213 90
1213 1214 63
1214 1215 16
1215 1216 4
1216 1217 81
1217 1218 78
1218 1219 31
1219 1220 91
1220 1221 21
1221 1222 40
1222 1223 71
1223 1224 2
1224 1225 71
1225 1226 53
1226 1227 12
1227 1228 29
1228 1229 15
1229 1230 60
1230 1231 16
1231 1232 83
1232 1233 20
1233 1234 64
1234 1235 92
1235 1236 38
1236 1237 66
1237 1238 91
1238 1239 35
1239 1240 54
1240 1241 62
1241 1242 61
1242 1243 32
1243 1244 59
1244 1245 71
1245 1246 19
1246 1247 50
1247 1248 25
1248 1249 77
1249 1250 66
1250 1251 96
1251 1252 18
1252 1253 9
1253 1254 36
1254 1255 99
1255 1256 54
1256 1257 44
1257 1258 65
1258 1259 35
1259 1260 1
1260 1261 37
1261 1262 93
1262 1263 39
1263 1264 76
1264 1265 75
1265 1266 85
1266 1267 63
1267 1268 20
1268 1269 58
1269 1270 69
1270 1271 62
1271 1272 45
1272 1273 43
1273 1274 71
1274 1275 98
1275 1276 70
1276 1277 49
1277 1278 59
1278 1279 42
1279 1280 25
1280 1281 90
1281 1282 31
1282 1283 74
1283 1284 50
1284 1285 30
1285 1286 100
1286 1287 53
1287 1288 6
1288 1289 41
1289 1290 96
1290 1291 61
1291 1292 91
1292 1293 49
1293 1294 50
1294 1295 85
1295 1296 84
1296 1297 20
1297 1298 64
1298 1299 5
1299 1300 17
1300 1301 65
1301 1302 76
1302 1303 43
1303 1304 13
1304 1305 57
1305 1306 13
1306 1307 68
1307 1308 59
1308 1309 2
1309 1310 93
1310 1311 19
1311 1312 53
1312 1313 84
1313 1314 20
1314 1315 10
1315 1316 61
1316 1317 34
1317 1318 44
1318 1319 80
1319 1320 89
1320 1321 51
1321 1322 84
1322 1323 11
1323 1324 43
1324 1325 87
1325 1326 69
1326 1327 49
1327 1328 41
1328 1329 81
1329 1330 92
1330 1331 98
1331 1332 63
1332 1333 70
1333 1334 5
1334 1335 80
1335 1336 9
1336 1337 31
1337 1338 81
1338 1339 88
1339 1340 37
1340 1341 30
1341 1342 96
1342 1343 12
1343 1344 56
1344 1345 13
1345 1346 98
1346 1347 82
1347 1348 91
1348 1349 13
1349 1350 57
1350 1351 22
1351 1352 89
1352 1353 39
1353 1354 4
1354 1355 6
1355 1356 42
1356 1357 8
1357 1358 38
1358 1359 46
1359 1360 48
1360 1361 56
1361 1362 19
1362 1363 32
1363 1364 68
1364 1365 53
1365 1366 73
1366 1367 88
1367 1368 24
1368 1369 22
1369 1370 23
1370 1371 11
1371 1372 79
1372 1373 49
1373 1374 80
1374 1375 88
1375 1376 31
1376 1377 64
1377 1378 75
1378 1379 19
1379 1380 30
1380 1381 60
1381 1382 82
1382 1383 33
1383 1384 59
1384 1385 33
1385 1386 86
1386 1387 2
1387 1388 60
1388 1389 37
1389 1390 87
1390 1391 70
1391 1392 21
1392 1393 10
1393 1394 57
1394 1395 45
1395 1396 76
1396 1397 39
1397 1398 82
1398 1399 55
1399 1400 89
1400 1401 33
1401 1402 59
1402 1403 39
1403 1404 26
1404 1405 50
1405 1406 62
1406 1407 14
1407 1408 31
1408 1409 49
1409 1410 74
1410 1411 46
1411 1412 74
1412 1413 38
1413 1414 90
1414 1415 38
1415 1416 3
1416 1417 85
1417 1418 51
1418 1419 36
1419 1420 2
1420 1421 73
1421 1422 88
1422 1423 100
1423 1424 96
1424 1425 7
1425 1426 78
1426 1427 96
1427 1428 64
1428 1429 37
1429 1430 100
1430 1431 30
1431 1432 78
1432 1433 46
1433 1434 29
1434 1435 82
1435 1436 25
1436 1437 80
1437 1438 33
1438 1439 87
1439 1440 97
1440 1441 93
1441 1442 99
1442 1443 85
1443 1444 88
1444 1445 18
1445 1446 81
1446 1447 13
1447 1448 81
1448 1449 83
1449 1450 6
1450 1451 40
1451 1452 57
1452 1453 5
1453 1454 75
1454 1455 47
1455 1456 94
1456 1457 17
1457 1458 12
1458 1459 38
1459 1460 42
1460 1461 96
1461 1462 54
1462 1463 23
1463 1464 26
1464 1465 17
1465 1466 70
1466 1467 47
1467 1468 68
1468 1469 65
1469 1470 35
1470 1471 22
1471 1472 33
1472 1473 62
1473 1474 38
1474 1475 96
1475 1476 44
1476 1477 15
1477 1478 60
1478 1479 10
1479 1480 19
1480 1481 97
1481 1482 29
1482 1483 87
1483 1484 93
1484 1485 87
1485 1486 51
1486 1487 72
1487 1488 47
1488 1489 12
1489 1490 51
1490 1491 2
1491 1492 34
1492 1493 69
1493 1494 16
1494 1495 59
1495 1496 48
1496 1497 87
1497 1498 96
1498 1499 87
1499 1500 34
1500 1501 75
1501 1502 49
1502 1503 82
1503 1504 48
1504 1505 14
1505 1506 87
1506 1507 30
1507 1508 61
1508 1509 4
1509 1510 80
1510 1511 72
1511 1512 42
1512 1513 79
1513 1514 29
1514 1515 83
1515 1516 9
1516 1517 82
1517 1518 60
1518 1519 90
1519 1520 39
1520 1521 84
1521 1522 53
1522 1523 15
1523 1524 18
1524 1525 6
1525 1526 5
1526 1527 39
1527 1528 64
1528 1529 15
1529 1530 13
1530 1531 31
1531 1532 69
1532 1533 18
1533 1534 50
1534 1535 59
1535 1536 48
1536 1537 86
1537 1538 96
1538 1539 90
1539 1540 70
1540 1541 54
1541 1542 76
1542 1543 96
1543 1544 94
1544 1545 20
1545 1546 54
1546 1547 84
1547 1548 13
1548 1549 63
1549 1550 79
1550 1551 53
1551 1552 36
1552 1553 5
1553 1554 89
1554 1555 48
1555 1556 28
1556 1557 57
1557 1558 57
1558 1559 31
1559 1560 47
1560 1561 13
1561 1562 88
1562 1563 48
1563 1564 70
1564 1565 83
1565 1566 46
1566 1567 8
1567 1568 51
1568 1569 36
1569 1570 25
1570 1571 16
1571 1572 59
1572 1573 12
1573 1574 85
1574 1575 28
1575 1576 83
1576 1577 82
1577 1578 77
1578 1579 3
1579 1580 7
1580 1581 43
1581 1582 32
1582 1583 17
1583 1584 73
1584 1585 27
1585 1586 9
1586 1587 98
1587 1588 71
1588 1589 27
1589 1590 76
1590 1591 28
1591 1592 30
1592 1593 43
1593 1594 100
1594 1595 19
1595 1596 77
1596 1597 1
1597 1598 36
1598 1599 19
1599 1600 17
1600 1601 70
1601 1602 33
1602 1603 23
1603 1604 15
1604 1605 85
1605 1606 4
1606 1607 17
1607 1608 2
1608 1609 46
1609 1610 31
1610 1611 76
1611 1612 42
1612 1613 3
1613 1614 23
1614 1615 34
1615 1616 7
1616 1617 17
1617 1618 95
1618 1619 54
1619 1620 68
1620 1621 15
1621 1622 96
1622 1623 9
1623 1624 61
1624 1625 58
1625 1626 100
1626 1627 47
1627 1628 66
1628 1629 76
1629 1630 14
1630 1631 58
1631 1632 65
1632 1633 29
1633 1634 79
1634 1635 6
1635 1636 94
1636 1637 85
1637 1638 67
1638 1639 39
1639 1640 59
1640 1641 83
1641 1642 4
1642 1643 8
1643 1644 62
1644 1645 52
1645 1646 55
1646 1647 88
1647 1648 14
1648 1649 63
1649 1650 92
1650 1651 57
1651 1652 10
1652 1653 11
1653 1654 42
1654 1655 78
1655 1656 19
1656 1657 9
1657 1658 17
1658 1659 36
1659 1660 80
1660 1661 82
1661 1662 75
1662 1663 71
1663 1664 92
1664 1665 42
1665 1666 49
1666 1667 77
1667 1668 68
1668 1669 38
1669 1670 59
1670 1671 65
1671 1672 78
1672 1673 56
1673 1674 13
1674 1675 90
1675 1676 15
1676 1677 84
1677 1678 84
1678 1679 99
1679 1680 71
1680 1681 93
1681 1682 28
1682 1683 56
1683 1684 58
1684 1685 30
1685 1686 53
1686 1687 44
1687 1688 59
1688 1689 52
1689 1690 54
1690 1691 94
1691 1692 13
1692 1693 41
1693 1694 55
1694 1695 41
1695 1696 86
1696 1697 33
1697 1698 48
1698 1699 20
1699 1700 88
1700 1701 61
1701 1702 9
1702 1703 12
1703 1704 11
1704 1705 12
1705 1706 56
1706 1707 13
1707 1708 96
1708 1709 95
1709 1710 48
1710 1711 17
1711 1712 72
1712 1713 8
1713 1714 76
1714 1715 72
1715 1716 72
1716 1717 43
1717 1718 86
1718 1719 16
1719 1720 53
1720 1721 46
1721 1722 86
1722 1723 97
1723 1724 55
1724 1725 93
1725 1726 7
1726 1727 37
1727 1728 77
1728 1729 40
1729 1730 46
1730 1731 14
1731 1732 74
1732 1733 65
1733 1734 28
1734 1735 20
1735 1736 85
1736 1737 62
1737 1738 29
1738 1739 14
1739 1740 45
1740 1741 72
1741 1742 48
1742 1743 15
1743 1744 98
1744 1745 36
1745 1746 74
1746 1747 29
1747 1748 55
1748 1749 72
1749 1750 99
1750 1751 80
1751 1752 79
1752 1753 87
1753 1754 83
1754 1755 72
1755 1756 4
1756 1757 78
1757 1758 85
1758 1759 89
1759 1760 35
1760 1761 4
1761 1762 24
1762 1763 35
1763 1764 90
1764 1765 98
1765 1766 40
1766 1767 44
1767 1768 45
1768 1769 1
1769 1770 24
1770 1771 19
1771 1772 73
1772 1773 85
1773 1774 52
1774 1775 9
1775 1776 19
1776 1777 95
1777 1778 82
1778 1779 4
1779 1780 12
1780 1781 96
1781 1782 68
1782 1783 28
1783 1784 49
1784 1785 54
1785 1786 59
1786 1787 44
1787 1788 21
1788 1789 48
1789 1790 40
1790 1791 93
1791 1792 42
1792 1793 100
1793 1794 73
1794 1795 77
1795 1796 11
1796 1797 7
1797 1798 20
1798 1799 21
1799 1800 97
1800 1801 80
1801 1802 7
1802 1803 87
1803 1804 11
1804 1805 35
1805 1806 57
1806 1807 85
1807 1808 55
1808 1809 63
1809 1810 78
1810 1811 57
1811 1812 54
1812 1813 35
1813 1814 28
1814 1815 97
1815 1816 66
1816 1817 15
1817 1818 45
1818 1819 56
1819 1820 15
1820 1821 37
1821 1822 87
1822 1823 87
1823 1824 76
1824 1825 63
1825 1826 68
1826 1827 86
1827 1828 40
1828 1829 6
1829 1830 29
1830 1831 51
1831 1832 77
1832 1833 8
1833 1834 1
1834 1835 27
1835 1836 39
1836 1837 28
1837 1838 99
1838 1839 18
1839 1840 98
1840 1841 33
1841 1842 38
1842 1843 42
1843 1844 16
1844 1845 1
1845 1846 64
1846 1847 96
1847 1848 56
1848 1849 23
1849 1850 17
1850 1851 49
1851 1852 69
1852 1853 91
1853 1854 30
1854 1855 65
1855 1856 72
1856 1857 86
1857 1858 46
1858 1859 10
1859 1860 51
1860 1861 95
1861 1862 6
1862 1863 56
1863 1864 3
1864 1865 59
1865 1866 10
1866 1867 41
1867 1868 74
1868 1869 55
1869 1870 74
1870 1871 52
1871 1872 91
1872 1873 82
1873 1874 54
1874 1875 38
1875 1876 15
1876 1877 52
1877 1878 3
1878 1879 42
1879 1880 22
1880 1881 80
1881 1882 59
1882 1883 89
1883 1884 47
1884 1885 12
1885 1886 56
1886 1887 14
1887 1888 32
1888 1889 56
1889 1890 76
1890 1891 52
1891 1892 68
1892 1893 11
1893 1894 51
1894 1895 40
1895 1896 96
1896 1897 44
1897 1898 29
1898 1899 43
1899 1900 100
1900 1901 22
1901 1902 10
1902 1903 66
1903 1904 82
1904 1905 15
1905 1906 68
1906 1907 66
1907 1908 25
1908 1909 100
1909 1910 45
1910 1911 45
1911 1912 94
1912 1913 83
1913 1914 19
1914 1915 31
1915 1916 14
1916 1917 19
1917 1918 33
1918 1919 26
1919 1920 23
1920 1921 78
1921 1922 20
1922 1923 98
1923 1924 98
1924 1925 84
1925 1926 10
1926 1927 23
1927 1928 99
1928 1929 81
1929 1930 64
1930 1931 60
1931 1932 97
1932 1933 73
1933 1934 98
1934 1935 75
1935 1936 58
1936 1937 88
1937 1938 73
1938 1939 83
1939 1940 82
1940 1941 80
1941 1942 42
1942 1943 81
1943 1944 41
1944 1945 20
1945 1946 57
1946 1947 9
1947 1948 61
1948 1949 57
1949 1950 81
1950 1951 39
1951 1952 36
1952 1953 76
1953 1954 8
1954 1955 46
1955 1956 65
1956 1957 10
1957 1958 40
1958 1959 60
1959 1960 58
1960 1961 5
1961 1962 8
1962 1963 48
1963 1964 37
1964 1965 10
1965 1966 83
1966 1967 12
1967 1968 79
1968 1969 77
1969 1970 65
1970 1971 50
1971 1972 60
1972 1973 75
1973 1974 71
1974 1975 95
1975 1976 6
1976 1977 58
1977 1978 74
1978 1979 84
1979 1980 25
1980 1981 42
1981 1982 78
1982 1983 61
1983 1984 65
1984 1985 20
1985 1986 8
1986 1987 58
1987 1988 14
1988 1989 44
1989 1990 92
1990 1991 11
1991 1992 65
1992 1993 83
1993 1994 23
1994 1995 6
1995 1996 32
1996 1997 91
1997 1998 57
1998 1999 57
1999 2000 68
2000 2001 67
2001 2002 79
2002 2003 21
2003 2004 47
2004 2005 48
2005 2006 37
2006 2007 50
2007 2008 53
2008 2009 100
2009 2010 44
2010 2011 87
2011 2012 77
2012 2013 7
2013 2014 81
2014 2015 83
2015 2016 43
2016 2017 9
2017 2018 43
2018 2019 13
2019 2020 72
2020 2021 87
2021 2022 50
2022 2023 37
2023 2024 33
2024 2025 93
2025 2026 85
2026 2027 78
2027 2028 20
2028 2029 43
2029 2030 11
2030 2031 75
2031 2032 85
2032 2033 19
2033 2034 45
2034 2035 40
2035 2036 84
2036 2037 90
2037 2038 85
2038 2039 51
2039 2040 17
2040 2041 77
2041 2042 91
2042 2043 11
2043 2044 40
2044 2045 72
2045 2046 49
2046 2047 83
2047 2048 43
2048 2049 17
2049 2050 86
2050 2051 90
2051 2052 95
2052 2053 88
2053 2054 68
2054 2055 12
2055 2056 83
2056 2057 86
2057 2058 55
2058 2059 66
2059 2060 47
2060 2061 3
2061 2062 47
2062 2063 40
2063 2064 24
2064 2065 28
2065 2066 44
2066 2067 99
2067 2068 63
2068 2069 25
2069 2070 29
2070 2071 18
2071 2072 20
2072 2073 10
2073 2074 38
2074 2075 13
2075 2076 65
2076 2077 99
2077 2078 70
2078 2079 95
2079 2080 68
2080 2081 5
2081 2082 85
2082 2083 44
2083 2084 99
2084 2085 80
2085 2086 17
2086 2087 77
2087 2088 49
2088 2089 20
2089 2090 21
2090 2091 24
2091 2092 89
2092 2093 99
2093 2094 80
2094 2095 22
2095 2096 93
2096 2097 57
2097 2098 6
2098 2099 53
2099 2100 47
2100 2101 87
2101 2102 93
2102 2103 31
2103 2104 57
2104 2105 79
2105 2106 37
2106 2107 97
2107 2108 96
2108 2109 58
2109 2110 30
2110 2111 69
2111 2112 31
2112 2113 40
2113 2114 61
2114 2115 25
2115 2116 48
2116 2117 87
2117 2118 74
2118 2119 57
2119 2120 60
2120 2121 99
2121 2122 37
2122 2123 100
2123 2124 49
2124 2125 65
2125 2126 68
2126 2127 54
2127 2128 21
2128 2129 26
2129 2130 78
2130 2131 18
2131 2132 33
2132 2133 7
2133 2134 83
2134 2135 62
2135 2136 48
2136 2137 71
2137 2138 14
2138 2139 92
2139 2140 67
2140 2141 16
2141 2142 37
2142 2143 11
2143 2144 98
2144 2145 21
2145 2146 35
2146 2147 58
2147 2148 66
2148 2149 19
2149 2150 56
2150 2151 12
2151 2152 29
2152 2153 58
2153 2154 45
2154 2155 4
2155 2156 54
2156 2157 7
2157 2158 51
2158 2159 65
2159 2160 48
2160 2161 31
2161 2162 50
2162 2163 11
2163 2164 48
2164 2165 29
2165 2166 4
2166 2167 41
2167 2168 13
2168 2169 92
2169 2170 84
2170 2171 43
2171 2172 19
2172 2173 18
2173 2174 5
2174 2175 37
2175 2176 61
2176 2177 90
2177 2178 18
2178 2179 98
2179 2180 91
2180 2181 61
2181 2182 58
2182 2183 79
2183 2184 1
2184 2185 11
2185 2186 3
2186 2187 33
2187 2188 28
2188 2189 20
2189 2190 71
2190 2191 94
2191 2192 78
2192 2193 68
2193 2194 55
2194 2195 15
2195 2196 100
2196 2197 37
2197 2198 31
2198 2199 39
2199 2200 16
2200 2201 7
2201 2202 31
2202 2203 54
2203 2204 82
2204 2205 80
2205 2206 59
2206 2207 9
2207 2208 15
2208 2209 64
2209 2210 77
2210 2211 69
2211 2212 3
2212 2213 81
2213 2214 66
2214 2215 74
2215 2216 31
2216 2217 92
2217 2218 19
2218 2219 38
2219 2220 55
2220 2221 1
2221 2222 79
2222 2223 46
2223 2224 31
2224 2225 74
2225 2226 54
2226 2227 24
2227 2228 86
2228 2229 86
2229 2230 11
2230 2231 68
2231 2232 47
2232 2233 9
2233 2234 68
2234 2235 70
2235 2236 65
2236 2237 65
2237 2238 71
2238 2239 3
2239 2240 50
2240 2241 61
2241 2242 6
2242 2243 82
2243 2244 50
2244 2245 48
2245 2246 33
2246 2247 96
2247 2248 3
2248 2249 46
2249 2250 9
2250 2251 45
2251 2252 31
2252 2253 94
2253 2254 85
2254 2255 81
2255 2256 14
2256 2257 99
2257 2258 75
2258 2259 95
2259 2260 97
2260 2261 43
2261 2262 18
2262 2263 6
2263 2264 46
2264 2265 70
2265 2266 44
2266 2267 83
2267 2268 23
2268 2269 100
2269 2270 88
2270 2271 60
2271 2272 90
2272 2273 62
2273 2274 81
2274 2275 24
2275 2276 18
2276 2277 9
2277 2278 92
2278 2279 100
2279 2280 59
2280 2281 5
2281 2282 38
2282 2283 26
2283 2284 6
2284 2285 26
2285 2286 6
2286 2287 41
2287 2288 40
2288 2289 66
2289 2290 51
2290 2291 70
2291 2292 61
2292 2293 33
2293 2294 5
2294 2295 97
2295 2296 83
2296 2297 25
2297 2298 37
2298 2299 46
2299 2300 100
2300 2301 7
2301 2302 84
2302 2303 43
2303 2304 35
2304 2305 16
2305 2306 48
2306 2307 56
2307 2308 52
2308 2309 96
2309 2310 57
2310 2311 50
2311 2312 44
2312 2313 24
2313 2314 64
2314 2315 89
2315 2316 64
2316 2317 48
2317 2318 67
2318 2319 35
2319 2320 11
2320 2321 94
2321 2322 55
2322 2323 11
2323 2324 56
2324 2325 78
2325 2326 24
2326 2327 70
2327 2328 38
2328 2329 42
2329 2330 14
2330 2331 11
2331 2332 42
2332 2333 85
2333 2334 38
2334 2335 40
2335 2336 58
2336 2337 78
2337 2338 92
2338 2339 55
2339 2340 22
2340 2341 89
2341 2342 57
2342 2343 45
2343 2344 58
2344 2345 6
2345 2346 94
2346 2347 46
2347 2348 79
2348 2349 56
2349 2350 36
2350 2351 82
2351 2352 8
2352 2353 10
2353 2354 86
2354 2355 82
2355 2356 52
2356 2357 47
2357 2358 66
2358 2359 96
2359 2360 87
2360 2361 21
2361 2362 4
2362 2363 19
2363 2364 78
2364 2365 87
2365 2366 57
2366 2367 5
2367 2368 17
2368 2369 9
2369 2370 31
2370 2371 100
2371 2372 83
2372 2373 47
2373 2374 47
2374 2375 50
2375 2376 73
2376 2377 5
2377 2378 78
2378 2379 20
2379 2380 87
2380 2381 58
2381 2382 48
2382 2383 48
2383 2384 57
2384 2385 98
2385 2386 10
2386 2387 74
2387 2388 18
2388 2389 68
2389 2390 47
2390 2391 51
2391 2392 41
2392 2393 84
2393 2394 36
2394 2395 32
2395 2396 15
2396 2397 4
2397 2398 95
2398 2399 24
2399 2400 64
2400 2401 67
2401 2402 50
2402 2403 72
2403 2404 16
2404 2405 34
2405 2406 100
2406 2407 34
2407 2408 91
2408 2409 58
2409 2410 28
2410 2411 79
2411 2412 37
2412 2413 89
2413 2414 63
2414 2415 26
2415 2416 16
2416 2417 18
2417 2418 10
2418 2419 58
2419 2420 23
2420 2421 92
2421 2422 57
2422 2423 12
2423 2424 88
2424 2425 41
2425 2426 86
2426 2427 45
2427 2428 91
2428 2429 9
2429 2430 71
2430 2431 70
2431 2432 38
2432 2433 39
2433 2434 21
2434 2435 92
2435 2436 91
2436 2437 90
2437 2438 82
2438 2439 23
2439 2440 47
2440 2441 66
2441 2442 29
2442 2443 16
2443 2444 26
2444 2445 18
2445 2446 31
2446 2447 64
2447 2448 4
2448 2449 47
2449 2450 71
2450 2451 74
2451 2452 48
2452 2453 60
2453 2454 71
2454 2455 17
2455 2456 79
2456 2457 12
2457 2458 9
2458 2459 40
2459 2460 51
2460 2461 92
2461 2462 93
2462 2463 62
2463 2464 68
2464 2465 53
2465 2466 99
2466 2467 53
2467 2468 74
2468 2469 10
2469 2470 17
2470 2471 41
2471 2472 83
2472 2473 10
2473 2474 58
2474 2475 60
2475 2476 88
2476 2477 67
2477 2478 45
2478 2479 17
2479 2480 100
2480 2481 71
2481 2482 82
2482 2483 76
2483 2484 24
2484 2485 99
2485 2486 17
2486 2487 56
2487 2488 65
2488 2489 8
2489 2490 16
2490 2491 67
2491 2492 20
2492 2493 39
2493 2494 22
2494 2495 21
2495 2496 42
2496 2497 91
2497 2498 29
2498 2499 45
2499 2500 67
2500 2501 37
2501 2502 11
2502 2503 33
2503 2504 26
2504 2505 82
2505 2506 71
2506 2507 36
2507 2508 17
2508 2509 81
2509 2510 39
2510 2511 79
2511 2512 69
2512 2513 12
2513 2514 65
2514 2515 83
2515 2516 22
2516 2517 76
2517 2518 75
2518 2519 20
2519 2520 22
2520 2521 85
2521 2522 80
2522 2523 93
2523 2524 78
2524 2525 44
2525 2526 73
2526 2527 6
2527 2528 4
2528 2529 11
2529 2530 6
2530 2531 83
2531 2532 99
2532 2533 74
2533 2534 34
2534 2535 84
2535 2536 27
2536 2537 99
2537 2538 74
2538 2539 54
2539 2540 80
2540 2541 82
2541 2542 4
2542 2543 64
2543 2544 81
2544 2545 70
2545 2546 38
2546 2547 83
2547 2548 39
2548 2549 62
2549 2550 32
2550 2551 88
2551 2552 52
2552 2553 39
2553 2554 59
2554 2555 10
2555 2556 89
2556 2557 8
2557 2558 21
2558 2559 57
2559 2560 54
2560 2561 62
2561 2562 60
2562 2563 27
2563 2564 44
2564 2565 78
2565 2566 19
2566 2567 41
2567 2568 92
2568 2569 41
2569 2570 94
2570 2571 45
2571 2572 52
2572 2573 17
2573 2574 98
2574 2575 48
2575 2576 66
2576 2577 72
2577 2578 14
2578 2579 41
2579 2580 31
2580 2581 60
2581 2582 16
2582 2583 35
2583 2584 58
2584 2585 32
2585 2586 19
2586 2587 13
2587 2588 7
2588 2589 38
2589 2590 50
2590 2591 79
2591 2592 54
2592 2593 32
2593 2594 21
2594 2595 42
2595 2596 74
2596 2597 93
2597 2598 41
2598 2599 25
2599 2600 98
2600 2601 21
2601 2602 64
2602 2603 66
2603 2604 60
2604 2605 64
2605 2606 40
2606 2607 64
2607 2608 3
2608 2609 12
2609 2610 51
2610 2611 65
2611 2612 59
2612 2613 31
2613 2614 28
2614 2615 75
2615 2616 46
2616 2617 7
2617 2618 7
2618 2619 37
2619 2620 64
2620 2621 77
2621 2622 84
2622 2623 87
2623 2624 61
2624 2625 37
2625 2626 69
2626 2627 2
2627 2628 14
2628 2629 56
2629 2630 18
2630 2631 34
2631 2632 94
2632 2633 47
2633 2634 98
2634 2635 52
2635 2636 47
2636 2637 6
2637 2638 52
2638 2639 7
2639 2640 73
2640 2641 72
2641 2642 25
2642 2643 47
2643 2644 71
2644 2645 37
2645 2646 10
2646 2647 50
2647 2648 65
2648 2649 58
2649 2650 98
2650 2651 71
2651 2652 36
2652 2653 80
2653 2654 88
2654 2655 79
2655 2656 16
2656 2657 17
2657 2658 13
2658 2659 51
2659 2660 48
2660 2661 44
2661 2662 72
2662 2663 47
2663 2664 97
2664 2665 19
2665 2666 26
2666 2667 78
2667 2668 66
2668 2669 52
2669 2670 65
2670 2671 6
2671 2672 6
2672 2673 5
2673 2674 18
2674 2675 92
2675 2676 43
2676 2677 61
2677 2678 67
2678 2679 59
2679 2680 20
2680 2681 78
2681 2682 66
2682 2683 18
2683 2684 42
2684 2685 79
2685 2686 41
2686 2687 21
2687 2688 51
2688 2689 79
2689 2690 95
2690 2691 39
2691 2692 76
2692 2693 44
2693 2694 65
2694 2695 66
2695 2696 69
2696 2697 63
2697 2698 91
2698 2699 73
2699 2700 39
2700 2701 61
2701 2702 3
2702 2703 48
2703 2704 43
2704 2705 87
2705 2706 15
2706 2707 54
2707 2708 75
2708 2709 40
2709 2710 93
2710 2711 89
2711 2712 81
2712 2713 4
2713 2714 77
2714 2715 61
2715 2716 34
2716 2717 84
2717 2718 100
2718 2719 75
2719 2720 74
2720 2721 30
2721 2722 93
2722 2723 7
2723 2724 75
2724 2725 62
2725 2726 22
2726 2727 68
2727 2728 81
2728 2729 93
2729 2730 80
2730 2731 100
2731 2732 49
2732 2733 19
2733 2734 88
2734 2735 32
2735 2736 5
2736 2737 74
2737 2738 90
2738 2739 15
2739 2740 25
2740 2741 3
2741 2742 57
2742 2743 41
2743 2744 54
2744 2745 20
2745 2746 53
2746 2747 89
2747 2748 27
2748 2749 53
2749 2750 65
2750 2751 100
2751 2752 79
2752 2753 61
2753 2754 95
2754 2755 94
2755 2756 8
2756 2757 91
2757 2758 18
2758 2759 67
2759 2760 27
2760 2761 72
2761 2762 42
2762 2763 85
2763 2764 62
2764 2765 68
2765 2766 49
2766 2767 41
2767 2768 23
2768 2769 59
2769 2770 69
2770 2771 44
2771 2772 70
2772 2773 46
2773 2774 87
2774 2775 99
2775 2776 93
2776 2777 88
2777 2778 83
2778 2779 89
2779 2780 34
2780 2781 79
2781 2782 62
2782 2783 25
2783 2784 32
2784 2785 36
2785 2786 72
2786 2787 39
2787 2788 29
2788 2789 39
2789 2790 99
2790 2791 37
2791 2792 91
2792 2793 27
2793 2794 89
2794 2795 91
2795 2796 63
2796 2797 41
2797 2798 62
2798 2799 45
2799 2800 72
2800 2801 93
2801 2802 36
2802 2803 37
2803 2804 16
2804 2805 74
2805 2806 87
2806 2807 70
2807 2808 49
2808 2809 51
2809 2810 45
2810 2811 99
2811 2812 19
2812 2813 38
2813 2814 6
2814 2815 37
2815 2816 92
2816 2817 11
2817 2818 45
2818 2819 57
2819 2820 84
2820 2821 33
2821 2822 96
2822 2823 62
2823 2824 28
2824 2825 26
2825 2826 69
2826 2827 35
2827 2828 72
2828 2829 90
2829 2830 35
2830 2831 18
2831 2832 14
2832 2833 79
2833 2834 95
2834 2835 76
2835 2836 31
2836 2837 32
2837 2838 7
2838 2839 86
2839 2840 68
2840 2841 29
2841 2842 82
2842 2843 30
2843 2844 7
2844 2845 13
2845 2846 53
2846 2847 43
2847 2848 92
2848 2849 61
2849 2850 13
2850 2851 88
2851 2852 99
2852 2853 18
2853 2854 1
2854 2855 71
2855 2856 21
2856 2857 53
2857 2858 84
2858 2859 61
2859 2860 62
2860 2861 84
2861 2862 26
2862 2863 97
2863 2864 37
2864 2865 42
2865 2866 37
2866 2867 83
2867 2868 8
2868 2869 99
2869 2870 12
2870 2871 84
2871 2872 74
2872 2873 30
2873 2874 69
2874 2875 95
2875 2876 93
2876 2877 5
2877 2878 23
2878 2879 54
2879 2880 23
2880 2881 5
2881 2882 51
2882 2883 64
2883 2884 24
2884 2885 96
2885 2886 38
2886 2887 5
2887 2888 2
2888 2889 39
2889 2890 73
2890 2891 78
2891 2892 14
2892 2893 43
2893 2894 37
2894 2895 59
2895 2896 83
2896 2897 70
2897 2898 68
2898 2899 64
2899 2900 18
2900 2901 65
2901 2902 60
2902 2903 35
2903 2904 25
2904 2905 15
2905 2906 43
2906 2907 21
2907 2908 94
2908 2909 59
2909 2910 83
2910 2911 33
2911 2912 92
2912 2913 24
2913 2914 2
2914 2915 95
2915 2916 44
2916 2917 38
2917 2918 73
2918 2919 87
2919 2920 97
2920 2921 25
2921 2922 23
2922 2923 79
2923 2924 82
2924 2925 52
2925 2926 55
2926 2927 66
2927 2928 42
2928 2929 12
2929 2930 52
2930 2931 86
2931 2932 13
2932 2933 24
2933 2934 18
2934 2935 62
2935 2936 42
2936 2937 32
2937 2938 1
2938 2939 34
2939 2940 50
2940 2941 31
2941 2942 58
2942 2943 97
2943 2944 35
2944 2945 43
2945 2946 39
2946 2947 75
2947 2948 93
2948 2949 74
2949 2950 2
2950 2951 34
2951 2952 84
2952 2953 47
2953 2954 89
2954 2955 31
2955 2956 8
2956 2957 86
2957 2958 16
2958 2959 60
2959 2960 40
2960 2961 21
2961 2962 52
2962 2963 88
2963 2964 65
2964 2965 91
2965 2966 99
2966 2967 40
2967 2968 89
2968 2969 16
2969 2970 82
2970 2971 38
2971 2972 48
2972 2973 79
2973 2974 29
2974 2975 29
2975 2976 18
2976 2977 62
2977 2978 20
2978 2979 59
2979 2980 96
2980 2981 78
2981 2982 48
2982 2983 54
2983 2984 90
2984 2985 71
2985 2986 61
2986 2987 97
2987 2988 69
2988 2989 86
2989 2990 28
2990 2991 98
2991 2992 32
2992 2993 88
2993 2994 97
2994 2995 77
2995 2996 11
2996 2997 68
2997 2998 58
2998 2999 68
2999 3000 91
3000 3001 47
3001 3002 10
3002 3003 73
3003 3004 15
3004 3005 8
3005 3006 71
3006 3007 65
3007 3008 26
3008 3009 74
3009 3010 69
3010 3011 20
3011 3012 22
3012 3013 42
3013 3014 67
3014 3015 57
3015 3016 15
3016 3017 88
3017 3018 27
3018 3019 92
3019 3020 75
3020 3021 63
3021 3022 12
3022 3023 66
3023 3024 58
3024 3025 8
3025 3026 59
3026 3027 17
3027 3028 66
3028 3029 54
3029 3030 59
3030 3031 73
3031 3032 8
3032 3033 72
3033 3034 60
3034 3035 87
3035 3036 40
3036 3037 93
3037 3038 3
3038 3039 51
3039 3040 33
3040 3041 1
3041 3042 96
3042 3043 28
3043 3044 75
3044 3045 10
3045 3046 6
3046 3047 55
3047 3048 45
3048 3049 90
3049 3050 9
3050 3051 70
3051 3052 8
3052 3053 9
3053 3054 61
3054 3055 5
3055 3056 37
3056 3057 53
3057 3058 24
3058 3059 99
3059 3060 18
3060 3061 99
3061 3062 83
3062 3063 94
3063 3064 83
3064 3065 54
3065 3066 48
3066 3067 49
3067 3068 58
3068 3069 49
3069 3070 49
3070 3071 11
3071 3072 88
3072 3073 85
3073 3074 70
3074 3075 18
3075 3076 84
3076 3077 45
3077 3078 16
3078 3079 23
3079 3080 69
3080 3081 51
3081 3082 68
3082 3083 17
3083 3084 94
3084 3085 29
3085 3086 1
3086 3087 97
3087 3088 3
3088 3089 39
3089 3090 60
3090 3091 87
3091 3092 93
3092 3093 70
3093 3094 55
3094 3095 69
3095 3096 49
3096 3097 30
3097 3098 32
3098 3099 59
3099 3100 45
3100 3101 20
3101 3102 36
3102 3103 25
3103 3104 93
3104 3105 98
3105 3106 15
3106 3107 5
3107 3108 85
3108 3109 54
3109 3110 79
3110 3111 99
3111 3112 3
3112 3113 31
3113 3114 27
3114 3115 9
3115 3116 13
3116 3117 77
3117 3118 5
3118 3119 58
3119 3120 77
3120 3121 87
3121 3122 91
3122 3123 7
3123 3124 32
3124 3125 95
3125 3126 6
3126 3127 52
3127 3128 57
3128 3129 30
3129 3130 70
3130 3131 28
3131 3132 97
3132 3133 100
3133 3134 8
3134 3135 18
3135 3136 65
3136 3137 38
3137 3138 30
3138 3139 94
3139 3140 74
3140 3141 41
3141 3142 74
3142 3143 77
3143 3144 99
3144 3145 87
3145 3146 42
3146 3147 31
3147 3148 39
3148 3149 19
3149 3150 85
3150 3151 67
3151 3152 29
3152 3153 53
3153 3154 39
3154 3155 36
3155 3156 8
3156 3157 72
3157 3158 76
3158 3159 95
3159 3160 23
3160 3161 81
3161 3162 87
3162 3163 55
3163 3164 72
3164 3165 64
3165 3166 7
3166 3167 45
3167 3168 83
3168 3169 86
3169 3170 49
3170 3171 68
3171 3172 41
3172 3173 90
3173 3174 54
3174 3175 53
3175 3176 20
3176 3177 39
3177 3178 49
3178 3179 24
3179 3180 97
3180 3181 69
3181 3182 61
3182 3183 31
3183 3184 29
3184 3185 39
3185 3186 91
3186 3187 19
3187 3188 60
3188 3189 8
3189 3190 72
3190 3191 53
3191 3192 54
3192 3193 72
3193 3194 68
3194 3195 18
3195 3196 50
3196 3197 32
3197 3198 33
3198 3199 27
3199 3200 43
3200 3201 83
3201 3202 11
3202 3203 58
3203 3204 48
3204 3205 12
3205 3206 69
3206 3207 93
3207 3208 25
3208 3209 7
3209 3210 35
3210 3211 49
3211 3212 87
3212 3213 78
3213 3214 78
3214 3215 6
3215 3216 10
3216 3217 25
3217 3218 98
3218 3219 76
3219 3220 93
3220 3221 86
3221 3222 72
3222 3223 28
3223 3224 62
3224 3225 27
3225 3226 43
3226 3227 39
3227 3228 2
3228 3229 28
3229 3230 25
3230 3231 95
3231 3232 16
3232 3233 96
3233 3234 97
3234 3235 62
3235 3236 32
3236 3237 90
3237 3238 78
3238 3239 91
3239 3240 27
3240 3241 51
3241 3242 31
3242 3243 71
3243 3244 42
3244 3245 100
3245 3246 37
3246 3247 49
3247 3248 60
3248 3249 69
3249 3250 84
3250 3251 46
3251 3252 40
3252 3253 34
3253 3254 47
3254 3255 66
3255 3256 64
3256 3257 60
3257 3258 13
3258 3259 93
3259 3260 61
3260 3261 98
3261 3262 41
3262 3263 27
3263 3264 48
3264 3265 41
3265 3266 53
3266 3267 6
3267 3268 73
3268 3269 29
3269 3270 95
3270 3271 19
3271 3272 3
3272 3273 34
3273 3274 71
3274 3275 75
3275 3276 75
3276 3277 93
3277 3278 54
3278 3279 38
3279 3280 20
3280 3281 26
3281 3282 43
3282 3283 30
3283 3284 49
3284 3285 73
3285 3286 32
3286 3287 64
3287 3288 71
3288 3289 84
3289 3290 88
3290 3291 44
3291 3292 33
3292 3293 98
3293 3294 63
3294 3295 93
3295 3296 83
3296 3297 95
3297 3298 63
3298 3299 59
3299 3300 22
3300 3301 94
3301 3302 46
3302 3303 22
3303 3304 18
3304 3305 93
3305 3306 70
3306 3307 63
3307 3308 24
3308 3309 70
3309 3310 83
3310 3311 8
3311 3312 68
3312 3313 5
3313 3314 10
3314 3315 86
3315 3316 7
3316 3317 98
3317 3318 1
3318 3319 53
3319 3320 18
3320 3321 81
3321 3322 30
3322 3323 9
3323 3324 91
3324 3325 20
3325 3326 2
3326 3327 28
3327 3328 65
3328 3329 59
3329 3330 48
3330 3331 8
3331 3332 80
3332 3333 82
3333 3334 86
3334 3335 79
3335 3336 62
3336 3337 85
3337 3338 63
3338 3339 3
3339 3340 1
3340 3341 69
3341 3342 71
3342 3343 53
3343 3344 2
3344 3345 3
3345 3346 68
3346 3347 93
3347 3348 36
3348 3349 69
3349 3350 37
3350 3351 3
3351 3352 65
3352 3353 90
3353 3354 87
3354 3355 56
3355 3356 23
3356 3357 14
3357 3358 13
3358 3359 68
3359 3360 20
3360 3361 31
3361 3362 25
3362 3363 80
3363 3364 68
3364 3365 33
3365 3366 46
3366 3367 35
3367 3368 51
3368 3369 11
3369 3370 48
3370 3371 52
3371 3372 59
3372 3373 73
3373 3374 32
3374 3375 90
3375 3376 29
3376 3377 39
3377 3378 88
3378 3379 11
3379 3380 84
3380 3381 84
3381 3382 98
3382 3383 5
3383 3384 12
3384 3385 52
3385 3386 49
3386 3387 49
3387 3388 71
3388 3389 61
3389 3390 8
3390 3391 82
3391 3392 2
3392 3393 90
3393 3394 22
3394 3395 11
3395 3396 64
3396 3397 56
3397 3398 83
3398 3399 43
3399 3400 73
3400 3401 13
3401 3402 68
3402 3403 6
3403 3404 30
3404 3405 28
3405 3406 89
3406 3407 73
3407 3408 61
3408 3409 35
3409 3410 6
3410 3411 10
3411 3412 88
3412 3413 36
3413 3414 70
3414 3415 73
3415 3416 85
3416 3417 5
3417 3418 23
3418 3419 41
3419 3420 3
3420 3421 27
3421 3422 76
3422 3423 19
3423 3424 97
3424 3425 92
3425 3426 51
3426 3427 10
3427 3428 39
3428 3429 21
3429 3430 73
3430 3431 31
3431 3432 73
3432 3433 50
3433 3434 87
3434 3435 70
3435 3436 43
3436 3437 50
3437 3438 97
3438 3439 95
3439 3440 18
3440 3441 89
3441 3442 93
3442 3443 11
3443 3444 65
3444 3445 96
3445 3446 45
3446 3447 7
3447 3448 13
3448 3449 56
3449 3450 30
3450 3451 10
3451 3452 44
3452 3453 78
3453 3454 99
3454 3455 79
3455 3456 77
3456 3457 51
3457 3458 100
3458 3459 42
3459 3460 4
3460 3461 82
3461 3462 35
3462 3463 58
3463 3464 63
3464 3465 30
3465 3466 46
3466 3467 71
3467 3468 49
3468 3469 56
3469 3470 24
3470 3471 88
3471 3472 75
3472 3473 85
3473 3474 49
3474 3475 11
3475 3476 99
3476 3477 80
3477 3478 38
3478 3479 32
3479 3480 92
3480 3481 10
3481 3482 11
3482 3483 35
3483 3484 20
3484 3485 49
3485 3486 92
3486 3487 82
3487 3488 20
3488 3489 95
3489 3490 50
3490 3491 41
3491 3492 47
3492 3493 14
3493 3494 12
3494 3495 1
3495 3496 40
3496 3497 57
3497 3498 47
3498 3499 98
3499 3500 35
3500 3501 14
3501 3502 17
3502 3503 12
3503 3504 24
3504 3505 56
3505 3506 58
3506 3507 72
3507 3508 72
3508 3509 66
3509 3510 53
3510 3511 14
3511 3512 4
3512 3513 12
3513 3514 46
3514 3515 71
3515 3516 12
3516 3517 77
3517 3518 77
3518 3519 42
3519 3520 50
3520 3521 2
3521 3522 38
3522 3523 53
3523 3524 50
3524 3525 100
3525 3526 11
3526 3527 93
3527 3528 72
3528 3529 32
3529 3530 74
3530 3531 67
3531 3532 22
3532 3533 88
3533 3534 49
3534 3535 22
3535 3536 18
3536 3537 35
3537 3538 39
3538 3539 35
3539 3540 64
3540 3541 19
3541 3542 9
3542 3543 22
3543 3544 56
3544 3545 36
3545 3546 54
3546 3547 39
3547 3548 62
3548 3549 10
3549 3550 47
3550 3551 33
3551 3552 32
3552 3553 93
3553 3554 81
3554 3555 64
3555 3556 77
3556 3557 79
3557 3558 26
3558 3559 59
3559 3560 14
3560 3561 18
3561 3562 39
3562 3563 1
3563 3564 51
3564 3565 43
3565 3566 80
3566 3567 49
3567 3568 43
3568 3569 57
3569 3570 43
3570 3571 56
3571 3572 84
3572 3573 77
3573 3574 18
3574 3575 39
3575 3576 42
3576 3577 78
3577 3578 89
3578 3579 26
3579 3580 62
3580 3581 41
3581 3582 23
3582 3583 51
3583 3584 41
3584 3585 38
3585 3586 95
3586 3587 89
3587 3588 82
3588 3589 63
3589 3590 74
3590 3591 32
3591 3592 42
3592 3593 49
3593 3594 36
3594 3595 51
3595 3596 47
3596 3597 15
3597 3598 73
3598 3599 26
3599 3600 76
3600 3601 70
3601 3602 24
3602 3603 88
3603 3604 99
3604 3605 71
3605 3606 4
3606 3607 94
3607 3608 60
3608 3609 91
3609 3610 27
3610 3611 57
3611 3612 38
3612 3613 89
3613 3614 9
3614 3615 53
3615 3616 87
3616 3617 64
3617 3618 18
3618 3619 82
3619 3620 39
3620 3621 31
3621 3622 33
3622 3623 85
3623 3624 20
3624 3625 92
3625 3626 55
3626 3627 49
3627 3628 10
3628 3629 58
3629 3630 77
3630 3631 62
3631 3632 75
3632 3633 52
3633 3634 69
3634 3635 65
3635 3636 89
3636 3637 54
3637 3638 70
3638 3639 5
3639 3640 47
3640 3641 90
3641 3642 69
3642 3643 77
3643 3644 82
3644 3645 11
3645 3646 14
3646 3647 99
3647 3648 32
3648 3649 85
3649 3650 86
3650 3651 46
3651 3652 22
3652 3653 83
3653 3654 79
3654 3655 6
3655 3656 73
3656 3657 83
3657 3658 87
3658 3659 83
3659 3660 52
3660 3661 97
3661 3662 43
3662 3663 56
3663 3664 14
3664 3665 2
3665 3666 13
3666 3667 34
3667 3668 29
3668 3669 66
3669 3670 96
3670 3671 67
3671 3672 72
3672 3673 75
3673 3674 89
3674 3675 74
3675 3676 29
3676 3677 58
3677 3678 48
3678 3679 51
3679 3680 60
3680 3681 99
3681 3682 87
3682 3683 76
3683 3684 89
3684 3685 65
3685 3686 20
3686 3687 45
3687 3688 4
3688 3689 62
3689 3690 14
3690 3691 38
3691 3692 54
3692 3693 11
3693 3694 15
3694 3695 94
3695 3696 19
3696 3697 45
3697 3698 40
3698 3699 44
3699 3700 59
3700 3701 27
3701 3702 67
3702 3703 62
3703 3704 45
3704 3705 61
3705 3706 13
3706 3707 57
3707 3708 93
3708 3709 90
3709 3710 58
3710 3711 41
3711 3712 9
3712 3713 39
3713 3714 6
3714 3715 91
3715 3716 15
3716 3717 3
3717 3718 44
3718 3719 83
3719 3720 14
3720 3721 87
3721 3722 22
3722 3723 95
3723 3724 32
3724 3725 67
3725 3726 23
3726 3727 71
3727 3728 21
3728 3729 43
3729 3730 72
3730 3731 55
3731 3732 60
3732 3733 30
3733 3734 52
3734 3735 81
3735 3736 24
3736 3737 24
3737 3738 82
3738 3739 85
3739 3740 56
3740 3741 51
3741 3742 4
3742 3743 95
3743 3744 79
3744 3745 26
3745 3746 58
3746 3747 76
3747 3748 55
3748 3749 50
3749 3750 1
3750 3751 91
3751 3752 28
3752 3753 27
3753 3754 36
3754 3755 97
3755 3756 91
3756 3757 9
3757 3758 74
3758 3759 14
3759 3760 69
3760 3761 24
3761 3762 47
3762 3763 42
3763 3764 26
3764 3765 59
3765 3766 15
3766 3767 34
3767 3768 86
3768 3769 63
3769 3770 68
3770 3771 82
3771 3772 41
3772 3773 77
3773 3774 50
3774 3775 79
3775 3776 51
3776 3777 76
3777 3778 15
3778 3779 45
3779 3780 46
3780 3781 59
3781 3782 80
3782 3783 23
3783 3784 87
3784 3785 91
3785 3786 39
3786 3787 79
3787 3788 76
3788 3789 11
3789 3790 87
3790 3791 18
3791 3792 41
3792 3793 16
3793 3794 31
3794 3795 40
3795 3796 15
3796 3797 24
3797 3798 48
3798 3799 89
3799 3800 19
3800 3801 66
3801 3802 50
3802 3803 54
3803 3804 77
3804 3805 18
3805 3806 74
3806 3807 50
3807 3808 55
3808 3809 24
3809 3810 63
3810 3811 82
3811 3812 69
3812 3813 89
3813 3814 83
3814 3815 23
3815 3816 72
3816 3817 22
3817 3818 63
3818 3819 37
3819 3820 18
3820 3821 24
3821 3822 41
3822 3823 58
3823 3824 80
3824 3825 7
3825 3826 46
3826 3827 2
3827 3828 63
3828 3829 18
3829 3830 25
3830 3831 50
3831 3832 72
3832 3833 65
3833 3834 84
3834 3835 64
3835 3836 53
3836 3837 88
3837 3838 63
3838 3839 54
3839 3840 91
3840 3841 57
3841 3842 63
3842 3843 22
3843 3844 11
3844 3845 73
3845 3846 4
3846 3847 98
3847 3848 29
3848 3849 38
3849 3850 5
3850 3851 36
3851 3852 29
3852 3853 69
3853 3854 37
3854 3855 22
3855 3856 100
3856 3857 59
3857 3858 73
3858 3859 96
3859 3860 99
3860 3861 99
3861 3862 64
3862 3863 71
3863 3864 66
3864 3865 15
3865 3866 74
3866 3867 15
3867 3868 35
3868 3869 100
3869 3870 70
3870 3871 47
3871 3872 70
3872 3873 97
3873 3874 6
3874 3875 98
3875 3876 93
3876 3877 57
3877 3878 70
3878 3879 28
3879 3880 55
3880 3881 14
3881 3882 95
3882 3883 84
3883 3884 97
3884 3885 32
3885 3886 39
3886 3887 5
3887 3888 58
3888 3889 34
3889 3890 45
3890 3891 12
3891 3892 57
3892 3893 16
3893 3894 100
3894 3895 31
3895 3896 27
3896 3897 95
3897 3898 76
3898 3899 89
3899 3900 45
3900 3901 91
3901 3902 79
3902 3903 81
3903 3904 55
3904 3905 22
3905 3906 79
3906 3907 18
3907 3908 27
3908 3909 27
3909 3910 8
3910 3911 73
3911 3912 45
3912 3913 69
3913 3914 36
3914 3915 77
3915 3916 69
3916 3917 22
3917 3918 42
3918 3919 91
3919 3920 38
3920 3921 38
3921 3922 74
3922 3923 35
3923 3924 66
3924 3925 87
3925 3926 13
3926 3927 18
3927 3928 97
3928 3929 53
3929 3930 8
3930 3931 36
3931 3932 84
3932 3933 17
3933 3934 90
3934 3935 17
3935 3936 32
3936 3937 19
3937 3938 92
3938 3939 42
3939 3940 32
3940 3941 98
3941 3942 87
3942 3943 51
3943 3944 63
3944 3945 19
3945 3946 74
3946 3947 81
3947 3948 35
3948 3949 81
3949 3950 54
3950 3951 49
3951 3952 58
3952 3953 10
3953 3954 82
3954 3955 99
3955 3956 12
3956 3957 52
3957 3958 66
3958 3959 96
3959 3960 36
3960 3961 89
3961 3962 48
3962 3963 59
3963 3964 63
3964 3965 42
3965 3966 75
3966 3967 1
3967 3968 100
3968 3969 94
3969 3970 12
3970 3971 94
3971 3972 59
3972 3973 82
3973 3974 86
3974 3975 90
3975 3976 46
3976 3977 9
3977 3978 69
3978 3979 51
3979 3980 28
3980 3981 55
3981 3982 28
3982 3983 64
3983 3984 35
3984 3985 42
3985 3986 37
3986 3987 44
3987 3988 71
3988 3989 74
3989 3990 17
3990 3991 73
3991 3992 63
3992 3993 44
3993 3994 88
3994 3995 98
3995 3996 7
3996 3997 6
3997 3998 13
3998 3999 81
3999 4000 59
4000 4001 3
4001 4002 16
4002 4003 21
4003 4004 57
4004 4005 59
4005 4006 1
4006 4007 55
4007 4008 26
4008 4009 89
4009 4010 17
4010 4011 84
4011 4012 39
4012 4013 21
4013 4014 36
4014 4015 12
4015 4016 84
4016 4017 47
4017 4018 33
4018 4019 11
4019 4020 48
4020 4021 86
4021 4022 84
4022 4023 22
4023 4024 7
4024 4025 51
4025 4026 81
4026 4027 40
4027 4028 93
4028 4029 90
4029 4030 97
4030 4031 30
4031 4032 55
4032 4033 84
4033 4034 12
4034 4035 91
4035 4036 13
4036 4037 1
4037 4038 28
4038 4039 62
4039 4040 10
4040 4041 17
4041 4042 76
4042 4043 29
4043 4044 67
4044 4045 88
4045 4046 57
4046 4047 2
4047 4048 2
4048 4049 90
4049 4050 44
4050 4051 16
4051 4052 55
4052 4053 89
4053 4054 17
4054 4055 62
4055 4056 10
4056 4057 30
4057 4058 50
4058 4059 12
4059 4060 94
4060 4061 14
4061 4062 14
4062 4063 41
4063 4064 48
4064 4065 39
4065 4066 18
4066 4067 49
4067 4068 100
4068 4069 97
4069 4070 18
4070 4071 83
4071 4072 87
4072 4073 19
4073 4074 9
4074 4075 68
4075 4076 73
4076 4077 2
4077 4078 79
4078 4079 84
4079 4080 22
4080 4081 57
4081 4082 45
4082 4083 93
4083 4084 28
4084 4085 81
4085 4086 96
4086 4087 20
4087 4088 53
4088 4089 79
4089 4090 88
4090 4091 57
4091 4092 28
4092 4093 12
4093 4094 13
4094 4095 18
4095 4096 97
4096 4097 16
4097 4098 76
4098 4099 94
4099 4100 50
4100 4101 45
4101 4102 55
4102 4103 41
4103 4104 18
4104 4105 32
4105 4106 36
4106 4107 83
4107 4108 11
4108 4109 32
4109 4110 71
4110 4111 77
4111 4112 77
4112 4113 93
4113 4114 78
4114 4115 37
4115 4116 100
4116 4117 89
4117 4118 4
4118 4119 85
4119 4120 39
4120 4121 27
4121 4122 67
4122 4123 78
4123 4124 66
4124 4125 25
4125 4126 96
4126 4127 51
4127 4128 38
4128 4129 83
4129 4130 7
4130 4131 31
4131 4132 64
4132 4133 50
4133 4134 15
4134 4135 31
4135 4136 64
4136 4137 82
4137 4138 77
4138 4139 10
4139 4140 68
4140 4141 2
4141 4142 47
4142 4143 41
4143 4144 17
4144 4145 50
4145 4146 73
4146 4147 54
4147 4148 47
4148 4149 70
4149 4150 88
4150 4151 23
4151 4152 98
4152 4153 61
4153 4154 99
4154 4155 10
4155 4156 3
4156 4157 76
4157 4158 9
4158 4159 2
4159 4160 34
4160 4161 28
4161 4162 6
4162 4163 8
4163 4164 51
4164 4165 65
4165 4166 37
4166 4167 81
4167 4168 92
4168 4169 65
4169 4170 99
4170 4171 54
4171 4172 55
4172 4173 90
4173 4174 52
4174 4175 11
4175 4176 82
4176 4177 69
4177 4178 69
4178 4179 79
4179 4180 20
4180 4181 36
4181 4182 11
4182 4183 40
4183 4184 11
4184 4185 66
4185 4186 27
4186 4187 20
4187 4188 69
4188 4189 42
4189 4190 51
4190 4191 76
4191 4192 82
4192 4193 98
4193 4194 84
4194 4195 88
4195 4196 83
4196 4197 9
4197 4198 40
4198 4199 90
4199 4200 56
4200 4201 94
4201 4202 31
4202 4203 8
4203 4204 32
4204 4205 12
4205 4206 56
4206 4207 15
4207 4208 59
4208 4209 79
4209 4210 78
4210 4211 8
4211 4212 40
4212 4213 86
4213 4214 95
4214 4215 85
4215 4216 95
4216 4217 23
4217 4218 16
4218 4219 2
4219 4220 91
4220 4221 18
4221 4222 90
4222 4223 2
4223 4224 21
4224 4225 64
4225 4226 45
4226 4227 67
4227 4228 67
4228 4229 93
4229 4230 34
4230 4231 22
4231 4232 48
4232 4233 17
4233 4234 96
4234 4235 100
4235 4236 35
4236 4237 94
4237 4238 16
4238 4239 99
4239 4240 4
4240 4241 43
4241 4242 55
4242 4243 35
4243 4244 68
4244 4245 9
4245 4246 34
4246 4247 92
4247 4248 74
4248 4249 81
4249 4250 10
4250 4251 64
4251 4252 59
4252 4253 66
4253 4254 47
4254 4255 8
4255 4256 64
4256 4257 73
4257 4258 22
4258 4259 48
4259 4260 21
4260 4261 33
4261 4262 99
4262 4263 14
4263 4264 74
4264 4265 87
4265 4266 93
4266 4267 15
4267 4268 30
4268 4269 95
4269 4270 66
4270 4271 1
4271 4272 6
4272 4273 2
4273 4274 32
4274 4275 6
4275 4276 61
4276 4277 47
4277 4278 50
4278 4279 20
4279 4280 23
4280 4281 5
4281 4282 71
4282 4283 92
4283 4284 95
4284 4285 84
4285 4286 54
4286 4287 29
4287 4288 42
4288 4289 32
4289 4290 54
4290 4291 93
4291 4292 41
4292 4293 35
4293 4294 10
4294 4295 74
4295 4296 48
4296 4297 16
4297 4298 65
4298 4299 87
4299 4300 7
4300 4301 23
4301 4302 29
4302 4303 67
4303 4304 6
4304 4305 52
4305 4306 9
4306 4307 60
4307 4308 37
4308 4309 100
4309 4310 40
4310 4311 42
4311 4312 12
4312 4313 71
4313 4314 59
4314 4315 2
4315 4316 48
4316 4317 26
4317 4318 38
4318 4319 73
4319 4320 39
4320 4321 95
4321 4322 80
4322 4323 32
4323 4324 60
4324 4325 48
4325 4326 76
4326 4327 64
4327 4328 99
4328 4329 100
4329 4330 26
4330 4331 94
4331 4332 70
4332 4333 98
4333 4334 32
4334 4335 20
4335 4336 1
4336 4337 53
4337 4338 4
4338 4339 30
4339 4340 70
4340 4341 45
4341 4342 82
4342 4343 89
4343 4344 2
4344 4345 43
4345 4346 1
4346 4347 98
4347 4348 85
4348 4349 49
4349 4350 95
4350 4351 94
4351 4352 40
4352 4353 14
4353 4354 27
4354 4355 68
4355 4356 31
4356 4357 54
4357 4358 63
4358 4359 8
4359 4360 19
4360 4361 92
4361 4362 36
4362 4363 12
4363 4364 6
4364 4365 30
4365 4366 67
4366 4367 53
4367 4368 90
4368 4369 48
4369 4370 59
4370 4371 96
4371 4372 11
4372 4373 75
4373 4374 13
4374 4375 65
4375 4376 18
4376 4377 82
4377 4378 51
4378 4379 10
4379 4380 76
4380 4381 73
4381 4382 8
4382 4383 56
4383 4384 85
4384 4385 17
4385 4386 31
4386 4387 38
4387 4388 34
4388 4389 41
4389 4390 51
4390 4391 90
4391 4392 95
4392 4393 42
4393 4394 41
4394 4395 58
4395 4396 35
4396 4397 30
4397 4398 10
4398 4399 26
4399 4400 18
4400 4401 100
4401 4402 99
4402 4403 75
4403 4404 14
4404 4405 20
4405 4406 14
4406 4407 22
4407 4408 58
4408 4409 60
4409 4410 41
4410 4411 53
4411 4412 16
4412 4413 69
4413 4414 46
4414 4415 99
4415 4416 27
4416 4417 58
4417 4418 40
4418 4419 60
4419 4420 34
4420 4421 16
4421 4422 12
4422 4423 21
4423 4424 88
4424 4425 39
4425 4426 91
4426 4427 90
4427 4428 78
4428 4429 6
4429 4430 28
4430 4431 42
4431 4432 19
4432 4433 12
4433 4434 92
4434 4435 32
4435 4436 46
4436 4437 51
4437 4438 66
4438 4439 7
4439 4440 87
4440 4441 39
4441 4442 34
4442 4443 23
4443 4444 4
4444 4445 52
4445 4446 58
4446 4447 72
4447 4448 96
4448 4449 71
4449 4450 32
4450 4451 13
4451 4452 60
4452 4453 14
4453 4454 18
4454 4455 16
4455 4456 2
4456 4457 8
4457 4458 100
4458 4459 29
4459 4460 17
4460 4461 26
4461 4462 52
4462 4463 48
4463 4464 88
4464 4465 81
4465 4466 83
4466 4467 11
4467 4468 75
4468 4469 76
4469 4470 34
4470 4471 10
4471 4472 3
4472 4473 9
4473 4474 26
4474 4475 83
4475 4476 57
4476 4477 17
4477 4478 12
4478 4479 43
4479 4480 16
4480 4481 6
4481 4482 60
4482 4483 7
4483 4484 22
4484 4485 74
4485 4486 56
4486 4487 93
4487 4488 51
4488 4489 64
4489 4490 4
4490 4491 49
4491 4492 88
4492 4493 55
4493 4494 23
4494 4495 46
4495 4496 28
4496 4497 24
4497 4498 36
4498 4499 36
4499 4500 58
4500 4501 20
4501 4502 5
4502 4503 79
4503 4504 80
4504 4505 79
4505 4506 32
4506 4507 83
4507 4508 38
4508 4509 64
4509 4510 53
4510 4511 71
4511 4512 62
4512 4513 8
4513 4514 12
4514 4515 36
4515 4516 50
4516 4517 18
4517 4518 54
4518 4519 26
4519 4520 83
4520 4521 68
4521 4522 32
4522 4523 81
4523 4524 70
4524 4525 3
4525 4526 49
4526 4527 92
4527 4528 46
4528 4529 62
4529 4530 70
4530 4531 63
4531 4532 45
4532 4533 73
4533 4534 65
4534 4535 42
4535 4536 50
4536 4537 35
4537 4538 24
4538 4539 4
4539 4540 41
4540 4541 77
4541 4542 29
4542 4543 4
4543 4544 100
4544 4545 36
4545 4546 8
4546 4547 61
4547 4548 68
4548 4549 46
4549 4550 99
4550 4551 75
4551 4552 30
4552 4553 21
4553 4554 13
4554 4555 32
4555 4556 85
4556 4557 31
4557 4558 35
4558 4559 69
4559 4560 95
4560 4561 8
4561 4562 98
4562 4563 29
4563 4564 74
4564 4565 50
4565 4566 46
4566 4567 23
4567 4568 23
4568 4569 31
4569 4570 76
4570 4571 41
4571 4572 95
4572 4573 90
4573 4574 46
4574 4575 76
4575 4576 4
4576 4577 91
4577 4578 90
4578 4579 46
4579 4580 73
4580 4581 73
4581 4582 19
4582 4583 73
4583 4584 25
4584 4585 64
4585 4586 70
4586 4587 40
4587 4588 23
4588 4589 63
4589 4590 5
4590 4591 12
4591 4592 8
4592 4593 30
4593 4594 78
4594 4595 29
4595 4596 3
4596 4597 68
4597 4598 62
4598 4599 1
4599 4600 43
4600 4601 79
4601 4602 26
4602 4603 17
4603 4604 44
4604 4605 92
4605 4606 23
4606 4607 42
4607 4608 8
4608 4609 3
4609 4610 19
4610 4611 76
4611 4612 91
4612 4613 19
4613 4614 100
4614 4615 15
4615 4616 68
4616 4617 47
4617 4618 10
4618 4619 48
4619 4620 91
4620 4621 85
4621 4622 51
4622 4623 76
4623 4624 13
4624 4625 44
4625 4626 39
4626 4627 42
4627 4628 18
4628 4629 21
4629 4630 94
4630 4631 56
4631 4632 82
4632 4633 63
4633 4634 84
4634 4635 41
4635 4636 23
4636 4637 91
4637 4638 72
4638 4639 89
4639 4640 79
4640 4641 46
4641 4642 29
4642 4643 86
4643 4644 76
4644 4645 23
4645 4646 49
4646 4647 40
4647 4648 94
4648 4649 89
4649 4650 38
4650 4651 17
4651 4652 23
4652 4653 94
4653 4654 1
4654 4655 90
4655 4656 74
4656 4657 51
4657 4658 99
4658 4659 73
4659 4660 5
4660 4661 24
4661 4662 78
4662 4663 41
4663 4664 79
4664 4665 29
4665 4666 82
4666 4667 73
4667 4668 14
4668 4669 64
4669 4670 19
4670 4671 43
4671 4672 96
4672 4673 10
4673 4674 31
4674 4675 45
4675 4676 41
4676 4677 22
4677 4678 82
4678 4679 12
4679 4680 91
4680 4681 86
4681 4682 82
4682 4683 94
4683 4684 43
4684 4685 58
4685 4686 2
4686 4687 34
4687 4688 27
4688 4689 32
4689 4690 89
4690 4691 9
4691 4692 45
4692 4693 33
4693 4694 14
4694 4695 93
4695 4696 1
4696 4697 7
4697 4698 50
4698 4699 57
4699 4700 94
4700 4701 54
4701 4702 22
4702 4703 53
4703 4704 64
4704 4705 49
4705 4706 45
4706 4707 70
4707 4708 49
4708 4709 13
4709 4710 62
4710 4711 74
4711 4712 84
4712 4713 98
4713 4714 88
4714 4715 29
4715 4716 21
4716 4717 58
4717 4718 10
4718 4719 5
4719 4720 38
4720 4721 3
4721 4722 41
4722 4723 34
4723 4724 14
4724 4725 10
4725 4726 44
4726 4727 22
4727 4728 49
4728 4729 21
4729 4730 94
4730 4731 10
4731 4732 71
4732 4733 12
4733 4734 44
4734 4735 77
4735 4736 79
4736 4737 62
4737 4738 91
4738 4739 4
4739 4740 56
4740 4741 84
4741 4742 22
4742 4743 78
4743 4744 56
4744 4745 21
4745 4746 7
4746 4747 13
4747 4748 43
4748 4749 27
4749 4750 25
4750 4751 53
4751 4752 90
4752 4753 71
4753 4754 93
4754 4755 94
4755 4756 70
4756 4757 34
4757 4758 85
4758 4759 37
4759 4760 39
4760 4761 31
4761 4762 13
4762 4763 7
4763 4764 51
4764 4765 74
4765 4766 71
4766 4767 63
4767 4768 20
4768 4769 7
4769 4770 47
4770 4771 1
4771 4772 55
4772 4773 12
4773 4774 38
4774 4775 85
4775 4776 81
4776 4777 77
4777 4778 62
4778 4779 26
4779 4780 13
4780 4781 4
4781 4782 27
4782 4783 22
4783 4784 82
4784 4785 38
4785 4786 11
4786 4787 61
4787 4788 15
4788 4789 40
4789 4790 51
4790 4791 61
4791 4792 63
4792 4793 85
4793 4794 34
4794 4795 12
4795 4796 83
4796 4797 70
4797 4798 50
4798 4799 24
4799 4800 48
4800 4801 49
4801 4802 48
4802 4803 24
4803 4804 58
4804 4805 6
4805 4806 34
4806 4807 57
4807 4808 60
4808 4809 34
4809 4810 29
4810 4811 35
4811 4812 73
4812 4813 8
4813 4814 20
4814 4815 97
4815 4816 90
4816 4817 86
4817 4818 13
4818 4819 11
4819 4820 86
4820 4821 45
4821 4822 70
4822 4823 53
4823 4824 97
4824 4825 76
4825 4826 30
4826 4827 71
4827 4828 8
4828 4829 50
4829 4830 67
4830 4831 54
4831 4832 69
4832 4833 88
4833 4834 61
4834 4835 74
4835 4836 31
4836 4837 61
4837 4838 39
4838 4839 11
4839 4840 51
4840 4841 92
4841 4842 5
4842 4843 65
4843 4844 74
4844 4845 67
4845 4846 74
4846 4847 87
4847 4848 80
4848 4849 19
4849 4850 16
4850 4851 97
4851 4852 58
4852 4853 23
4853 4854 22
4854 4855 28
4855 4856 25
4856 4857 17
4857 4858 6
4858 4859 55
4859 4860 11
4860 4861 88
4861 4862 56
4862 4863 26
4863 4864 81
4864 4865 19
4865 4866 77
4866 4867 34
4867 4868 41
4868 4869 94
4869 4870 9
4870 4871 12
4871 4872 50
4872 4873 72
4873 4874 51
4874 4875 71
4875 4876 42
4876 4877 36
4877 4878 67
4878 4879 59
4879 4880 2
4880 4881 90
4881 4882 80
4882 4883 76
4883 4884 67
4884 4885 54
4885 4886 15
4886 4887 54
4887 4888 20
4888 4889 19
4889 4890 73
4890 4891 76
4891 4892 75
4892 4893 98
4893 4894 13
4894 4895 14
4895 4896 73
4896 4897 100
4897 4898 13
4898 4899 37
4899 4900 69
4900 4901 45
4901 4902 53
4902 4903 34
4903 4904 50
4904 4905 84
4905 4906 63
4906 4907 74
4907 4908 78
4908 4909 61
4909 4910 5
4910 4911 23
4911 4912 36
4912 4913 52
4913 4914 19
4914 4915 80
4915 4916 78
4916 4917 88
4917 4918 89
4918 4919 52
4919 4920 5
4920 4921 51
4921 4922 43
4922 4923 89
4923 4924 31
4924 4925 7
4925 4926 96
4926 4927 61
4927 4928 35
4928 4929 48
4929 4930 3
4930 4931 44
4931 4932 39
4932 4933 40
4933 4934 36
4934 4935 63
4935 4936 90
4936 4937 88
4937 4938 13
4938 4939 30
4939 4940 18
4940 4941 39
4941 4942 96
4942 4943 57
4943 4944 100
4944 4945 42
4945 4946 35
4946 4947 94
4947 4948 54
4948 4949 78
4949 4950 83
4950 4951 12
4951 4952 25
4952 4953 57
4953 4954 28
4954 4955 53
4955 4956 95
4956 4957 63
4957 4958 98
4958 4959 67
4959 4960 48
4960 4961 8
4961 4962 66
4962 4963 21
4963 4964 9
4964 4965 40
4965 4966 91
4966 4967 65
4967 4968 52
4968 4969 18
4969 4970 100
4970 4971 68
4971 4972 73
4972 4973 4
4973 4974 23
4974 4975 25
4975 4976 26
4976 4977 8
4977 4978 32
4978 4979 5
4979 4980 59
4980 4981 7
4981 4982 47
4982 4983 91
4983 4984 26
4984 4985 36
4985 4986 48
4986 4987 60
4987 4988 65
4988 4989 51
4989 4990 82
4990 4991 16
4991 4992 88
4992 4993 4
4993 4994 31
4994 4995 48
4995 4996 63
4996 4997 77
4997 4998 58
4998 4999 23
4999 5000 61
5000 5001 76
5001 5002 71
5002 5003 45
5003 5004 45
5004 5005 21
5005 5006 34
5006 5007 96
5007 5008 89
5008 5009 12
5009 5010 37
5010 5011 4
5011 5012 50
5012 5013 7
5013 5014 21
5014 5015 74
5015 5016 100
5016 5017 28
5017 5018 29
5018 5019 83
5019 5020 29
5020 5021 87
5021 5022 27
5022 5023 35
5023 5024 84
5024 5025 53
5025 5026 66
5026 5027 3
5027 5028 100
5028 5029 99
5029 5030 88
5030 5031 2
5031 5032 61
5032 5033 17
5033 5034 83
5034 5035 23
5035 5036 77
5036 5037 2
5037 5038 29
5038 5039 33
5039 5040 78
5040 5041 40
5041 5042 92
5042 5043 91
5043 5044 83
5044 5045 36
5045 5046 55
5046 5047 49
5047 5048 45
5048 5049 59
5049 5050 33
5050 5051 28
5051 5052 60
5052 5053 39
5053 5054 87
5054 5055 67
5055 5056 80
5056 5057 51
5057 5058 75
5058 5059 14
5059 5060 1
5060 5061 66
5061 5062 85
5062 5063 48
5063 5064 72
5064 5065 83
5065 5066 77
5066 5067 78
5067 5068 37
5068 5069 39
5069 5070 88
5070 5071 14
5071 5072 62
5072 5073 9
5073 5074 44
5074 5075 36
5075 5076 82
5076 5077 42
5077 5078 36
5078 5079 34
5079 5080 84
5080 5081 92
5081 5082 84
5082 5083 39
5083 5084 25
5084 5085 20
5085 5086 67
5086 5087 98
5087 5088 31
5088 5089 8
5089 5090 77
5090 5091 52
5091 5092 85
5092 5093 41
5093 5094 88
5094 5095 18
5095 5096 93
5096 5097 4
5097 5098 84
5098 5099 64
5099 5100 38
5100 5101 34
5101 5102 54
5102 5103 52
5103 5104 50
5104 5105 95
5105 5106 5
5106 5107 75
5107 5108 91
5108 5109 74
5109 5110 25
5110 5111 44
5111 5112 93
5112 5113 92
5113 5114 29
5114 5115 88
5115 5116 69
5116 5117 82
5117 5118 61
5118 5119 86
5119 5120 46
5120 5121 65
5121 5122 39
5122 5123 22
5123 5124 85
5124 5125 72
5125 5126 24
5126 5127 38
5127 5128 13
5128 5129 61
5129 5130 17
5130 5131 95
5131 5132 34
5132 5133 93
5133 5134 72
5134 5135 98
5135 5136 24
5136 5137 88
5137 5138 43
5138 5139 84
5139 5140 12
5140 5141 29
5141 5142 46
5142 5143 29
5143 5144 96
5144 5145 40
5145 5146 54
5146 5147 43
5147 5148 48
5148 5149 34
5149 5150 75
5150 5151 38
5151 5152 60
5152 5153 16
5153 5154 61
5154 5155 7
5155 5156 82
5156 5157 75
5157 5158 75
5158 5159 80
5159 5160 10
5160 5161 61
5161 5162 25
5162 5163 65
5163 5164 16
5164 5165 88
5165 5166 49
5166 5167 68
5167 5168 39
5168 5169 53
5169 5170 7
5170 5171 20
5171 5172 18
5172 5173 26
5173 5174 44
5174 5175 53
5175 5176 73
5176 5177 59
5177 5178 19
5178 5179 41
5179 5180 92
5180 5181 24
5181 5182 100
5182 5183 11
5183 5184 63
5184 5185 43
5185 5186 81
5186 5187 23
5187 5188 41
5188 5189 82
5189 5190 8
5190 5191 1
5191 5192 58
5192 5193 36
5193 5194 27
5194 5195 98
5195 5196 100
5196 5197 22
5197 5198 74
5198 5199 98
5199 5200 21
5200 5201 63
5201 5202 98
5202 5203 100
5203 5204 12
5204 5205 17
5205 5206 79
5206 5207 56
5207 5208 82
5208 5209 55
5209 5210 52
5210 5211 55
5211 5212 62
5212 5213 50
5213 5214 1
5214 5215 5
5215 5216 69
5216 5217 26
5217 5218 94
5218 5219 48
5219 5220 2
5220 5221 42
5221 5222 97
5222 5223 68
5223 5224 25
5224 5225 3
5225 5226 87
5226 5227 1
5227 5228 81
5228 5229 94
5229 5230 32
5230 5231 29
5231 5232 89
5232 5233 45
5233 5234 40
5234 5235 17
5235 5236 14
5236 5237 50
5237 5238 65
5238 5239 76
5239 5240 40
5240 5241 22
5241 5242 9
5242 5243 6
5243 5244 39
5244 5245 38
5245 5246 59
5246 5247 94
5247 5248 67
5248 5249 77
5249 5250 68
5250 5251 44
5251 5252 56
5252 5253 88
5253 5254 18
5254 5255 44
5255 5256 63
5256 5257 46
5257 5258 97
5258 5259 25
5259 5260 22
5260 5261 52
5261 5262 3
5262 5263 30
5263 5264 29
5264 5265 94
5265 5266 17
5266 5267 28
5267 5268 94
5268 5269 3
5269 5270 76
5270 5271 65
5271 5272 22
5272 5273 16
5273 5274 47
5274 5275 92
5275 5276 84
5276 5277 5
5277 5278 49
5278 5279 82
5279 5280 33
5280 5281 99
5281 5282 69
5282 5283 80
5283 5284 7
5284 5285 77
5285 5286 7
5286 5287 85
5287 5288 14
5288 5289 84
5289 5290 3
5290 5291 7
5291 5292 89
5292 5293 15
5293 5294 54
5294 5295 57
5295 5296 49
5296 5297 16
5297 5298 71
5298 5299 33
5299 5300 61
5300 5301 90
5301 5302 20
5302 5303 27
5303 5304 89
5304 5305 88
5305 5306 81
5306 5307 2
5307 5308 39
5308 5309 54
5309 5310 85
5310 5311 13
5311 5312 85
5312 5313 67
5313 5314 35
5314 5315 80
5315 5316 78
5316 5317 90
5317 5318 18
5318 5319 54
5319 5320 14
5320 5321 66
5321 5322 93
5322 5323 80
5323 5324 16
5324 5325 37
5325 5326 15
5326 5327 14
5327 5328 64
5328 5329 26
5329 5330 78
5330 5331 26
5331 5332 100
5332 5333 34
5333 5334 67
5334 5335 26
5335 5336 46
5336 5337 91
5337 5338 53
5338 5339 38
5339 5340 21
5340 5341 6
5341 5342 71
5342 5343 64
5343 5344 27
5344 5345 89
5345 5346 62
5346 5347 43
5347 5348 31
5348 5349 1
5349 5350 2
5350 5351 86
5351 5352 12
5352 5353 15
5353 5354 74
5354 5355 86
5355 5356 64
5356 5357 20
5357 5358 12
5358 5359 100
5359 5360 66
5360 5361 10
5361 5362 93
5362 5363 93
5363 5364 13
5364 5365 33
5365 5366 83
5366 5367 30
5367 5368 59
5368 5369 38
5369 5370 34
5370 5371 60
5371 5372 7
5372 5373 13
5373 5374 23
5374 5375 6
5375 5376 38
5376 5377 47
5377 5378 87
5378 5379 41
5379 5380 55
5380 5381 95
5381 5382 15
5382 5383 13
5383 5384 98
5384 5385 6
5385 5386 2
5386 5387 18
5387 5388 85
5388 5389 83
5389 5390 22
5390 5391 43
5391 5392 46
5392 5393 57
5393 5394 80
5394 5395 35
5395 5396 94
5396 5397 12
5397 5398 48
5398 5399 44
5399 5400 24
5400 5401 15
5401 5402 52
5402 5403 52
5403 5404 59
5404 5405 35
5405 5406 50
5406 5407 89
5407 5408 62
5408 5409 54
5409 5410 84
5410 5411 22
5411 5412 15
5412 5413 17
5413 5414 90
5414 5415 93
5415 5416 8
5416 5417 21
5417 5418 14
5418 5419 54
5419 5420 76
5420 5421 62
5421 5422 73
5422 5423 87
5423 5424 57
5424 5425 24
5425 5426 79
5426 5427 49
5427 5428 100
5428 5429 46
5429 5430 79
5430 5431 4
5431 5432 88
5432 5433 94
5433 5434 17
5434 5435 62
5435 5436 63
5436 5437 15
5437 5438 53
5438 5439 57
5439 5440 6
5440 5441 9
5441 5442 34
5442 5443 84
5443 5444 41
5444 5445 2
5445 5446 91
5446 5447 87
5447 5448 68
5448 5449 99
5449 5450 96
5450 5451 74
5451 5452 93
5452 5453 73
5453 5454 29
5454 5455 86
5455 5456 44
5456 5457 67
5457 5458 67
5458 5459 89
5459 5460 90
5460 5461 80
5461 5462 13
5462 5463 56
5463 5464 85
5464 5465 94
5465 5466 32
5466 5467 62
5467 5468 45
5468 5469 85
5469 5470 87
5470 5471 83
5471 5472 50
5472 5473 20
5473 5474 72
5474 5475 79
5475 5476 7
5476 5477 2
5477 5478 83
5478 5479 21
5479 5480 65
5480 5481 61
5481 5482 64
5482 5483 22
5483 5484 10
5484 5485 97
5485 5486 63
5486 5487 42
5487 5488 31
5488 5489 43
5489 5490 36
5490 5491 7
5491 5492 65
5492 5493 29
5493 5494 71
5494 5495 83
5495 5496 49
5496 5497 52
5497 5498 31
5498 5499 11
5499 5500 59
5500 5501 57
5501 5502 74
5502 5503 58
5503 5504 12
5504 5505 64
5505 5506 58
5506 5507 41
5507 5508 16
5508 5509 64
5509 5510 96
5510 5511 84
5511 5512 3
5512 5513 14
5513 5514 52
5514 5515 53
5515 5516 5
5516 5517 72
5517 5518 71
5518 5519 1
5519 5520 12
5520 5521 78
5521 5522 80
5522 5523 82
5523 5524 39
5524 5525 66
5525 5526 72
5526 5527 27
5527 5528 84
5528 5529 86
5529 5530 59
5530 5531 44
5531 5532 47
5532 5533 7
5533 5534 29
5534 5535 59
5535 5536 43
5536 5537 72
5537 5538 99
5538 5539 80
5539 5540 77
5540 5541 61
5541 5542 92
5542 5543 85
5543 5544 47
5544 5545 92
5545 5546 58
5546 5547 15
5547 5548 13
5548 5549 98
5549 5550 85
5550 5551 29
5551 5552 1
5552 5553 44
5553 5554 46
5554 5555 82
5555 5556 38
5556 5557 71
5557 5558 67
5558 5559 48
5559 5560 90
5560 5561 14
5561 5562 6
5562 5563 22
5563 5564 64
5564 5565 18
5565 5566 92
5566 5567 96
5567 5568 93
5568 5569 53
5569 5570 14
5570 5571 33
5571 5572 79
5572 5573 26
5573 5574 25
5574 5575 16
5575 5576 51
5576 5577 28
5577 5578 59
5578 5579 25
5579 5580 92
5580 5581 44
5581 5582 14
5582 5583 97
5583 5584 54
5584 5585 6
5585 5586 82
5586 5587 87
5587 5588 76
5588 5589 16
5589 5590 99
5590 5591 58
5591 5592 59
5592 5593 85
5593 5594 76
5594 5595 65
5595 5596 18
5596 5597 64
5597 5598 1
5598 5599 68
5599 5600 95
5600 5601 7
5601 5602 71
5602 5603 56
5603 5604 75
5604 5605 62
5605 5606 66
5606 5607 100
5607 5608 23
5608 5609 89
5609 5610 75
5610 5611 23
5611 5612 94
5612 5613 17
5613 5614 14
5614 5615 50
5615 5616 85
5616 5617 77
5617 5618 78
5618 5619 42
5619 5620 65
5620 5621 50
5621 5622 54
5622 5623 78
5623 5624 89
5624 5625 98
5625 5626 32
5626 5627 36
5627 5628 51
5628 5629 44
5629 5630 38
5630 5631 58
5631 5632 18
5632 5633 18
5633 5634 53
5634 5635 78
5635 5636 90
5636 5637 96
5637 5638 66
5638 5639 39
5639 5640 90
5640 5641 71
5641 5642 41
5642 5643 92
5643 5644 95
5644 5645 71
5645 5646 81
5646 5647 28
5647 5648 26
5648 5649 27
5649 5650 80
5650 5651 92
5651 5652 38
5652 5653 88
5653 5654 45
5654 5655 87
5655 5656 17
5656 5657 91
5657 5658 84
5658 5659 23
5659 5660 65
5660 5661 70
5661 5662 89
5662 5663 82
5663 5664 42
5664 5665 91
5665 5666 15
5666 5667 98
5667 5668 46
5668 5669 72
5669 5670 62
5670 5671 75
5671 5672 74
5672 5673 86
5673 5674 91
5674 5675 54
5675 5676 87
5676 5677 96
5677 5678 69
5678 5679 37
5679 5680 55
5680 5681 2
5681 5682 67
5682 5683 14
5683 5684 4
5684 5685 49
5685 5686 19
5686 5687 7
5687 5688 86
5688 5689 8
5689 5690 26
5690 5691 35
5691 5692 97
5692 5693 21
5693 5694 37
5694 5695 88
5695 5696 33
5696 5697 19
5697 5698 8
5698 5699 89
5699 5700 38
5700 5701 27
5701 5702 97
5702 5703 70
5703 5704 5
5704 5705 46
5705 5706 58
5706 5707 14
5707 5708 79
5708 5709 87
5709 5710 95
5710 5711 72
5711 5712 29
5712 5713 96
5713 5714 83
5714 5715 72
5715 5716 50
5716 5717 31
5717 5718 66
5718 5719 90
5719 5720 37
5720 5721 89
5721 5722 86
5722 5723 7
5723 5724 49
5724 5725 50
5725 5726 54
5726 5727 88
5727 5728 41
5728 5729 71
5729 5730 7
5730 5731 2
5731 5732 96
5732 5733 33
5733 5734 26
5734 5735 80
5735 5736 100
5736 5737 57
5737 5738 29
5738 5739 82
5739 5740 91
5740 5741 91
5741 5742 83
5742 5743 48
5743 5744 97
5744 5745 76
5745 5746 70
5746 5747 95
5747 5748 78
5748 5749 26
5749 5750 100
5750 5751 93
5751 5752 25
5752 5753 38
5753 5754 58
5754 5755 23
5755 5756 88
5756 5757 10
5757 5758 24
5758 5759 23
5759 5760 95
5760 5761 66
5761 5762 16
5762 5763 49
5763 5764 6
5764 5765 55
5765 5766 36
5766 5767 72
5767 5768 34
5768 5769 17
5769 5770 21
5770 5771 75
5771 5772 33
5772 5773 1
5773 5774 43
5774 5775 60
5775 5776 91
5776 5777 20
5777 5778 6
5778 5779 20
5779 5780 42
5780 5781 77
5781 5782 7
5782 5783 100
5783 5784 81
5784 5785 79
5785 5786 85
5786 5787 39
5787 5788 63
5788 5789 74
5789 5790 71
5790 5791 46
5791 5792 10
5792 5793 91
5793 5794 41
5794 5795 68
5795 5796 29
5796 5797 24
5797 5798 67
5798 5799 9
5799 5800 65
5800 5801 21
5801 5802 54
5802 5803 70
5803 5804 69
5804 5805 52
5805 5806 12
5806 5807 45
5807 5808 29
5808 5809 28
5809 5810 85
5810 5811 43
5811 5812 43
5812 5813 47
5813 5814 38
5814 5815 28
5815 5816 97
5816 5817 80
5817 5818 68
5818 5819 61
5819 5820 72
5820 5821 97
5821 5822 84
5822 5823 2
5823 5824 15
5824 5825 86
5825 5826 45
5826 5827 58
5827 5828 31
5828 5829 83
5829 5830 79
5830 5831 80
5831 5832 32
5832 5833 6
5833 5834 88
5834 5835 42
5835 5836 49
5836 5837 15
5837 5838 50
5838 5839 33
5839 5840 70
5840 5841 93
5841 5842 37
5842 5843 4
5843 5844 67
5844 5845 99
5845 5846 48
5846 5847 66
5847 5848 66
5848 5849 58
5849 5850 63
5850 5851 6
5851 5852 38
5852 5853 84
5853 5854 25
5854 5855 42
5855 5856 66
5856 5857 11
5857 5858 13
5858 5859 22
5859 5860 99
5860 5861 69
5861 5862 69
5862 5863 1
5863 5864 81
5864 5865 9
5865 5866 27
5866 5867 86
5867 5868 81
5868 5869 100
5869 5870 28
5870 5871 88
5871 5872 55
5872 5873 14
5873 5874 27
5874 5875 69
5875 5876 90
5876 5877 95
5877 5878 100
5878 5879 56
5879 5880 83
5880 5881 10
5881 5882 96
5882 5883 88
5883 5884 20
5884 5885 4
5885 5886 59
5886 5887 92
5887 5888 43
5888 5889 5
5889 5890 12
5890 5891 10
5891 5892 7
5892 5893 23
5893 5894 33
5894 5895 72
5895 5896 10
5896 5897 74
5897 5898 30
5898 5899 34
5899 5900 53
5900 5901 50
5901 5902 58
5902 5903 81
5903 5904 52
5904 5905 56
5905 5906 41
5906 5907 3
5907 5908 50
5908 5909 87
5909 5910 16
5910 5911 69
5911 5912 1
5912 5913 83
5913 5914 93
5914 5915 80
5915 5916 9
5916 5917 97
5917 5918 96
5918 5919 75
5919 5920 6
5920 5921 90
5921 5922 10
5922 5923 46
5923 5924 65
5924 5925 14
5925 5926 38
5926 5927 88
5927 5928 39
5928 5929 78
5929 5930 12
5930 5931 37
5931 5932 98
5932 5933 57
5933 5934 49
5934 5935 51
5935 5936 85
5936 5937 4
5937 5938 61
5938 5939 21
5939 5940 69
5940 5941 29
5941 5942 18
5942 5943 96
5943 5944 51
5944 5945 70
5945 5946 38
5946 5947 82
5947 5948 19
5948 5949 39
5949 5950 87
5950 5951 94
5951 5952 83
5952 5953 48
5953 5954 2
5954 5955 71
5955 5956 72
5956 5957 19
5957 5958 16
5958 5959 6
5959 5960 1
5960 5961 74
5961 5962 77
5962 5963 51
5963 5964 69
5964 5965 71
5965 5966 11
5966 5967 40
5967 5968 27
5968 5969 96
5969 5970 95
5970 5971 93
5971 5972 45
5972 5973 28
5973 5974 53
5974 5975 83
5975 5976 66
5976 5977 19
5977 5978 21
5978 5979 24
5979 5980 29
5980 5981 79
5981 5982 33
5982 5983 25
5983 5984 15
5984 5985 24
5985 5986 86
5986 5987 73
5987 5988 7
5988 5989 97
5989 5990 71
5990 5991 60
5991 5992 83
5992 5993 71
5993 5994 10
5994 5995 38
5995 5996 86
5996 5997 9
5997 5998 33
5998 5999 13
5999 6000 26
6000 6001 93
6001 6002 75
6002 6003 63
6003 6004 43
6004 6005 46
6005 6006 17
6006 6007 86
6007 6008 84
6008 6009 31
6009 6010 13
6010 6011 37
6011 6012 80
6012 6013 9
6013 6014 25
6014 6015 41
6015 6016 63
6016 6017 58
6017 6018 43
6018 6019 79
6019 6020 85
6020 6021 40
6021 6022 89
6022 6023 75
6023 6024 20
6024 6025 73
6025 6026 73
6026 6027 47
6027 6028 41
6028 6029 55
6029 6030 22
6030 6031 1
6031 6032 41
6032 6033 32
6033 6034 29
6034 6035 92
6035 6036 95
6036 6037 83
6037 6038 56
6038 6039 36
6039 6040 47
6040 6041 18
6041 6042 87
6042 6043 94
6043 6044 43
6044 6045 62
6045 6046 60
6046 6047 58
6047 6048 46
6048 6049 100
6049 6050 40
6050 6051 63
6051 6052 71
6052 6053 14
6053 6054 23
6054 6055 83
6055 6056 78
6056 6057 11
6057 6058 36
6058 6059 18
6059 6060 69
6060 6061 26
6061 6062 34
6062 6063 94
6063 6064 81
6064 6065 10
6065 6066 94
6066 6067 10
6067 6068 3
6068 6069 65
6069 6070 81
6070 6071 4
6071 6072 75
6072 6073 75
6073 6074 52
6074 6075 99
6075 6076 76
6076 6077 28
6077 6078 5
6078 6079 71
6079 6080 34
6080 6081 70
6081 6082 70
6082 6083 61
6083 6084 84
6084 6085 100
6085 6086 20
6086 6087 47
6087 6088 51
6088 6089 29
6089 6090 99
6090 6091 76
6091 6092 94
6092 6093 38
6093 6094 18
6094 6095 60
6095 6096 65
6096 6097 66
6097 6098 12
6098 6099 51
6099 6100 47
6100 6101 65
6101 6102 2
6102 6103 85
6103 6104 31
6104 6105 79
6105 6106 88
6106 6107 22
6107 6108 97
6108 6109 66
6109 6110 18
6110 6111 58
6111 6112 21
6112 6113 23
6113 6114 73
6114 6115 73
6115 6116 85
6116 6117 19
6117 6118 95
6118 6119 94
6119 6120 62
6120 6121 46
6121 6122 6
6122 6123 29
6123 6124 98
6124 6125 63
6125 6126 30
6126 6127 9
6127 6128 34
6128 6129 48
6129 6130 30
6130 6131 6
6131 6132 86
6132 6133 27
6133 6134 67
6134 6135 47
6135 6136 50
6136 6137 61
6137 6138 59
6138 6139 6
6139 6140 6
6140 6141 84
6141 6142 42
6142 6143 14
6143 6144 91
6144 6145 67
6145 6146 82
6146 6147 36
6147 6148 95
6148 6149 34
6149 6150 75
6150 6151 70
6151 6152 73
6152 6153 23
6153 6154 49
6154 6155 84
6155 6156 49
6156 6157 47
6157 6158 76
6158 6159 84
6159 6160 10
6160 6161 67
6161 6162 33
6162 6163 49
6163 6164 29
6164 6165 67
6165 6166 52
6166 6167 46
6167 6168 45
6168 6169 63
6169 6170 62
6170 6171 78
6171 6172 1
6172 6173 65
6173 6174 18
6174 6175 57
6175 6176 22
6176 6177 30
6177 6178 10
6178 6179 66
6179 6180 83
6180 6181 36
6181 6182 28
6182 6183 20
6183 6184 24
6184 6185 21
6185 6186 47
6186 6187 78
6187 6188 92
6188 6189 16
6189 6190 85
6190 6191 30
6191 6192 54
6192 6193 43
6193 6194 93
6194 6195 15
6195 6196 62
6196 6197 87
6197 6198 62
6198 6199 62
6199 6200 27
6200 6201 76
6201 6202 21
6202 6203 83
6203 6204 53
6204 6205 3
6205 6206 32
6206 6207 6
6207 6208 17
6208 6209 74
6209 6210 76
6210 6211 21
6211 6212 18
6212 6213 81
6213 6214 66
6214 6215 6
6215 6216 74
6216 6217 19
6217 6218 8
6218 6219 22
6219 6220 34
6220 6221 24
6221 6222 67
6222 6223 52
6223 6224 77
6224 6225 73
6225 6226 82
6226 6227 3
6227 6228 93
6228 6229 94
6229 6230 85
6230 6231 37
6231 6232 11
6232 6233 28
6233 6234 58
6234 6235 78
6235 6236 61
6236 6237 62
6237 6238 22
6238 6239 29
6239 6240 53
6240 6241 77
6241 6242 19
6242 6243 75
6243 6244 99
6244 6245 24
6245 6246 80
6246 6247 85
6247 6248 66
6248 6249 34
6249 6250 22
6250 6251 93
6251 6252 88
6252 6253 44
6253 6254 59
6254 6255 77
6255 6256 76
6256 6257 9
6257 6258 30
6258 6259 49
6259 6260 50
6260 6261 17
6261 6262 14
6262 6263 3
6263 6264 26
6264 6265 67
6265 6266 65
6266 6267 88
6267 6268 54
6268 6269 20
6269 6270 78
6270 6271 13
6271 6272 23
6272 6273 61
6273 6274 79
6274 6275 77
6275 6276 5
6276 6277 69
6277 6278 65
6278 6279 97
6279 6280 16
6280 6281 12
6281 6282 62
6282 6283 85
6283 6284 17
6284 6285 78
6285 6286 70
6286 6287 1
6287 6288 100
6288 6289 87
6289 6290 84
6290 6291 56
6291 6292 67
6292 6293 54
6293 6294 48
6294 6295 6
6295 6296 90
6296 6297 68
6297 6298 55
6298 6299 30
6299 6300 62
6300 6301 99
6301 6302 49
6302 6303 45
6303 6304 76
6304 6305 95
6305 6306 98
6306 6307 90
6307 6308 74
6308 6309 13
6309 6310 55
6310 6311 18
6311 6312 33
6312 6313 62
6313 6314 99
6314 6315 30
6315 6316 11
6316 6317 37
6317 6318 77
6318 6319 70
6319 6320 53
6320 6321 33
6321 6322 25
6322 6323 1
6323 6324 91
6324 6325 96
6325 6326 1
6326 6327 74
6327 6328 67
6328 6329 16
6329 6330 67
6330 6331 1
6331 6332 49
6332 6333 84
6333 6334 27
6334 6335 89
6335 6336 41
6336 6337 53
6337 6338 47
6338 6339 14
6339 6340 20
6340 6341 55
6341 6342 84
6342 6343 75
6343 6344 33
6344 6345 34
6345 6346 69
6346 6347 55
6347 6348 73
6348 6349 47
6349 6350 79
6350 6351 36
6351 6352 88
6352 6353 51
6353 6354 97
6354 6355 27
6355 6356 53
6356 6357 71
6357 6358 72
6358 6359 62
6359 6360 23
6360 6361 48
6361 6362 72
6362 6363 72
6363 6364 62
6364 6365 33
6365 6366 40
6366 6367 74
6367 6368 45
6368 6369 100
6369 6370 91
6370 6371 51
6371 6372 95
6372 6373 18
6373 6374 85
6374 6375 16
6375 6376 96
6376 6377 30
6377 6378 58
6378 6379 90
6379 6380 21
6380 6381 13
6381 6382 28
6382 6383 66
6383 6384 52
6384 6385 44
6385 6386 71
6386 6387 79
6387 6388 90
6388 6389 88
6389 6390 91
6390 6391 7
6391 6392 21
6392 6393 50
6393 6394 82
6394 6395 1
6395 6396 12
6396 6397 19
6397 6398 61
6398 6399 77
6399 6400 56
6400 6401 12
6401 6402 9
6402 6403 34
6403 6404 29
6404 6405 48
6405 6406 11
6406 6407 78
6407 6408 5
6408 6409 93
6409 6410 50
6410 6411 52
6411 6412 79
6412 6413 84
6413 6414 67
6414 6415 37
6415 6416 92
6416 6417 77
6417 6418 8
6418 6419 100
6419 6420 23
6420 6421 82
6421 6422 64
6422 6423 57
6423 6424 2
6424 6425 26
6425 6426 85
6426 6427 67
6427 6428 37
6428 6429 25
6429 6430 5
6430 6431 77
6431 6432 66
6432 6433 67
6433 6434 90
6434 6435 30
6435 6436 79
6436 6437 22
6437 6438 87
6438 6439 5
6439 6440 47
6440 6441 31
6441 6442 84
6442 6443 1
6443 6444 21
6444 6445 12
6445 6446 36
6446 6447 100
6447 6448 52
6448 6449 46
6449 6450 86
6450 6451 51
6451 6452 52
6452 6453 76
6453 6454 26
6454 6455 67
6455 6456 2
6456 6457 95
6457 6458 91
6458 6459 9
6459 6460 12
6460 6461 71
6461 6462 37
6462 6463 93
6463 6464 72
6464 6465 75
6465 6466 45
6466 6467 45
6467 6468 36
6468 6469 29
6469 6470 78
6470 6471 25
6471 6472 59
6472 6473 52
6473 6474 74
6474 6475 1
6475 6476 34
6476 6477 23
6477 6478 53
6478 6479 65
6479 6480 14
6480 6481 72
6481 6482 10
6482 6483 65
6483 6484 38
6484 6485 44
6485 6486 15
6486 6487 66
6487 6488 33
6488 6489 69
6489 6490 74
6490 6491 33
6491 6492 89
6492 6493 57
6493 6494 49
6494 6495 73
6495 6496 62
6496 6497 99
6497 6498 32
6498 6499 97
6499 6500 44
6500 6501 100
6501 6502 59
6502 6503 88
6503 6504 59
6504 6505 76
6505 6506 4
6506 6507 62
6507 6508 15
6508 6509 34
6509 6510 9
6510 6511 49
6511 6512 82
6512 6513 29
6513 6514 87
6514 6515 90
6515 6516 30
6516 6517 41
6517 6518 53
6518 6519 46
6519 6520 67
6520 6521 69
6521 6522 2
6522 6523 90
6523 6524 34
6524 6525 32
6525 6526 37
6526 6527 12
6527 6528 52
6528 6529 87
6529 6530 96
6530 6531 44
6531 6532 10
6532 6533 71
6533 6534 23
6534 6535 61
6535 6536 41
6536 6537 46
6537 6538 28
6538 6539 74
6539 6540 35
6540 6541 24
6541 6542 96
6542 6543 88
6543 6544 25
6544 6545 64
6545 6546 95
6546 6547 26
6547 6548 31
6548 6549 95
6549 6550 31
6550 6551 34
6551 6552 27
6552 6553 30
6553 6554 26
6554 6555 32
6555 6556 80
6556 6557 46
6557 6558 20
6558 6559 100
6559 6560 14
6560 6561 16
6561 6562 11
6562 6563 87
6563 6564 85
6564 6565 64
6565 6566 79
6566 6567 1
6567 6568 98
6568 6569 70
6569 6570 6
6570 6571 62
6571 6572 48
6572 6573 80
6573 6574 41
6574 6575 64
6575 6576 74
6576 6577 36
6577 6578 63
6578 6579 24
6579 6580 98
6580 6581 66
6581 6582 36
6582 6583 51
6583 6584 29
6584 6585 97
6585 6586 74
6586 6587 17
6587 6588 7
6588 6589 68
6589 6590 55
6590 6591 62
6591 6592 70
6592 6593 5
6593 6594 65
6594 6595 45
6595 6596 51
6596 6597 88
6597 6598 100
6598 6599 23
6599 6600 59
6600 6601 16
6601 6602 90
6602 6603 67
6603 6604 59
6604 6605 41
6605 6606 89
6606 6607 2
6607 6608 2
6608 6609 87
6609 6610 27
6610 6611 49
6611 6612 75
6612 6613 13
6613 6614 42
6614 6615 47
6615 6616 79
6616 6617 34
6617 6618 24
6618 6619 71
6619 6620 34
6620 6621 31
6621 6622 35
6622 6623 61
6623 6624 79
6624 6625 44
6625 6626 47
6626 6627 24
6627 6628 64
6628 6629 55
6629 6630 27
6630 6631 54
6631 6632 90
6632 6633 97
6633 6634 48
6634 6635 47
6635 6636 52
6636 6637 36
6637 6638 58
6638 6639 24
6639 6640 74
6640 6641 17
6641 6642 74
6642 6643 88
6643 6644 30
6644 6645 13
6645 6646 93
6646 6647 35
6647 6648 31
6648 6649 72
6649 6650 56
6650 6651 49
6651 6652 26
6652 6653 19
6653 6654 95
6654 6655 20
6655 6656 61
6656 6657 2
6657 6658 23
6658 6659 54
6659 6660 64
6660 6661 18
6661 6662 81
6662 6663 67
6663 6664 69
6664 6665 93
6665 6666 41
6666 6667 63
6667 6668 39
6668 6669 33
6669 6670 72
6670 6671 73
6671 6672 7
6672 6673 51
6673 6674 13
6674 6675 89
6675 6676 21
6676 6677 8
6677 6678 28
6678 6679 33
6679 6680 61
6680 6681 81
6681 6682 13
6682 6683 58
6683 6684 96
6684 6685 43
6685 6686 34
6686 6687 47
6687 6688 47
6688 6689 72
6689 6690 72
6690 6691 33
6691 6692 45
6692 6693 3
6693 6694 53
6694 6695 16
6695 6696 45
6696 6697 87
6697 6698 78
6698 6699 26
6699 6700 74
6700 6701 74
6701 6702 84
6702 6703 84
6703 6704 69
6704 6705 23
6705 6706 100
6706 6707 37
6707 6708 46
6708 6709 42
6709 6710 87
6710 6711 66
6711 6712 63
6712 6713 100
6713 6714 95
6714 6715 58
6715 6716 11
6716 6717 49
6717 6718 79
6718 6719 37
6719 6720 60
6720 6721 81
6721 6722 19
6722 6723 22
6723 6724 82
6724 6725 44
6725 6726 54
6726 6727 81
6727 6728 79
6728 6729 74
6729 6730 52
6730 6731 10
6731 6732 11
6732 6733 21
6733 6734 44
6734 6735 30
6735 6736 41
6736 6737 41
6737 6738 84
6738 6739 38
6739 6740 91
6740 6741 35
6741 6742 78
6742 6743 83
6743 6744 51
6744 6745 35
6745 6746 57
6746 6747 100
6747 6748 47
6748 6749 96
6749 6750 76
6750 6751 67
6751 6752 58
6752 6753 53
6753 6754 22
6754 6755 24
6755 6756 3
6756 6757 17
6757 6758 94
6758 6759 31
6759 6760 85
6760 6761 33
6761 6762 96
6762 6763 90
6763 6764 96
6764 6765 11
6765 6766 27
6766 6767 22
6767 6768 51
6768 6769 14
6769 6770 13
6770 6771 9
6771 6772 61
6772 6773 71
6773 6774 7
6774 6775 4
6775 6776 99
6776 6777 51
6777 6778 68
6778 6779 98
6779 6780 11
6780 6781 14
6781 6782 34
6782 6783 80
6783 6784 20
6784 6785 11
6785 6786 84
6786 6787 50
6787 6788 40
6788 6789 30
6789 6790 32
6790 6791 95
6791 6792 37
6792 6793 57
6793 6794 81
6794 6795 17
6795 6796 17
6796 6797 68
6797 6798 22
6798 6799 4
6799 6800 5
6800 6801 85
6801 6802 46
6802 6803 42
6803 6804 61
6804 6805 60
6805 6806 70
6806 6807 35
6807 6808 71
6808 6809 57
6809 6810 18
6810 6811 90
6811 6812 70
6812 6813 23
6813 6814 76
6814 6815 77
6815 6816 59
6816 6817 81
6817 6818 96
6818 6819 82
6819 6820 73
6820 6821 56
6821 6822 68
6822 6823 82
6823 6824 82
6824 6825 69
6825 6826 40
6826 6827 45
6827 6828 62
6828 6829 70
6829 6830 30
6830 6831 12
6831 6832 57
6832 6833 40
6833 6834 47
6834 6835 53
6835 6836 34
6836 6837 20
6837 6838 39
6838 6839 2
6839 6840 1
6840 6841 67
6841 6842 98
6842 6843 18
6843 6844 45
6844 6845 37
6845 6846 61
6846 6847 69
6847 6848 2
6848 6849 89
6849 6850 63
6850 6851 97
6851 6852 62
6852 6853 39
6853 6854 2
6854 6855 99
6855 6856 56
6856 6857 38
6857 6858 77
6858 6859 30
6859 6860 1
6860 6861 71
6861 6862 48
6862 6863 25
6863 6864 53
6864 6865 72
6865 6866 56
6866 6867 51
6867 6868 32
6868 6869 21
6869 6870 92
6870 6871 95
6871 6872 83
6872 6873 50
6873 6874 49
6874 6875 29
6875 6876 34
6876 6877 11
6877 6878 55
6878 6879 81
6879 6880 31
6880 6881 67
6881 6882 98
6882 6883 79
6883 6884 89
6884 6885 88
6885 6886 35
6886 6887 37
6887 6888 84
6888 6889 96
6889 6890 69
6890 6891 35
6891 6892 53
6892 6893 25
6893 6894 9
6894 6895 24
6895 6896 18
6896 6897 38
6897 6898 15
6898 6899 82
6899 6900 59
6900 6901 80
6901 6902 58
6902 6903 35
6903 6904 90
6904 6905 80
6905 6906 63
6906 6907 25
6907 6908 42
6908 6909 3
6909 6910 20
6910 6911 7
6911 6912 69
6912 6913 3
6913 6914 24
6914 6915 14
6915 6916 37
6916 6917 35
6917 6918 17
6918 6919 92
6919 6920 57
6920 6921 94
6921 6922 2
6922 6923 30
6923 6924 12
6924 6925 20
6925 6926 2
6926 6927 64
6927 6928 28
6928 6929 44
6929 6930 54
6930 6931 40
6931 6932 64
6932 6933 48
6933 6934 60
6934 6935 90
6935 6936 5
6936 6937 43
6937 6938 11
6938 6939 97
6939 6940 19
6940 6941 8
6941 6942 35
6942 6943 100
6943 6944 51
6944 6945 10
6945 6946 70
6946 6947 61
6947 6948 24
6948 6949 25
6949 6950 33
6950 6951 49
6951 6952 2
6952 6953 16
6953 6954 99
6954 6955 92
6955 6956 32
6956 6957 50
6957 6958 99
6958 6959 57
6959 6960 32
6960 6961 95
6961 6962 5
6962 6963 26
6963 6964 59
6964 6965 95
6965 6966 99
6966 6967 13
6967 6968 67
6968 6969 86
6969 6970 27
6970 6971 61
6971 6972 50
6972 6973 88
6973 6974 40
6974 6975 42
6975 6976 21
6976 6977 81
6977 6978 94
6978 6979 6
6979 6980 96
6980 6981 71
6981 6982 67
6982 6983 16
6983 6984 33
6984 6985 62
6985 6986 82
6986 6987 39
6987 6988 26
6988 6989 47
6989 6990 7
6990 6991 86
6991 6992 28
6992 6993 15
6993 6994 31
6994 6995 82
6995 6996 56
6996 6997 42
6997 6998 2
6998 6999 22
6999 7000 36
7000 7001 75
7001 7002 16
7002 7003 51
7003 7004 32
7004 7005 2
7005 7006 6
7006 7007 75
7007 7008 89
7008 7009 61
7009 7010 89
7010 7011 77
7011 7012 20
7012 7013 48
7013 7014 99
7014 7015 12
7015 7016 32
7016 7017 21
7017 7018 64
7018 7019 12
7019 7020 88
7020 7021 80
7021 7022 44
7022 7023 98
7023 7024 81
7024 7025 8
7025 7026 8
7026 7027 46
7027 7028 83
7028 7029 20
7029 7030 90
7030 7031 69
7031 7032 14
7032 7033 17
7033 7034 63
7034 7035 30
7035 7036 41
7036 7037 72
7037 7038 83
7038 7039 97
7039 7040 45
7040 7041 57
7041 7042 94
7042 7043 25
7043 7044 3
7044 7045 89
7045 7046 49
7046 7047 46
7047 7048 93
7048 7049 18
7049 7050 33
7050 7051 6
7051 7052 63
7052 7053 91
7053 7054 57
7054 7055 72
7055 7056 38
7056 7057 70
7057 7058 90
7058 7059 63
7059 7060 25
7060 7061 73
7061 7062 24
7062 7063 70
7063 7064 45
7064 7065 42
7065 7066 94
7066 7067 60
7067 7068 36
7068 7069 77
7069 7070 71
7070 7071 21
7071 7072 9
7072 7073 68
7073 7074 20
7074 7075 58
7075 7076 38
7076 7077 34
7077 7078 70
7078 7079 47
7079 7080 59
7080 7081 1
7081 7082 100
7082 7083 82
7083 7084 65
7084 7085 49
7085 7086 94
7086 7087 24
7087 7088 3
7088 7089 80
7089 7090 47
7090 7091 100
7091 7092 80
7092 7093 31
7093 7094 42
7094 7095 93
7095 7096 9
7096 7097 85
7097 7098 69
7098 7099 50
7099 7100 25
7100 7101 68
7101 7102 88
7102 7103 64
7103 7104 99
7104 7105 71
7105 7106 20
7106 7107 79
7107 7108 37
7108 7109 42
7109 7110 53
7110 7111 83
7111 7112 42
7112 7113 15
7113 7114 13
7114 7115 67
7115 7116 85
7116 7117 9
7117 7118 6
7118 7119 17
7119 7120 23
7120 7121 5
7121 7122 26
7122 7123 14
7123 7124 63
7124 7125 25
7125 7126 13
7126 7127 5
7127 7128 74
7128 7129 83
7129 7130 50
7130 7131 85
7131 7132 63
7132 7133 68
7133 7134 80
7134 7135 90
7135 7136 76
7136 7137 33
7137 7138 7
7138 7139 47
7139 7140 29
7140 7141 78
7141 7142 92
7142 7143 10
7143 7144 2
7144 7145 27
7145 7146 84
7146 7147 63
7147 7148 11
7148 7149 60
7149 7150 82
7150 7151 8
7151 7152 47
7152 7153 72
7153 7154 96
7154 7155 54
7155 7156 48
7156 7157 91
7157 7158 8
7158 7159 79
7159 7160 35
7160 7161 68
7161 7162 6
7162 7163 94
7163 7164 10
7164 7165 39
7165 7166 10
7166 7167 28
7167 7168 67
7168 7169 13
7169 7170 13
7170 7171 93
7171 7172 30
7172 7173 69
7173 7174 50
7174 7175 25
7175 7176 25
7176 7177 68
7177 7178 85
7178 7179 32
7179 7180 73
7180 7181 81
7181 7182 23
7182 7183 72
7183 7184 96
7184 7185 72
7185 7186 54
7186 7187 96
7187 7188 14
7188 7189 99
7189 7190 82
7190 7191 74
7191 7192 46
7192 7193 87
7193 7194 59
7194 7195 90
7195 7196 86
7196 7197 55
7197 7198 14
7198 7199 22
7199 7200 24
7200 7201 71
7201 7202 52
7202 7203 65
7203 7204 44
7204 7205 85
7205 7206 21
7206 7207 69
7207 7208 77
7208 7209 57
7209 7210 46
7210 7211 41
7211 7212 71
7212 7213 42
7213 7214 48
7214 7215 53
7215 7216 98
7216 7217 82
7217 7218 56
7218 7219 93
7219 7220 42
7220 7221 78
7221 7222 31
7222 7223 73
7223 7224 70
7224 7225 28
7225 7226 49
7226 7227 99
7227 7228 71
7228 7229 96
7229 7230 33
7230 7231 47
7231 7232 58
7232 7233 58
7233 7234 51
7234 7235 1
7235 7236 93
7236 7237 5
7237 7238 37
7238 7239 77
7239 7240 3
7240 7241 67
7241 7242 18
7242 7243 39
7243 7244 1
7244 7245 39
7245 7246 29
7246 7247 28
7247 7248 41
7248 7249 3
7249 7250 99
7250 7251 89
7251 7252 36
7252 7253 71
7253 7254 66
7254 7255 72
7255 7256 74
7256 7257 74
7257 7258 20
7258 7259 13
7259 7260 5
7260 7261 59
7261 7262 46
7262 7263 20
7263 7264 18
7264 7265 34
7265 7266 47
7266 7267 75
7267 7268 32
7268 7269 30
7269 7270 33
7270 7271 39
7271 7272 12
7272 7273 74
7273 7274 52
7274 7275 73
7275 7276 28
7276 7277 94
7277 7278 10
7278 7279 93
7279 7280 42
7280 7281 62
7281 7282 23
7282 7283 63
7283 7284 89
7284 7285 90
7285 7286 74
7286 7287 13
7287 7288 77
7288 7289 83
7289 7290 39
7290 7291 5
7291 7292 94
7292 7293 74
7293 7294 49
7294 7295 11
7295 7296 100
7296 7297 8
7297 7298 99
7298 7299 43
7299 7300 45
7300 7301 56
7301 7302 54
7302 7303 16
7303 7304 99
7304 7305 30
7305 7306 96
7306 7307 84
7307 7308 78
7308 7309 2
7309 7310 82
7310 7311 100
7311 7312 81
7312 7313 49
7313 7314 7
7314 7315 40
7315 7316 68
7316 7317 6
7317 7318 41
7318 7319 70
7319 7320 73
7320 7321 20
7321 7322 42
7322 7323 65
7323 7324 90
7324 7325 29
7325 7326 20
7326 7327 7
7327 7328 87
7328 7329 94
7329 7330 51
7330 7331 58
7331 7332 97
7332 7333 77
7333 7334 74
7334 7335 65
7335 7336 12
7336 7337 29
7337 7338 56
7338 7339 38
7339 7340 51
7340 7341 19
7341 7342 17
7342 7343 44
7343 7344 11
7344 7345 61
7345 7346 74
7346 7347 96
7347 7348 7
7348 7349 71
7349 7350 52
7350 7351 34
7351 7352 11
7352 7353 52
7353 7354 65
7354 7355 56
7355 7356 100
7356 7357 90
7357 7358 17
7358 7359 98
7359 7360 18
7360 7361 62
7361 7362 72
7362 7363 26
7363 7364 63
7364 7365 51
7365 7366 84
7366 7367 74
7367 7368 26
7368 7369 72
7369 7370 79
7370 7371 95
7371 7372 68
7372 7373 32
7373 7374 32
7374 7375 10
7375 7376 35
7376 7377 100
7377 7378 56
7378 7379 42
7379 7380 88
7380 7381 74
7381 7382 12
7382 7383 15
7383 7384 86
7384 7385 53
7385 7386 55
7386 7387 47
7387 7388 45
7388 7389 25
7389 7390 42
7390 7391 45
7391 7392 77
7392 7393 84
7393 7394 4
7394 7395 99
7395 7396 40
7396 7397 22
7397 7398 45
7398 7399 79
7399 7400 57
7400 7401 80
7401 7402 19
7402 7403 57
7403 7404 6
7404 7405 30
7405 7406 26
7406 7407 88
7407 7408 48
7408 7409 20
7409 7410 97
7410 7411 94
7411 7412 11
7412 7413 15
7413 7414 95
7414 7415 7
7415 7416 32
7416 7417 80
7417 7418 19
7418 7419 37
7419 7420 2
7420 7421 44
7421 7422 89
7422 7423 15
7423 7424 40
7424 7425 58
7425 7426 61
7426 7427 3
7427 7428 43
7428 7429 27
7429 7430 95
7430 7431 69
7431 7432 28
7432 7433 27
7433 7434 70
7434 7435 67
7435 7436 97
7436 7437 34
7437 7438 71
7438 7439 62
7439 7440 80
7440 7441 94
7441 7442 19
7442 7443 89
7443 7444 90
7444 7445 86
7445 7446 3
7446 7447 49
7447 7448 75
7448 7449 85
7449 7450 68
7450 7451 6
7451 7452 33
7452 7453 22
7453 7454 8
7454 7455 37
7455 7456 26
7456 7457 90
7457 7458 80
7458 7459 35
7459 7460 7
7460 7461 60
7461 7462 84
7462 7463 2
7463 7464 9
7464 7465 50
7465 7466 85
7466 7467 35
7467 7468 85
7468 7469 85
7469 7470 47
7470 7471 14
7471 7472 3
7472 7473 38
7473 7474 84
7474 7475 50
7475 7476 30
7476 7477 49
7477 7478 66
7478 7479 91
7479 7480 13
7480 7481 41
7481 7482 63
7482 7483 77
7483 7484 69
7484 7485 12
7485 7486 24
7486 7487 26
7487 7488 65
7488 7489 59
7489 7490 72
7490 7491 92
7491 7492 3
7492 7493 6
7493 7494 32
7494 7495 68
7495 7496 40
7496 7497 43
7497 7498 63
7498 7499 51
7499 7500 96
7500 7501 21
7501 7502 3
7502 7503 45
7503 7504 88
7504 7505 46
7505 7506 46
7506 7507 81
7507 7508 39
7508 7509 31
7509 7510 65
7510 7511 36
7511 7512 8
7512 7513 81
7513 7514 33
7514 7515 50
7515 7516 4
7516 7517 72
7517 7518 36
7518 7519 29
7519 7520 20
7520 7521 44
7521 7522 51
7522 7523 85
7523 7524 18
7524 7525 12
7525 7526 94
7526 7527 49
7527 7528 67
7528 7529 87
7529 7530 79
7530 7531 81
7531 7532 88
7532 7533 30
7533 7534 54
7534 7535 31
7535 7536 74
7536 7537 20
7537 7538 55
7538 7539 40
7539 7540 78
7540 7541 43
7541 7542 58
7542 7543 70
7543 7544 17
7544 7545 27
7545 7546 84
7546 7547 18
7547 7548 75
7548 7549 70
7549 7550 88
7550 7551 26
7551 7552 18
7552 7553 40
7553 7554 89
7554 7555 91
7555 7556 68
7556 7557 18
7557 7558 56
7558 7559 99
7559 7560 19
7560 7561 84
7561 7562 73
7562 7563 21
7563 7564 41
7564 7565 9
7565 7566 72
7566 7567 69
7567 7568 93
7568 7569 16
7569 7570 24
7570 7571 41
7571 7572 19
7572 7573 94
7573 7574 4
7574 7575 98
7575 7576 41
7576 7577 53
7577 7578 53
7578 7579 39
7579 7580 57
7580 7581 96
7581 7582 82
7582 7583 95
7583 7584 36
7584 7585 20
7585 7586 100
7586 7587 25
7587 7588 14
7588 7589 17
7589 7590 24
7590 7591 4
7591 7592 98
7592 7593 79
7593 7594 79
7594 7595 35
7595 7596 78
7596 7597 73
7597 7598 79
7598 7599 30
7599 7600 77
7600 7601 30
7601 7602 30
7602 7603 88
7603 7604 4
7604 7605 46
7605 7606 11
7606 7607 89
7607 7608 100
7608 7609 62
7609 7610 18
7610 7611 65
7611 7612 78
7612 7613 61
7613 7614 92
7614 7615 84
7615 7616 48
7616 7617 24
7617 7618 50
7618 7619 63
7619 7620 61
7620 7621 18
7621 7622 21
7622 7623 25
7623 7624 29
7624 7625 5
7625 7626 53
7626 7627 98
7627 7628 2
7628 7629 35
7629 7630 53
7630 7631 29
7631 7632 96
7632 7633 86
7633 7634 26
7634 7635 97
7635 7636 27
7636 7637 9
7637 7638 23
7638 7639 57
7639 7640 79
7640 7641 63
7641 7642 89
7642 7643 42
7643 7644 59
7644 7645 32
7645 7646 55
7646 7647 52
7647 7648 100
7648 7649 6
7649 7650 78
7650 7651 95
7651 7652 49
7652 7653 93
7653 7654 41
7654 7655 51
7655 7656 79
7656 7657 96
7657 7658 74
7658 7659 77
7659 7660 69
7660 7661 68
7661 7662 83
7662 7663 91
7663 7664 5
7664 7665 67
7665 7666 14
7666 7667 58
7667 7668 59
7668 7669 6
7669 7670 32
7670 7671 67
7671 7672 69
7672 7673 51
7673 7674 95
7674 7675 6
7675 7676 72
7676 7677 50
7677 7678 67
7678 7679 98
7679 7680 81
7680 7681 7
7681 7682 25
7682 7683 38
7683 7684 57
7684 7685 51
7685 7686 39
7686 7687 100
7687 7688 37
7688 7689 60
7689 7690 22
7690 7691 55
7691 7692 38
7692 7693 79
7693 7694 7
7694 7695 89
7695 7696 67
7696 7697 19
7697 7698 60
7698 7699 83
7699 7700 58
7700 7701 12
7701 7702 93
7702 7703 65
7703 7704 15
7704 7705 24
7705 7706 100
7706 7707 75
7707 7708 90
7708 7709 70
7709 7710 18
7710 7711 51
7711 7712 53
7712 7713 42
7713 7714 58
7714 7715 4
7715 7716 23
7716 7717 59
7717 7718 76
7718 7719 92
7719 7720 26
7720 7721 59
7721 7722 12
7722 7723 33
7723 7724 42
7724 7725 89
7725 7726 84
7726 7727 92
7727 7728 21
7728 7729 92
7729 7730 94
7730 7731 16
7731 7732 12
7732 7733 15
7733 7734 91
7734 7735 58
7735 7736 82
7736 7737 47
7737 7738 11
7738 7739 68
7739 7740 91
7740 7741 50
7741 7742 94
7742 7743 66
7743 7744 79
7744 7745 21
7745 7746 49
7746 7747 71
7747 7748 49
7748 7749 6
7749 7750 99
7750 7751 22
7751 7752 43
7752 7753 73
7753 7754 85
7754 7755 20
7755 7756 21
7756 7757 19
7757 7758 23
7758 7759 99
7759 7760 92
7760 7761 7
7761 7762 54
7762 7763 40
7763 7764 40
7764 7765 94
7765 7766 99
7766 7767 58
7767 7768 37
7768 7769 81
7769 7770 24
7770 7771 16
7771 7772 17
7772 7773 26
7773 7774 1
7774 7775 80
7775 7776 98
7776 7777 33
7777 7778 2
7778 7779 59
7779 7780 64
7780 7781 64
7781 7782 70
7782 7783 1
7783 7784 78
7784 7785 64
7785 7786 31
7786 7787 28
7787 7788 76
7788 7789 85
7789 7790 61
7790 7791 59
7791 7792 53
7792 7793 57
7793 7794 11
7794 7795 77
7795 7796 77
7796 7797 1
7797 7798 32
7798 7799 71
7799 7800 36
7800 7801 80
7801 7802 81
7802 7803 72
7803 7804 27
7804 7805 7
7805 7806 24
7806 7807 19
7807 7808 8
7808 7809 84
7809 7810 45
7810 7811 5
7811 7812 19
7812 7813 5
7813 7814 86
7814 7815 74
7815 7816 78
7816 7817 39
7817 7818 43
7818 7819 12
7819 7820 7
7820 7821 14
7821 7822 54
7822 7823 23
7823 7824 21
7824 7825 87
7825 7826 37
7826 7827 79
7827 7828 85
7828 7829 89
7829 7830 90
7830 7831 77
7831 7832 74
7832 7833 72
7833 7834 23
7834 7835 59
7835 7836 96
7836 7837 75
7837 7838 47
7838 7839 5
7839 7840 12
7840 7841 99
7841 7842 39
7842 7843 42
7843 7844 48
7844 7845 49
7845 7846 9
7846 7847 98
7847 7848 55
7848 7849 71
7849 7850 9
7850 7851 38
7851 7852 61
7852 7853 18
7853 7854 16
7854 7855 89
7855 7856 36
7856 7857 43
7857 7858 68
7858 7859 53
7859 7860 68
7860 7861 27
7861 7862 90
7862 7863 27
7863 7864 79
7864 7865 8
7865 7866 14
7866 7867 74
7867 7868 94
7868 7869 81
7869 7870 68
7870 7871 12
7871 7872 62
7872 7873 93
7873 7874 89
7874 7875 78
7875 7876 91
7876 7877 37
7877 7878 55
7878 7879 78
7879 7880 41
7880 7881 34
7881 7882 68
7882 7883 74
7883 7884 80
7884 7885 46
7885 7886 17
7886 7887 79
7887 7888 73
7888 7889 64
7889 7890 67
7890 7891 94
7891 7892 81
7892 7893 64
7893 7894 64
7894 7895 24
7895 7896 79
7896 7897 30
7897 7898 91
7898 7899 38
7899 7900 25
7900 7901 1
7901 7902 16
7902 7903 4
7903 7904 60
7904 7905 81
7905 7906 16
7906 7907 95
7907 7908 27
7908 7909 79
7909 7910 54
7910 7911 53
7911 7912 6
7912 7913 43
7913 7914 45
7914 7915 72
7915 7916 82
7916 7917 28
7917 7918 2
7918 7919 82
7919 7920 26
7920 7921 89
7921 7922 37
7922 7923 33
7923 7924 9
7924 7925 40
7925 7926 39
7926 7927 65
7927 7928 71
7928 7929 42
7929 7930 99
7930 7931 1
7931 7932 15
7932 7933 88
7933 7934 43
7934 7935 44
7935 7936 51
7936 7937 93
7937 7938 73
7938 7939 79
7939 7940 4
7940 7941 23
7941 7942 25
7942 7943 43
7943 7944 44
7944 7945 87
7945 7946 62
7946 7947 61
7947 7948 5
7948 7949 83
7949 7950 18
7950 7951 62
7951 7952 20
7952 7953 81
7953 7954 59
7954 7955 69
7955 7956 43
7956 7957 60
7957 7958 53
7958 7959 96
7959 7960 8
7960 7961 67
7961 7962 39
7962 7963 73
7963 7964 93
7964 7965 87
7965 7966 41
7966 7967 72
7967 7968 69
7968 7969 3
7969 7970 27
7970 7971 74
7971 7972 88
7972 7973 43
7973 7974 46
7974 7975 9
7975 7976 20
7976 7977 36
7977 7978 4
7978 7979 44
7979 7980 49
7980 7981 81
7981 7982 69
7982 7983 22
7983 7984 74
7984 7985 78
7985 7986 50
7986 7987 24
7987 7988 77
7988 7989 15
7989 7990 97
7990 7991 40
7991 7992 91
7992 7993 41
7993 7994 91
7994 7995 5
7995 7996 35
7996 7997 53
7997 7998 12
7998 7999 64
7999 8000 31
8000 8001 48
8001 8002 58
8002 8003 39
8003 8004 28
8004 8005 68
8005 8006 39
8006 8007 23
8007 8008 15
8008 8009 48
8009 8010 5
8010 8011 100
8011 8012 26
8012 8013 12
8013 8014 57
8014 8015 65
8015 8016 4
8016 8017 62
8017 8018 65
8018 8019 20
8019 8020 25
8020 8021 44
8021 8022 62
8022 8023 94
8023 8024 68
8024 8025 40
8025 8026 100
8026 8027 42
8027 8028 19
8028 8029 99
8029 8030 13
8030 8031 67
8031 8032 87
8032 8033 17
8033 8034 27
8034 8035 93
8035 8036 5
8036 8037 59
8037 8038 50
8038 8039 92
8039 8040 67
8040 8041 15
8041 8042 1
8042 8043 40
8043 8044 6
8044 8045 88
8045 8046 77
8046 8047 12
8047 8048 43
8048 8049 60
8049 8050 6
8050 8051 14
8051 8052 67
8052 8053 99
8053 8054 85
8054 8055 96
8055 8056 40
8056 8057 3
8057 8058 74
8058 8059 98
8059 8060 40
8060 8061 82
8061 8062 27
8062 8063 42
8063 8064 26
8064 8065 25
8065 8066 37
8066 8067 36
8067 8068 69
8068 8069 41
8069 8070 99
8070 8071 57
8071 8072 86
8072 8073 16
8073 8074 35
8074 8075 20
8075 8076 21
8076 8077 36
8077 8078 15
8078 8079 2
8079 8080 80
8080 8081 72
8081 8082 66
8082 8083 14
8083 8084 27
8084 8085 70
8085 8086 45
8086 8087 71
8087 8088 41
8088 8089 35
8089 8090 19
8090 8091 91
8091 8092 37
8092 8093 74
8093 8094 32
8094 8095 22
8095 8096 10
8096 8097 40
8097 8098 79
8098 8099 44
8099 8100 70
8100 8101 57
8101 8102 7
8102 8103 17
8103 8104 4
8104 8105 61
8105 8106 87
8106 8107 7
8107 8108 14
8108 8109 50
8109 8110 7
8110 8111 12
8111 8112 55
8112 8113 51
8113 8114 23
8114 8115 91
8115 8116 77
8116 8117 76
8117 8118 81
8118 8119 89
8119 8120 90
8120 8121 58
8121 8122 79
8122 8123 46
8123 8124 40
8124 8125 43
8125 8126 26
8126 8127 92
8127 8128 98
8128 8129 86
8129 8130 69
8130 8131 11
8131 8132 97
8132 8133 98
8133 8134 60
8134 8135 73
8135 8136 17
8136 8137 12
8137 8138 90
8138 8139 60
8139 8140 13
8140 8141 59
8141 8142 40
8142 8143 88
8143 8144 83
8144 8145 91
8145 8146 99
8146 8147 60
8147 8148 61
8148 8149 30
8149 8150 29
8150 8151 19
8151 8152 79
8152 8153 34
8153 8154 47
8154 8155 51
8155 8156 24
8156 8157 90
8157 8158 86
8158 8159 43
8159 8160 42
8160 8161 59
8161 8162 63
8162 8163 4
8163 8164 9
8164 8165 61
8165 8166 15
8166 8167 45
8167 8168 62
8168 8169 60
8169 8170 22
8170 8171 37
8171 8172 99
8172 8173 45
8173 8174 78
8174 8175 74
8175 8176 17
8176 8177 66
8177 8178 14
8178 8179 52
8179 8180 92
8180 8181 14
8181 8182 42
8182 8183 72
8183 8184 84
8184 8185 10
8185 8186 39
8186 8187 69
8187 8188 60
8188 8189 52
8189 8190 76
8190 8191 53
8191 8192 31
8192 8193 80
8193 8194 32
8194 8195 71
8195 8196 21
8196 8197 62
8197 8198 50
8198 8199 9
8199 8200 44
8200 8201 27
8201 8202 89
8202 8203 76
8203 8204 56
8204 8205 56
8205 8206 73
8206 8207 44
8207 8208 70
8208 8209 89
8209 8210 31
8210 8211 23
8211 8212 85
8212 8213 86
8213 8214 10
8214 8215 95
8215 8216 92
8216 8217 74
8217 8218 63
8218 8219 15
8219 8220 76
8220 8221 77
8221 8222 60
8222 8223 42
8223 8224 72
8224 8225 13
8225 8226 57
8226 8227 23
8227 8228 40
8228 8229 52
8229 8230 9
8230 8231 77
8231 8232 14
8232 8233 88
8233 8234 77
8234 8235 99
8235 8236 49
8236 8237 42
8237 8238 64
8238 8239 83
8239 8240 85
8240 8241 8
8241 8242 12
8242 8243 28
8243 8244 18
8244 8245 75
8245 8246 97
8246 8247 82
8247 8248 1
8248 8249 97
8249 8250 19
8250 8251 85
8251 8252 20
8252 8253 58
8253 8254 69
8254 8255 38
8255 8256 50
8256 8257 79
8257 8258 74
8258 8259 58
8259 8260 26
8260 8261 27
8261 8262 88
8262 8263 41
8263 8264 39
8264 8265 73
8265 8266 87
8266 8267 39
8267 8268 56
8268 8269 92
8269 8270 45
8270 8271 12
8271 8272 75
8272 8273 2
8273 8274 79
8274 8275 66
8275 8276 52
8276 8277 17
8277 8278 38
8278 8279 8
8279 8280 48
8280 8281 71
8281 8282 7
8282 8283 1
8283 8284 91
8284 8285 72
8285 8286 46
8286 8287 15
8287 8288 37
8288 8289 4
8289 8290 31
8290 8291 56
8291 8292 90
8292 8293 76
8293 8294 51
8294 8295 81
8295 8296 41
8296 8297 92
8297 8298 49
8298 8299 52
8299 8300 49
8300 8301 56
8301 8302 70
8302 8303 28
8303 8304 85
8304 8305 23
8305 8306 61
8306 8307 18
8307 8308 25
8308 8309 72
8309 8310 50
8310 8311 47
8311 8312 54
8312 8313 20
8313 8314 37
8314 8315 86
8315 8316 17
8316 8317 18
8317 8318 2
8318 8319 10
8319 8320 83
8320 8321 3
8321 8322 19
8322 8323 93
8323 8324 63
8324 8325 85
8325 8326 56
8326 8327 18
8327 8328 11
8328 8329 18
8329 8330 83
8330 8331 54
8331 8332 59
8332 8333 90
8333 8334 78
8334 8335 55
8335 8336 80
8336 8337 24
8337 8338 59
8338 8339 66
8339 8340 55
8340 8341 71
8341 8342 58
8342 8343 50
8343 8344 46
8344 8345 29
8345 8346 24
8346 8347 55
8347 8348 78
8348 8349 1
8349 8350 74
8350 8351 64
8351 8352 94
8352 8353 31
8353 8354 92
8354 8355 65
8355 8356 35
8356 8357 53
8357 8358 70
8358 8359 74
8359 8360 47
8360 8361 5
8361 8362 5
8362 8363 73
8363 8364 62
8364 8365 91
8365 8366 48
8366 8367 15
8367 8368 75
8368 8369 62
8369 8370 89
8370 8371 11
8371 8372 19
8372 8373 94
8373 8374 94
8374 8375 68
8375 8376 97
8376 8377 100
8377 8378 36
8378 8379 60
8379 8380 67
8380 8381 11
8381 8382 67
8382 8383 79
8383 8384 12
8384 8385 32
8385 8386 61
8386 8387 81
8387 8388 95
8388 8389 85
8389 8390 86
8390 8391 10
8391 8392 88
8392 8393 82
8393 8394 70
8394 8395 75
8395 8396 40
8396 8397 79
8397 8398 7
8398 8399 44
8399 8400 69
8400 8401 100
8401 8402 2
8402 8403 61
8403 8404 59
8404 8405 66
8405 8406 61
8406 8407 74
8407 8408 94
8408 8409 43
8409 8410 54
8410 8411 46
8411 8412 38
8412 8413 38
8413 8414 22
8414 8415 5
8415 8416 89
8416 8417 77
8417 8418 96
8418 8419 39
8419 8420 94
8420 8421 73
8421 8422 34
8422 8423 8
8423 8424 81
8424 8425 61
8425 8426 75
8426 8427 22
8427 8428 74
8428 8429 7
8429 8430 85
8430 8431 38
8431 8432 95
8432 8433 80
8433 8434 4
8434 8435 37
8435 8436 63
8436 8437 11
8437 8438 17
8438 8439 65
8439 8440 10
8440 8441 36
8441 8442 33
8442 8443 17
8443 8444 79
8444 8445 36
8445 8446 36
8446 8447 33
8447 8448 2
8448 8449 95
8449 8450 15
8450 8451 78
8451 8452 23
8452 8453 76
8453 8454 95
8454 8455 20
8455 8456 85
8456 8457 58
8457 8458 48
8458 8459 23
8459 8460 34
8460 8461 90
8461 8462 31
8462 8463 63
8463 8464 24
8464 8465 68
8465 8466 5
8466 8467 44
8467 8468 11
8468 8469 19
8469 8470 77
8470 8471 20
8471 8472 64
8472 8473 97
8473 8474 53
8474 8475 99
8475 8476 50
8476 8477 31
8477 8478 85
8478 8479 57
8479 8480 93
8480 8481 82
8481 8482 22
8482 8483 27
8483 8484 74
8484 8485 94
8485 8486 45
8486 8487 7
8487 8488 83
8488 8489 34
8489 8490 97
8490 8491 15
8491 8492 7
8492 8493 22
8493 8494 60
8494 8495 52
8495 8496 61
8496 8497 39
8497 8498 61
8498 8499 96
8499 8500 97
8500 8501 69
8501 8502 30
8502 8503 49
8503 8504 88
8504 8505 91
8505 8506 50
8506 8507 61
8507 8508 34
8508 8509 19
8509 8510 68
8510 8511 56
8511 8512 2
8512 8513 37
8513 8514 58
8514 8515 49
8515 8516 87
8516 8517 41
8517 8518 68
8518 8519 88
8519 8520 6
8520 8521 13
8521 8522 69
8522 8523 82
8523 8524 46
8524 8525 56
8525 8526 79
8526 8527 84
8527 8528 35
8528 8529 43
8529 8530 35
8530 8531 35
8531 8532 13
8532 8533 33
8533 8534 84
8534 8535 75
8535 8536 51
8536 8537 60
8537 8538 99
8538 8539 87
8539 8540 96
8540 8541 31
8541 8542 94
8542 8543 87
8543 8544 76
8544 8545 99
8545 8546 25
8546 8547 67
8547 8548 44
8548 8549 87
8549 8550 89
8550 8551 24
8551 8552 41
8552 8553 71
8553 8554 2
8554 8555 87
8555 8556 2
8556 8557 9
8557 8558 2
8558 8559 53
8559 8560 13
8560 8561 68
8561 8562 14
8562 8563 88
8563 8564 58
8564 8565 45
8565 8566 29
8566 8567 93
8567 8568 37
8568 8569 33
8569 8570 25
8570 8571 5
8571 8572 4
8572 8573 80
8573 8574 12
8574 8575 8
8575 8576 77
8576 8577 85
8577 8578 28
8578 8579 77
8579 8580 82
8580 8581 16
8581 8582 91
8582 8583 16
8583 8584 12
8584 8585 78
8585 8586 17
8586 8587 49
8587 8588 85
8588 8589 98
8589 8590 83
8590 8591 73
8591 8592 24
8592 8593 15
8593 8594 90
8594 8595 24
8595 8596 33
8596 8597 38
8597 8598 60
8598 8599 85
8599 8600 10
8600 8601 82
8601 8602 59
8602 8603 36
8603 8604 99
8604 8605 55
8605 8606 89
8606 8607 86
8607 8608 99
8608 8609 99
8609 8610 42
8610 8611 33
8611 8612 21
8612 8613 100
8613 8614 10
8614 8615 36
8615 8616 100
8616 8617 8
8617 8618 49
8618 8619 50
8619 8620 43
8620 8621 8
8621 8622 34
8622 8623 34
8623 8624 23
8624 8625 57
8625 8626 9
8626 8627 63
8627 8628 26
8628 8629 79
8629 8630 51
8630 8631 23
8631 8632 83
8632 8633 63
8633 8634 14
8634 8635 19
8635 8636 70
8636 8637 99
8637 8638 56
8638 8639 28
8639 8640 79
8640 8641 83
8641 8642 14
8642 8643 57
8643 8644 92
8644 8645 34
8645 8646 14
8646 8647 5
8647 8648 10
8648 8649 10
8649 8650 74
8650 8651 94
8651 8652 33
8652 8653 100
8653 8654 58
8654 8655 3
8655 8656 64
8656 8657 20
8657 8658 84
8658 8659 82
8659 8660 1
8660 8661 5
8661 8662 86
8662 8663 50
8663 8664 35
8664 8665 20
8665 8666 90
8666 8667 43
8667 8668 51
8668 8669 74
8669 8670 1
8670 8671 66
8671 8672 91
8672 8673 99
8673 8674 63
8674 8675 62
8675 8676 56
8676 8677 52
8677 8678 94
8678 8679 100
8679 8680 9
8680 8681 70
8681 8682 29
8682 8683 1
8683 8684 50
8684 8685 89
8685 8686 100
8686 8687 62
8687 8688 16
8688 8689 73
8689 8690 69
8690 8691 46
8691 8692 43
8692 8693 88
8693 8694 39
8694 8695 52
8695 8696 8
8696 8697 81
8697 8698 83
8698 8699 12
8699 8700 47
8700 8701 69
8701 8702 44
8702 8703 11
8703 8704 59
8704 8705 98
8705 8706 99
8706 8707 38
8707 8708 83
8708 8709 26
8709 8710 23
8710 8711 71
8711 8712 6
8712 8713 50
8713 8714 85
8714 8715 25
8715 8716 39
8716 8717 90
8717 8718 50
8718 8719 14
8719 8720 81
8720 8721 89
8721 8722 46
8722 8723 63
8723 8724 11
8724 8725 81
8725 8726 57
8726 8727 95
8727 8728 25
8728 8729 18
8729 8730 5
8730 8731 25
8731 8732 4
8732 8733 93
8733 8734 76
8734 8735 31
8735 8736 63
8736 8737 50
8737 8738 9
8738 8739 70
8739 8740 83
8740 8741 40
8741 8742 64
8742 8743 69
8743 8744 58
8744 8745 3
8745 8746 5
8746 8747 44
8747 8748 8
8748 8749 44
8749 8750 93
8750 8751 6
8751 8752 52
8752 8753 16
8753 8754 28
8754 8755 84
8755 8756 86
8756 8757 67
8757 8758 59
8758 8759 87
8759 8760 69
8760 8761 20
8761 8762 95
8762 8763 75
8763 8764 30
8764 8765 10
8765 8766 5
8766 8767 95
8767 8768 19
8768 8769 63
8769 8770 84
8770 8771 3
8771 8772 61
8772 8773 80
8773 8774 6
8774 8775 32
8775 8776 90
8776 8777 84
8777 8778 17
8778 8779 2
8779 8780 23
8780 8781 81
8781 8782 7
8782 8783 40
8783 8784 13
8784 8785 59
8785 8786 79
8786 8787 22
8787 8788 76
8788 8789 9
8789 8790 14
8790 8791 15
8791 8792 64
8792 8793 77
8793 8794 79
8794 8795 29
8795 8796 9
8796 8797 26
8797 8798 55
8798 8799 44
8799 8800 95
8800 8801 87
8801 8802 52
8802 8803 42
8803 8804 16
8804 8805 88
8805 8806 74
8806 8807 70
8807 8808 18
8808 8809 42
8809 8810 28
8810 8811 98
8811 8812 6
8812 8813 76
8813 8814 23
8814 8815 43
8815 8816 9
8816 8817 16
8817 8818 36
8818 8819 19
8819 8820 97
8820 8821 54
8821 8822 22
8822 8823 90
8823 8824 48
8824 8825 71
8825 8826 22
8826 8827 57
8827 8828 32
8828 8829 75
8829 8830 6
8830 8831 18
8831 8832 13
8832 8833 81
8833 8834 79
8834 8835 49
8835 8836 100
8836 8837 21
8837 8838 3
8838 8839 63
8839 8840 11
8840 8841 1
8841 8842 1
8842 8843 23
8843 8844 12
8844 8845 91
8845 8846 84
8846 8847 76
8847 8848 37
8848 8849 54
8849 8850 89
8850 8851 99
8851 8852 61
8852 8853 89
8853 8854 17
8854 8855 27
8855 8856 19
8856 8857 82
8857 8858 35
8858 8859 67
8859 8860 58
8860 8861 53
8861 8862 31
8862 8863 23
8863 8864 79
8864 8865 89
8865 8866 5
8866 8867 77
8867 8868 24
8868 8869 92
8869 8870 64
8870 8871 79
8871 8872 12
8872 8873 81
8873 8874 39
8874 8875 45
8875 8876 54
8876 8877 1
8877 8878 72
8878 8879 31
8879 8880 25
8880 8881 16
8881 8882 68
8882 8883 13
8883 8884 80
8884 8885 47
8885 8886 98
8886 8887 70
8887 8888 65
8888 8889 29
8889 8890 60
8890 8891 99
8891 8892 81
8892 8893 85
8893 8894 27
8894 8895 36
8895 8896 7
8896 8897 25
8897 8898 15
8898 8899 20
8899 8900 88
8900 8901 61
8901 8902 64
8902 8903 23
8903 8904 21
8904 8905 86
8905 8906 6
8906 8907 7
8907 8908 83
8908 8909 47
8909 8910 37
8910 8911 27
8911 8912 56
8912 8913 33
8913 8914 43
8914 8915 79
8915 8916 98
8916 8917 59
8917 8918 6
8918 8919 14
8919 8920 95
8920 8921 7
8921 8922 69
8922 8923 23
8923 8924 21
8924 8925 4
8925 8926 63
8926 8927 66
8927 8928 15
8928 8929 10
8929 8930 31
8930 8931 93
8931 8932 57
8932 8933 76
8933 8934 75
8934 8935 42
8935 8936 54
8936 8937 26
8937 8938 96
8938 8939 87
8939 8940 42
8940 8941 30
8941 8942 100
8942 8943 15
8943 8944 42
8944 8945 30
8945 8946 13
8946 8947 31
8947 8948 95
8948 8949 53
8949 8950 26
8950 8951 49
8951 8952 29
8952 8953 10
8953 8954 61
8954 8955 75
8955 8956 63
8956 8957 7
8957 8958 56
8958 8959 19
8959 8960 28
8960 8961 79
8961 8962 59
8962 8963 23
8963 8964 50
8964 8965 48
8965 8966 18
8966 8967 59
8967 8968 93
8968 8969 25
8969 8970 81
8970 8971 46
8971 8972 35
8972 8973 26
8973 8974 43
8974 8975 17
8975 8976 5
8976 8977 89
8977 8978 73
8978 8979 8
8979 8980 36
8980 8981 18
8981 8982 15
8982 8983 60
8983 8984 59
8984 8985 54
8985 8986 22
8986 8987 98
8987 8988 44
8988 8989 29
8989 8990 38
8990 8991 78
8991 8992 21
8992 8993 82
8993 8994 79
8994 8995 22
8995 8996 74
8996 8997 71
8997 8998 30
8998 8999 12
8999 9000 53
9000 9001 67
9001 9002 63
9002 9003 28
9003 9004 76
9004 9005 61
9005 9006 60
9006 9007 36
9007 9008 2
9008 9009 94
9009 9010 55
9010 9011 95
9011 9012 32
9012 9013 32
9013 9014 42
9014 9015 56
9015 9016 75
9016 9017 29
9017 9018 76
9018 9019 20
9019 9020 74
9020 9021 1
9021 9022 54
9022 9023 6
9023 9024 6
9024 9025 61
9025 9026 94
9026 9027 99
9027 9028 65
9028 9029 5
9029 9030 55
9030 9031 68
9031 9032 51
9032 9033 62
9033 9034 90
9034 9035 13
9035 9036 58
9036 9037 64
9037 9038 31
9038 9039 11
9039 9040 72
9040 9041 97
9041 9042 2
9042 9043 89
9043 9044 94
9044 9045 53
9045 9046 28
9046 9047 17
9047 9048 46
9048 9049 38
9049 9050 31
9050 9051 83
9051 9052 12
9052 9053 3
9053 9054 62
9054 9055 86
9055 9056 40
9056 9057 21
9057 9058 91
9058 9059 59
9059 9060 74
9060 9061 96
9061 9062 75
9062 9063 4
9063 9064 59
9064 9065 60
9065 9066 99
9066 9067 18
9067 9068 91
9068 9069 52
9069 9070 24
9070 9071 48
9071 9072 81
9072 9073 60
9073 9074 91
9074 9075 82
9075 9076 1
9076 9077 81
9077 9078 10
9078 9079 50
9079 9080 89
9080 9081 43
9081 9082 68
9082 9083 5
9083 9084 38
9084 9085 55
9085 9086 97
9086 9087 35
9087 9088 90
9088 9089 79
9089 9090 70
9090 9091 74
9091 9092 27
9092 9093 88
9093 9094 11
9094 9095 80
9095 9096 43
9096 9097 95
9097 9098 8
9098 9099 66
9099 9100 87
9100 9101 47
9101 9102 7
9102 9103 15
9103 9104 50
9104 9105 47
9105 9106 60
9106 9107 80
9107 9108 6
9108 9109 47
9109 9110 47
9110 9111 23
9111 9112 83
9112 9113 72
9113 9114 91
9114 9115 9
9115 9116 72
9116 9117 91
9117 9118 100
9118 9119 27
9119 9120 18
9120 9121 43
9121 9122 31
9122 9123 70
9123 9124 15
9124 9125 84
9125 9126 62
9126 9127 95
9127 9128 97
9128 9129 75
9129 9130 90
9130 9131 27
9131 9132 97
9132 9133 96
9133 9134 98
9134 9135 29
9135 9136 42
9136 9137 46
9137 9138 35
9138 9139 65
9139 9140 88
9140 9141 55
9141 9142 36
9142 9143 7
9143 9144 9
9144 9145 48
9145 9146 45
9146 9147 58
9147 9148 63
9148 9149 65
9149 9150 68
9150 9151 16
9151 9152 61
9152 9153 91
9153 9154 69
9154 9155 87
9155 9156 69
9156 9157 38
9157 9158 58
9158 9159 80
9159 9160 48
9160 9161 87
9161 9162 89
9162 9163 9
9163 9164 25
9164 9165 59
9165 9166 12
9166 9167 11
9167 9168 51
9168 9169 23
9169 9170 37
9170 9171 10
9171 9172 14
9172 9173 22
9173 9174 36
9174 9175 15
9175 9176 90
9176 9177 19
9177 9178 64
9178 9179 20
9179 9180 27
9180 9181 67
9181 9182 81
9182 9183 3
9183 9184 38
9184 9185 54
9185 9186 88
9186 9187 70
9187 9188 17
9188 9189 61
9189 9190 45
9190 9191 54
9191 9192 57
9192 9193 95
9193 9194 83
9194 9195 3
9195 9196 38
9196 9197 25
9197 9198 9
9198 9199 3
9199 9200 30
9200 9201 67
9201 9202 83
9202 9203 43
9203 9204 53
9204 9205 75
9205 9206 44
9206 9207 84
9207 9208 83
9208 9209 42
9209 9210 63
9210 9211 76
9211 9212 86
9212 9213 90
9213 9214 68
9214 9215 71
9215 9216 57
9216 9217 59
9217 9218 39
9218 9219 73
9219 9220 17
9220 9221 40
9221 9222 22
9222 9223 34
9223 9224 30
9224 9225 62
9225 9226 48
9226 9227 37
9227 9228 99
9228 9229 7
9229 9230 19
9230 9231 46
9231 9232 37
9232 9233 59
9233 9234 22
9234 9235 80
9235 9236 21
9236 9237 92
9237 9238 69
9238 9239 37
9239 9240 24
9240 9241 23
9241 9242 91
9242 9243 89
9243 9244 86
9244 9245 20
9245 9246 21
9246 9247 31
9247 9248 15
9248 9249 6
9249 9250 41
9250 9251 74
9251 9252 17
9252 9253 57
9253 9254 34
9254 9255 48
9255 9256 24
9256 9257 27
9257 9258 72
9258 9259 91
9259 9260 5
9260 9261 86
9261 9262 41
9262 9263 45
9263 9264 19
9264 9265 48
9265 9266 58
9266 9267 70
9267 9268 21
9268 9269 69
9269 9270 39
9270 9271 16
9271 9272 4
9272 9273 52
9273 9274 64
9274 9275 99
9275 9276 19
9276 9277 59
9277 9278 41
9278 9279 20
9279 9280 1
9280 9281 95
9281 9282 70
9282 9283 65
9283 9284 43
9284 9285 83
9285 9286 91
9286 9287 38
9287 9288 61
9288 9289 38
9289 9290 97
9290 9291 74
9291 9292 86
9292 9293 19
9293 9294 73
9294 9295 94
9295 9296 57
9296 9297 44
9297 9298 89
9298 9299 15
9299 9300 94
9300 9301 62
9301 9302 6
9302 9303 18
9303 9304 87
9304 9305 71
9305 9306 15
9306 9307 40
9307 9308 4
9308 9309 52
9309 9310 80
9310 9311 29
9311 9312 58
9312 9313 46
9313 9314 12
9314 9315 42
9315 9316 8
9316 9317 78
9317 9318 83
9318 9319 25
9319 9320 75
9320 9321 68
9321 9322 29
9322 9323 99
9323 9324 36
9324 9325 26
9325 9326 3
9326 9327 11
9327 9328 69
9328 9329 58
9329 9330 87
9330 9331 86
9331 9332 12
9332 9333 66
9333 9334 51
9334 9335 25
9335 9336 63
9336 9337 41
9337 9338 78
9338 9339 78
9339 9340 66
9340 9341 8
9341 9342 86
9342 9343 47
9343 9344 51
9344 9345 19
9345 9346 92
9346 9347 55
9347 9348 48
9348 9349 50
9349 9350 48
9350 9351 2
9351 9352 37
9352 9353 45
9353 9354 45
9354 9355 40
9355 9356 58
9356 9357 72
9357 9358 12
9358 9359 28
9359 9360 94
9360 9361 57
9361 9362 95
9362 9363 54
9363 9364 57
9364 9365 37
9365 9366 21
9366 9367 94
9367 9368 55
9368 9369 94
9369 9370 54
9370 9371 18
9371 9372 76
9372 9373 77
9373 9374 12
9374 9375 19
9375 9376 27
9376 9377 39
9377 9378 61
9378 9379 68
9379 9380 43
9380 9381 9
9381 9382 76
9382 9383 97
9383 9384 49
9384 9385 12
9385 9386 1
9386 9387 53
9387 9388 82
9388 9389 35
9389 9390 54
9390 9391 23
9391 9392 72
9392 9393 60
9393 9394 91
9394 9395 73
9395 9396 97
9396 9397 18
9397 9398 26
9398 9399 24
9399 9400 49
9400 9401 38
9401 9402 71
9402 9403 63
9403 9404 6
9404 9405 39
9405 9406 75
9406 9407 39
9407 9408 64
9408 9409 72
9409 9410 95
9410 9411 60
9411 9412 29
9412 9413 4
9413 9414 1
9414 9415 20
9415 9416 34
9416 9417 39
9417 9418 82
9418 9419 82
9419 9420 61
9420 9421 16
9421 9422 84
9422 9423 86
9423 9424 37
9424 9425 54
9425 9426 23
9426 9427 63
9427 9428 89
9428 9429 83
9429 9430 32
9430 9431 4
9431 9432 16
9432 9433 98
9433 9434 36
9434 9435 64
9435 9436 9
9436 9437 77
9437 9438 96
9438 9439 47
9439 9440 75
9440 9441 62
9441 9442 73
9442 9443 56
9443 9444 34
9444 9445 81
9445 9446 88
9446 9447 61
9447 9448 89
9448 9449 16
9449 9450 48
9450 9451 66
9451 9452 94
9452 9453 74
9453 9454 3
9454 9455 34
9455 9456 21
9456 9457 75
9457 9458 8
9458 9459 19
9459 9460 41
9460 9461 60
9461 9462 89
9462 9463 18
9463 9464 46
9464 9465 21
9465 9466 7
9466 9467 35
9467 9468 47
9468 9469 54
9469 9470 82
9470 9471 46
9471 9472 7
9472 9473 38
9473 9474 38
9474 9475 68
9475 9476 82
9476 9477 10
9477 9478 66
9478 9479 25
9479 9480 99
9480 9481 81
9481 9482 24
9482 9483 98
9483 9484 13
9484 9485 77
9485 9486 97
9486 9487 22
9487 9488 70
9488 9489 42
9489 9490 41
9490 9491 88
9491 9492 39
9492 9493 35
9493 9494 88
9494 9495 90
9495 9496 89
9496 9497 47
9497 9498 13
9498 9499 69
9499 9500 75
9500 9501 46
9501 9502 19
9502 9503 2
9503 9504 18
9504 9505 67
9505 9506 37
9506 9507 48
9507 9508 100
9508 9509 63
9509 9510 53
9510 9511 44
9511 9512 21
9512 9513 14
9513 9514 28
9514 9515 20
9515 9516 65
9516 9517 29
9517 9518 25
9518 9519 72
9519 9520 79
9520 9521 89
9521 9522 68
9522 9523 69
9523 9524 92
9524 9525 71
9525 9526 90
9526 9527 97
9527 9528 15
9528 9529 54
9529 9530 59
9530 9531 10
9531 9532 15
9532 9533 17
9533 9534 3
9534 9535 62
9535 9536 45
9536 9537 40
9537 9538 89
9538 9539 47
9539 9540 18
9540 9541 57
9541 9542 77
9542 9543 67
9543 9544 98
9544 9545 44
9545 9546 23
9546 9547 91
9547 9548 39
9548 9549 4
9549 9550 96
9550 9551 16
9551 9552 29
9552 9553 17
9553 9554 89
9554 9555 19
9555 9556 89
9556 9557 30
9557 9558 40
9558 9559 17
9559 9560 27
9560 9561 17
9561 9562 11
9562 9563 55
9563 9564 89
9564 9565 98
9565 9566 15
9566 9567 10
9567 9568 3
9568 9569 100
9569 9570 62
9570 9571 97
9571 9572 56
9572 9573 6
9573 9574 26
9574 9575 14
9575 9576 5
9576 9577 85
9577 9578 66
9578 9579 76
9579 9580 8
9580 9581 61
9581 9582 16
9582 9583 33
9583 9584 6
9584 9585 9
9585 9586 39
9586 9587 86
9587 9588 2
9588 9589 97
9589 9590 13
9590 9591 16
9591 9592 78
9592 9593 27
9593 9594 76
9594 9595 26
9595 9596 24
9596 9597 86
9597 9598 45
9598 9599 4
9599 9600 12
9600 9601 19
9601 9602 96
9602 9603 36
9603 9604 75
9604 9605 45
9605 9606 46
9606 9607 21
9607 9608 65
9608 9609 100
9609 9610 94
9610 9611 79
9611 9612 31
9612 9613 65
9613 9614 73
9614 9615 9
9615 9616 13
9616 9617 75
9617 9618 98
9618 9619 2
9619 9620 68
9620 9621 28
9621 9622 92
9622 9623 25
9623 9624 37
9624 9625 22
9625 9626 97
9626 9627 69
9627 9628 1
9628 9629 93
9629 9630 13
9630 9631 28
9631 9632 65
9632 9633 91
9633 9634 61
9634 9635 47
9635 9636 90
9636 9637 76
9637 9638 24
9638 9639 57
9639 9640 87
9640 9641 14
9641 9642 24
9642 9643 46
9643 9644 49
9644 9645 55
9645 9646 28
9646 9647 66
9647 9648 30
9648 9649 53
9649 9650 15
9650 9651 98
9651 9652 41
9652 9653 16
9653 9654 60
9654 9655 15
9655 9656 67
9656 9657 18
9657 9658 64
9658 9659 98
9659 9660 47
9660 9661 91
9661 9662 37
9662 9663 72
9663 9664 93
9664 9665 6
9665 9666 11
9666 9667 42
9667 9668 64
9668 9669 15
9669 9670 50
9670 9671 37
9671 9672 59
9672 9673 77
9673 9674 95
9674 9675 40
9675 9676 88
9676 9677 57
9677 9678 29
9678 9679 71
9679 9680 53
9680 9681 38
9681 9682 55
9682 9683 25
9683 9684 9
9684 9685 61
9685 9686 87
9686 9687 48
9687 9688 23
9688 9689 2
9689 9690 87
9690 9691 63
9691 9692 87
9692 9693 14
9693 9694 51
9694 9695 57
9695 9696 67
9696 9697 85
9697 9698 87
9698 9699 11
9699 9700 16
9700 9701 19
9701 9702 51
9702 9703 52
9703 9704 89
9704 9705 76
9705 9706 14
9706 9707 95
9707 9708 22
9708 9709 9
9709 9710 47
9710 9711 26
9711 9712 44
9712 9713 26
9713 9714 77
9714 9715 52
9715 9716 16
9716 9717 30
9717 9718 55
9718 9719 93
9719 9720 64
9720 9721 36
9721 9722 98
9722 9723 92
9723 9724 99
9724 9725 75
9725 9726 76
9726 9727 35
9727 9728 97
9728 9729 83
9729 9730 52
9730 9731 46
9731 9732 61
9732 9733 86
9733 9734 78
9734 9735 52
9735 9736 63
9736 9737 66
9737 9738 36
9738 9739 19
9739 9740 99
9740 9741 59
9741 9742 14
9742 9743 16
9743 9744 33
9744 9745 63
9745 9746 64
9746 9747 30
9747 9748 81
9748 9749 18
9749 9750 4
9750 9751 13
9751 9752 95
9752 9753 7
9753 9754 9
9754 9755 64
9755 9756 87
9756 9757 4
9757 9758 23
9758 9759 49
9759 9760 78
9760 9761 87
9761 9762 42
9762 9763 20
9763 9764 39
9764 9765 80
9765 9766 80
9766 9767 13
9767 9768 98
9768 9769 10
9769 9770 85
9770 9771 97
9771 9772 67
9772 9773 99
9773 9774 64
9774 9775 60
9775 9776 26
9776 9777 38
9777 9778 85
9778 9779 64
9779 9780 63
9780 9781 65
9781 9782 34
9782 9783 70
9783 9784 44
9784 9785 70
9785 9786 70
9786 9787 3
9787 9788 98
9788 9789 5
9789 9790 56
9790 9791 16
9791 9792 50
9792 9793 58
9793 9794 41
9794 9795 49
9795 9796 57
9796 9797 59
9797 9798 5
9798 9799 5
9799 9800 23
9800 9801 72
9801 9802 85
9802 9803 100
9803 9804 39
9804 9805 91
9805 9806 22
9806 9807 63
9807 9808 56
9808 9809 18
9809 9810 40
9810 9811 92
9811 9812 50
9812 9813 63
9813 9814 98
9814 9815 15
9815 9816 73
9816 9817 87
9817 9818 63
9818 9819 85
9819 9820 71
9820 9821 88
9821 9822 70
9822 9823 74
9823 9824 61
9824 9825 61
9825 9826 72
9826 9827 21
9827 9828 65
9828 9829 8
9829 9830 51
9830 9831 34
9831 9832 64
9832 9833 76
9833 9834 49
9834 9835 79
9835 9836 87
9836 9837 46
9837 9838 99
9838 9839 37
9839 9840 42
9840 9841 8
9841 9842 4
9842 9843 76
9843 9844 6
9844 9845 17
9845 9846 47
9846 9847 45
9847 9848 95
9848 9849 75
9849 9850 4
9850 9851 98
9851 9852 81
9852 9853 44
9853 9854 49
9854 9855 13
9855 9856 55
9856 9857 45
9857 9858 46
9858 9859 53
9859 9860 45
9860 9861 8
9861 9862 85
9862 9863 32
9863 9864 32
9864 9865 31
9865 9866 83
9866 9867 40
9867 9868 76
9868 9869 11
9869 9870 89
9870 9871 9
9871 9872 40
9872 9873 15
9873 9874 44
9874 9875 22
9875 9876 3
9876 9877 69
9877 9878 42
9878 9879 5
9879 9880 59
9880 9881 85
9881 9882 55
9882 9883 73
9883 9884 66
9884 9885 54
9885 9886 35
9886 9887 3
9887 9888 90
9888 9889 61
9889 9890 76
9890 9891 3
9891 9892 41
9892 9893 49
9893 9894 74
9894 9895 50
9895 9896 42
9896 9897 74
9897 9898 13
9898 9899 63
9899 9900 13
9900 9901 89
9901 9902 87
9902 9903 27
9903 9904 44
9904 9905 64
9905 9906 65
9906 9907 98
9907 9908 86
9908 9909 44
9909 9910 22
9910 9911 79
9911 9912 39
9912 9913 47
9913 9914 56
9914 9915 26
9915 9916 64
9916 9917 82
9917 9918 10
9918 9919 69
9919 9920 28
9920 9921 37
9921 9922 34
9922 9923 7
9923 9924 39
9924 9925 74
9925 9926 52
9926 9927 29
9927 9928 80
9928 9929 96
9929 9930 12
9930 9931 92
9931 9932 75
9932 9933 13
9933 9934 76
9934 9935 44
9935 9936 35
9936 9937 9
9937 9938 73
9938 9939 68
9939 9940 61
9940 9941 55
9941 9942 27
9942 9943 45
9943 9944 10
9944 9945 84
9945 9946 39
9946 9947 65
9947 9948 39
9948 9949 56
9949 9950 85
9950 9951 70
9951 9952 41
9952 9953 26
9953 9954 54
9954 9955 52
9955 9956 33
9956 9957 80
9957 9958 66
9958 9959 59
9959 9960 86
9960 9961 98
9961 9962 71
9962 9963 24
9963 9964 3
9964 9965 81
9965 9966 91
9966 9967 67
9967 9968 24
9968 9969 74
9969 9970 64
9970 9971 28
9971 9972 85
9972 9973 96
9973 9974 60
9974 9975 35
9975 9976 82
9976 9977 69
9977 9978 79
9978 9979 99
9979 9980 56
9980 9981 73
9981 9982 94
9982 9983 81
9983 9984 8
9984 9985 67
9985 9986 26
9986 9987 47
9987 9988 60
9988 9989 19
9989 9990 31
9990 9991 20
9991 9992 96
9992 9993 88
9993 9994 98
9994 9995 39
9995 9996 56
9996 9997 53
9997 9998 41
9998 9999 9
3335 6757 2187
4702 2631 2101
9850 3868 3325
3907 1860 1229
3144 453 2012
5087 7604 3977
9172 7145 3458
606 3309 1306
4468 2235 239
4233 4551 4512
2883 691 3981
326 906 688
5143 9856 2442
1041 6668 2978
1479 6502 1152
3867 1833 4678
8196 1976 4276
9509 8605 2063
8133 1478 1951
9827 2003 2568
5395 9573 3195
3865 6928 1786
2363 1750 1435
3507 4498 3601
6690 4166 4830
916 8034 4371
6139 1850 2593
8941 6943 3891
4036 4550 1188
5947 7786 3013
5049 345 4963
570 895 1964
4144 9055 3152
5067 5945 1000
8763 3872 3625
6364 128 3220
4186 4929 740
3857 4872 1724
2625 7190 2599
6656 555 2245
1312 8055 3860
6765 5451 3461
1644 2627 2138
8295 1087 2883
6895 9865 4487
5353 7426 225
853 3010 3633
2229 50 3283
3278 5006 2571
9434 1347 908
2585 4089 4231
2131 9732 3362
5233 7397 3919
2187 4270 1422
9716 5367 2309
3254 1382 3396
6022 2980 3224
6182 9345 1839
339 376 4576
3747 1457 3789
3248 4289 1383
815 6570 3514
9836 4262 1223
1459 6028 1394
9293 1922 116
8615 7129 3717
8096 1941 1839
3328 3121 2181
4717 8096 3130
2133 7066 1693
9831 3531 2319
3102 6853 1478
6693 2391 236
4754 4289 1930
7388 4068 3029
9550 7506 703
169 7682 1092
5296 6513 1739
6283 6935 4893
4198 1196 781
9125 962 427
5453 3847 3858
5804 9934 4901
745 87 2078
8266 6241 2479
6466 6076 1084
9167 673 4756
2938 4264 1392
8253 8074 2779
7669 2161 735
5198 8690 3547
2323 4266 958
5132 723 1048
8179 4603 2954
7046 4635 2157
4321 8470 2565
7139 2703 2585
8049 2478 4553
7208 871 1548
2435 894 1884
3000 587 3853
4263 2679 3827
7150 1900 4055
668 7233 2921
9189 7949 3750
8077 1843 1213
2025 5727 767
3337 4654 1480
2757 8335 2235
9228 9595 1740
9560 67 4310
9351 2958 3412
1258 4033 4081
1545 5384 213
4657 1998 3230
6120 9672 869
5300 2519 237
1328 7540 3931
7439 4412 4868
95 5397 360
7423 5323 4663
2118 3463 399
4635 5294 455
1158 8964 4934
6248 1516 3268
4180 2916 1967
6535 1461 169
3411 2669 3183
6592 4668 1263
1975 4891 4022
7083 5080 4944
2151 5882 788
6020 8399 1638
8021 7298 3180
7805 4398 4613
9835 6931 740
6922 6033 1527
7112 6979 762
662 8410 2800
7594 3673 1271
8115 8638 4299
1375 4762 3836
7165 1297 3913
4921 2434 1047
4921 4073 4286
7007 4841 4658
781 9027 627
738 8411 882
8366 6961 3384
1548 7612 4657
4151 5823 2088
9593 1339 4125
266 1866 3792
2941 2985 3220
741 1364 3410
4876 5143 4811
7454 7371 2172
5592 3066 1730
3032 1281 4949
4248 1742 3554
8755 293 48
6470 1911 109
2813 7817 3770
6637 9861 3988
4961 5910 3236
4958 1435 1025
2213 227 1564
1833 260 1542
439 3428 3942
2378 3961 3570
8824 3127 706
4930 7592 1214
7765 6912 179
1908 2721 1249
7295 7947 3863
321 7364 4795
3975 3298 2416
9329 6418 418
5469 129 842
7074 6810 4061
9480 9762 4541
4764 606 3994
6548 7964 4206
9683 7993 1900
994 8655 156
6914 9443 2588
9064 1040 2195
6834 7755 958
8106 5681 3673
7147 340 1322
4718 3149 3845
5633 7178 1902
8317 3599 4815
5556 9864 3838
2148 4806 3198
6829 5902 3870
2654 3394 2314
1412 7911 1058
2839 3268 1281
9924 8063 827
6815 8089 2488
3845 3431 4562
770 297 2940
4273 5849 1300
2862 8248 262
1043 5533 3528
1867 3714 989
9207 3671 3985
4224 5575 2911
764 9126 2192
2476 8444 4951
1706 826 3587
7489 1817 868
9988 1669 4608
687 8311 864
2736 1934 1683
5925 2572 2394
7233 8288 4083
1626 2527 2980
5482 2257 1008
3307 7194 3406
107 4019 3881
5592 4698 4138
2805 1396 2180
6101 6799 2955
4021 2483 4339
6909 3738 1131
7025 6773 3354
7516 8456 2964
487 7251 1193
162 8476 571
1389 5542 2579
6580 2692 3556
1007 6443 304
2473 9413 474
8516 4845 3435
6586 9070 2494
5139 5638 65
4583 8647 1204
6618 7310 1681
8919 7244 2829
6627 3232 2471
1380 605 4403
5480 6389 1033
8527 8860 2326
3501 1520 4192
9040 5115 4271
5582 2621 192
456 8846 4854
4238 3954 2490
6926 8278 905
982 6110 2128
8314 5807 1015
782 2043 3677
4881 9378 43
7424 5553 1935
9528 9266 4369
9757 3831 2870
4902 4661 4693
2293 6187 4258
4057 1724 2686
8461 9541 1578
5919 7443 803
2401 6974 3376
1342 1511 510
6961 2130 3902
3519 7309 640
6050 8622 3300
9637 9158 4252
6468 4320 4787
8172 6937 3606
8020 6830 1335
2364 8286 1042
7942 7499 1060
8408 8669 968
3483 7461 3878
534 2569 4580
6051 1945 4929
6694 1807 991
6055 9367 2373
659 8565 1256
1929 6086 2498
6135 4968 2409
7961 458 1171
2328 9660 3456
797 4999 2323
3532 2999 4005
34 2004 4486
5712 1106 367
6841 7883 4695
5074 9269 3706
5534 6181 3894
9923 2175 1135
8270 7551 3686
7357 2440 2665
1463 6711 3173
3814 6478 2778
8863 750 3630
4544 1450 1357
406 9371 2531
9192 2028 4583
1395 3152 4439
9451 866 4672
8548 3103 3899
8235 305 986
8713 2944 156
4504 3371 2010
9495 7278 694
8741 9942 2625
6583 9648 369
8052 381 2785
7160 2957 3400
394 8649 2600
6258 4213 746
1878 1627 4439
2755 4675 1180
2992 4187 735
2526 5026 3337
2772 965 2665
2973 445 480
4882 6388 809
5243 2334 3382
5311 4225 3077
1981 849 1660
3925 9781 4801
3874 8076 4167
8264 6308 943
4412 993 2608
7615 9062 3335
1072 7932 237
6676 3829 153
4409 9077 4802
1663 4035 4545
2057 4990 4656
6664 7306 688
8199 3333 1167
6116 8854 1378
4016 8806 3472
9095 7401 343
16 7612 2370
2742 8 493
7900 4477 4898
4110 6228 2879
3485 9587 4181
4609 745 1323
8750 9225 573
4925 1469 3239
2014 2288 4559
4578 7077 1728
8270 5215 2807
4282 7417 2237
4029 5269 2799
3450 7533 4912
5381 260 1096
33 9974 3904
70 156 1422
6769 9106 4006
6435 8816 665
1270 8825 254
7293 2022 2892
6166 9851 2933
6336 2903 70
2044 7580 3035
3161 7283 77
3629 324 2304
5862 3137 738
4967 3623 1920
8090 5947 302
4599 8074 4965
3425 116 1607
6489 1817 2273
9324 8197 4047
2793 9040 1588
9268 9879 4630
2875 1070 4819
2101 1065 1044
4253 9337 1868
8570 4494 1572
378 8731 2072
9176 7437 17
6997 849 2647
7086 6666 2245
1994 8491 3823
8119 5922 4238
712 3678 385
4553 6882 4362
7354 5181 43
6420 3188 2742
1340 9368 208
3696 6943 610
4095 3225 1348
5394 5092 515
1584 456 3932
7077 393 4855
5477 4102 2025
1766 7759 1953
5583 891 2733
8514 3878 598
9829 7184 784
7314 9485 1023
1401 994 274
6183 5132 533
2089 1015 3621
897 4939 3538
1077 1668 458
9162 855 2416
6249 6581 786
6735 3819 4912
173 7428 3146
7605 7014 830
5564 425 3720
8474 5377 4816
3153 1769 842
201 9751 554
9713 3172 4696
2064 8337 2100
5822 6897 3944
7284 3046 1992
2255 722 496
2091 5106 4789
7140 8407 2931
5098 9562 4434
2385 2415 3847
5057 9884 2810
4768 6042 67
8481 9608 1185
939 3889 4155
9166 894 3458
5633 3201 1642
3297 1120 2798
3102 7794 3829
9826 5425 4739
9274 5499 2455
6859 5384 1330
1717 7443 346
8125 3594 31
3654 3772 3822
3492 3916 3939
5431 6158 1682
6558 3018 56
5944 162 605
5863 491 4545
1887 2333 2381
7215 3185 4798
5896 719 244
3262 3241 2328
2853 3587 2147
2855 5567 4543
4029 2925 1606
352 2884 2145
1657 343 1125
6208 1818 2773
3444 4998 3738
3934 6056 3051
2807 8633 3554
1071 1941 1184
2142 3107 1571
8725 6196 3066
5209 9823 3519
4006 756 4812
3098 8773 2410
2434 5368 2025
872 4588 1036
8327 9569 4006
3428 1333 3856
1062 2743 4167
6358 8342 3066
8168 8501 3804
2932 5272 3063
8609 7918 4054
7762 4396 4762
6569 9567 300
3394 3596 1663
7406 3840 3244
3581 5013 3482
6178 9361 1288
6129 4170 4511
1388 2200 689
4834 7282 4251
5760 3771 4784
674 7622 4197
5511 6981 3696
7660 7086 3351
6021 8151 2598
4473 6264 203
2942 7236 1916
4351 1243 2942
1350 4825 4111
8401 8956 641
4528 3731 807
1942 1168 2952
627 8946 1641
5468 3221 2698
4096 4959 2249
3123 9896 1130
8898 4278 70
4906 4617 2840
6616 6647 4751
194 7733 4200
2445 6512 1865
3717 3438 3887
3829 8451 4809
9054 7679 3780
5581 1406 2565
3077 7025 3422
3433 7187 3687
9149 493 3070
2276 9461 1052
5006 158 4095
5810 5567 1848
6867 6974 3305
8808 4909 2672
9616 380 4650
527 2279 1260
5410 9309 4940
9958 9402 3203
6247 3345 3201
1043 8757 3166
3085 7778 890
5387 9330 3699
4991 1527 1405
1709 9058 1456
525 9885 4003
439 3058 1631
1138 6322 2326
3373 3818 2385
8591 1146 3725
941 6039 4248
180 2815 2677
6731 6407 1287
1814 2115 4395
6855 7835 564
6373 3382 1065
3369 5075 3541
7778 2601 4946
9422 5084 4813
3325 8232 3760
4512 3304 61
2337 7302 525
6541 9909 2023
8615 5388 4664
8043 7539 3791
9439 640 747
4717 7476 2841
4873 6407 1435
6800 4081 1472
7079 7501 3152
3005 9316 783
6447 715 1964
2587 4485 4406
4782 1093 1780
8085 6738 4529
1986 6041 627
1723 8264 2671
6719 7388 1351
4141 3397 4146
731 7572 219
1199 7567 3123
5630 6542 1593
6499 618 88
4105 1878 1119
5359 7606 3972
7558 1117 677
8985 3969 3586
2297 7713 2287
2643 2794 148
9944 1646 1452
4819 2034 4380
6403 2759 636
183 4476 1258
7219 5866 1458
3549 564 4361
3541 7242 392
8566 1684 3200
5051 7274 430
9800 76 399
6183 3305 2046
6138 3908 1639
1497 262 3455
457 238 2762
3148 1035 1807
1582 2750 1369
721 6810 4199
1764 5359 2644
9208 3105 1697
8875 6472 3506
1979 3807 1752
1734 5842 2650
2844 245 3295
5181 196 3189
3485 7516 1804
1081 4562 3023
719 1103 1791
6735 4940 4906
8185 1668 4393
9325 2809 2064
1552 9828 2658
6366 2177 2721
2872 5209 3950
1106 5490 145
9970 9585 3678
6264 8372 1905
8248 9625 109
3811 347 1017
5060 3873 3511
3990 1300 491
2253 6136 4086
4859 3309 1243
6156 3348 311
3900 9798 3636
5385 2199 2279
5202 648 4267
6797 4726 195
3752 5427 2808
3969 3372 4419
885 4068 1823
9962 6250 4272
5269 3007 3624
99 1058 4028
1146 3153 427
2318 3345 1029
1503 2845 4855
8992 3348 1936
8313 1280 3492
7652 5103 1345
3236 4012 3474
2890 9926 2040
4966 4675 4723
7344 3299 2228
7883 1310 2946
6524 6188 1375
7712 7231 3463
8278 9984 3551
2553 7897 163
6249 7002 682
4918 9751 4401
2503 9057 1440
4215 6233 3799
5011 7431 2321
6146 9210 4965
7878 1178 2730
2238 7688 1604
2535 3106 35
210 8203 3066
8051 6628 3407
6465 6113 3147
8020 5043 4820
1167 6697 319
2039 6304 4634
2660 3182 3575
4182 5711 4175
8005 6032 473
6313 6947 2022
3970 7827 283
5921 462 1212
4281 9919 3732
2414 4166 2027
9865 9475 1323
202 1912 757
6297 6515 4802
1316 8495 1547
6929 2716 3497
4143 4951 4102
8735 6271 4802
5045 6743 729
1790 9381 2822
2338 4407 1717
6520 5047 53
2759 8056 13
1587 1144 3423
8600 6829 2363
7060 2795 1446
6138 3053 1101
3244 7970 1491
8234 1806 3692
9291 3482 1521
3292 966 1497
3143 4249 3349
7220 1789 1361
1307 4802 703
6188 2042 2268
1052 5605 244
9595 3846 3915
7949 1651 78
1000 4359 60
9542 685 794
3458 8557 60
6154 9879 4261
4355 7961 3877
5521 9902 3519
5514 6074 2811
5164 3925 2960
6528 6200 469
5833 5410 821
50 7486 3292
2275 420 4931
2013 8693 2290
4072 6036 3703
7785 8436 3385
3079 51 2640
272 5901 375
5333 7279 1914
9941 7938 3279
1333 5707 3506
7800 1645 3153
4814 9947 1599
2345 8520 4685
8267 520 1048
8158 1426 2469
8990 7648 1377
7311 1895 3950
8858 3946 1994
3467 2792 733
1728 7125 240
2625 5349 3142
4593 3610 2111
7803 2016 1113
8757 8060 741
5452 3666 4719
9841 1059 2812
6176 6252 4604
7159 3823 1832
4244 1895 2384
1436 1824 731
5574 9702 1542
1902 9385 3013
2087 5134 3115
9452 27 2547
1013 9667 4388
3110 6359 3471
5237 5980 1035
8515 9856 4840
3639 1746 3239
150 8819 3774
5176 2370 2432
3586 8189 3734
2415 9854 2322
2389 562 4907
5245 5060 4116
2022 4480 4702
7836 3534 4056
4775 6171 482
5458 2501 1726
3687 861 1467
7987 6419 2451
2608 353 4489
6427 5528 3461
7756 5706 3207
6407 1176 4325
4637 4626 1599
8978 6451 798
2144 5298 4755
886 4981 3749
2681 9456 1127
7239 7904 2385
2372 3436 1787
3205 149 2968
9431 1670 1210
6169 6997 1379
922 1573 2913
7763 2943 430
1922 8444 2773
9722 7107 1218
6619 4014 279
1946 3946 3250
8005 4959 4884
2826 6150 735
7596 6260 2255
7292 6018 96
1966 1910 677
1999 8015 4176
3685 377 4808
9387 9381 3929
4484 1549 4857
2967 6290 3967
7105 4888 4682
2051 1629 2665
1040 8806 1515
6640 323 3226
9110 8788 4343
8004 1047 4251
9580 8830 1017
3399 1922 1481
9815 2948 44
9088 7327 2575
2015 641 1056
9422 3378 1321
1438 9215 2104
573 1386 1022
8292 4891 2979
8919 2811 3466
1 4068 2463
756 8510 2404
8750 7289 1146
9454 8035 2564
8563 5769 4966
8818 8365 1720
1622 732 1943
601 3081 1161
4910 3526 1100
9865 9045 1770
9695 5882 2273
2105 6914 610
9008 4177 2136
6255 2675 3278
7472 1364 2083
6968 2346 4391
3338 1156 2207
3156 6097 4618
8379 9911 1344
6876 2514 2592
7104 6208 213
9889 4055 636
4425 2041 4354
1802 8984 3333
1080 5396 729
5944 5464 2239
2397 3698 2242
161 1604 3090
3640 6203 861
2023 2879 4313
5022 9647 4011
1565 8666 2859
9374 4620 4519
4440 9952 812
785 2797 2606
6382 2960 2828
8711 9038 4872
6597 7812 4853
2090 4244 78
8414 2547 1036
2337 6206 4650
4380 866 3033
4081 9972 3427
7500 2999 3596
5799 7678 4115
4699 4519 3505
8529 3748 2501
1424 5007 3331
5123 1476 652
1256 3932 768
2705 9425 471
1385 4683 4540
8074 175 3474
8334 2235 3930
8156 8437 4362
2042 6643 114
3115 119 3482
8754 5653 2001
8652 9981 347
9951 7350 1381
8577 3687 1433
1230 6013 1093
8416 5788 418
6925 8118 3106
2793 6115 928
5537 4092 4417
1931 4752 2451
7915 4809 2169
3490 36 4660
6449 3562 2498
8446 580 3794
7999 942 2915
96 7542 2692
4888 5798 878
84 5729 1526
6587 5808 73
1660 7058 4031
3236 1388 4335
8426 2518 3365
2029 7985 57
2549 4098 1853
7711 6477 3067
4903 5971 3509
2984 8788 2208
1780 7185 3600
2651 2291 2898
7110 95 2943
3251 1813 1553
4667 659 1096
6464 6898 2714
517 2626 1631
7852 4354 974
6899 8012 4507
8119 2087 2662
6551 8222 3186
2153 1797 884
346 2066 1275
5638 8192 112
3874 852 2803
7039 9782 66
7116 7867 2372
4623 7961 677
7027 4059 1250
8376 3061 2044
4606 1884 2159
4052 7031 1626
7764 1688 4116
2968 3091 4844
2436 3758 987
2167 6574 315
4486 3148 1198
6984 289 1636
1489 834 3116
6673 8601 2511
3791 3633 2754
6980 7851 503
8353 6997 424
4985 1803 2206
5956 4596 2876
6849 4046 2621
779 2977 335
8 854 2635
3473 4674 3868
4590 9937 826
7059 3028 2067
8049 5956 2739
4986 1827 794
223 9040 1068
5426 5907 2961
9648 8664 4954
6088 3903 2261
3441 9573 3147
1429 1742 1069
9860 1971 337
9610 3120 1581
7303 1616 614
8955 5618 2470
7769 3309 4371
2517 717 1048
3140 6851 4510
4137 9180 2846
5996 7347 962
7145 1109 3956
6864 8581 4128
358 2735 4909
4491 2112 2373
744 9276 499
3116 6512 4056
8723 8412 615
2711 7172 4173
6293 9215 3197
6567 9948 2225
3390 3015 30
2621 9369 1785
9701 145 4201
7461 8254 4302
4240 4971 1805
4855 4399 4524
1951 2803 1835
747 8741 1952
4781 640 1214
4550 2178 2216
844 4079 1721
8758 1903 12
5692 9914 3024
5317 1363 4500
4326 2189 3346
4831 5318 470
170 5824 1797
4582 2895 2098
256 8804 4779
1743 6258 2109
9901 9025 1689
7244 3614 2657
4403 3341 4765
6479 2550 3655
3796 7109 3020
2430 7848 768
8125 2973 3764
3031 2885 1548
9333 8036 1478
4621 344 2541
2669 2911 3230
9958 3077 569
2351 1180 3494
4018 7455 3298
1642 8630 1125
193 9884 817
6191 6291 170
1802 222 359
2165 4068 685
4385 2336 4913
221 153 872
8886 5544 697
3314 2281 3936
9221 7279 1337
5036 5435 3924
2531 3994 458
8905 4382 4454
2016 347 365
1684 8923 2431
1680 8381 3403
2323 19 1838
393 3713 3500
6314 2414 2895
4699 3700 3152
1841 8057 1390
1804 3678 834
4617 5854 625
5467 1939 2954
1389 710 4953
2475 2917 3512
8691 5486 4913
2971 6967 1231
4940 4702 2854
1702 4441 4090
6047 4348 626
35 2435 1201
5247 2421 3200
7318 7838 552
1854 9467 3502
4562 2370 741
5292 2089 1490
6308 5777 2616
8097 6944 3943
6782 9858 2732
2264 4028 3140
6859 9000 4073
8826 8745 4036
8724 8785 1886
6301 1369 4760
6911 8633 4734
3593 1429 1927
5926 46 1666
281 5937 4575
7764 2188 903
976 5723 2957
2283 4828 3772
2361 9035 3450
3973 3452 1840
915 2257 961
2344 6184 216
6958 6089 444
1736 9529 605
7812 9730 1296
494 2406 2993
2314 1294 2008
1262 204 4663
6823 2452 1495
7696 2295 4321
4907 7703 3372
5526 7274 109
4698 1822 1278
983 526 4950
2843 8245 1314
178 6494 3471
7443 9079 2114
9372 8222 2508
3724 6941 1285
4453 1506 4273
6185 2050 1736
6560 917 1794
6427 3009 4582
9913 1264 3838
7821 5131 3319
6233 2700 448
6086 6950 1596
4422 1776 856
1274 5942 4942
5496 459 1963
4623 2666 4437
1744 1070 1736
9783 179 2533
3075 9038 1653
530 3937 2206
1393 9340 4627
735 9236 3964
748 787 2578
1527 5056 70
5843 4626 3262
8195 3192 2577
6400 5830 1062
1595 5428 3337
8250 1654 4114
2460 388 4811
6260 7814 4804
612 4753 1321
2482 7587 646
1528 3794 1767
2307 2638 4110
8459 9973 4287
5593 7331 1075
5554 4765 2952
7059 655 3176
3917 3421 4972
1228 2496 4645
8151 1595 123
2336 5071 4483
1428 8174 771
7451 5139 1391
4843 2645 559
4589 9445 2977
5789 1461 583
2935 7548 2114
7753 4194 3622
2301 2031 4660
7999 648 2978
4696 6568 3351
2113 7222 3005
8396 5138 3062
1367 6769 4145
7374 4306 350
934 4011 4595
130 2532 863
4762 6157 1297
9341 6541 598
3654 6360 3787
1531 5716 3817
7675 8767 3809
1787 1406 1477
1775 6503 3549
3268 6578 2693
1056 5198 2806
9901 7967 1742
7802 1873 2281
7447 627 4466
2551 7699 1193
3497 5245 4655
513 9848 3116
1022 5922 3524
7756 3496 444
3465 375 3465
4421 4129 1443
1369 2322 568
4487 6636 670
4887 7396 3439
8597 3507 2126
3015 880 758
7021 5603 2433
2695 3253 2862
6866 7890 3896
8773 2632 3579
5811 9344 3188
162 9189 4892
3253 1274 4739
2369 5304 2593
232 2465 3758
2416 8182 2593
1861 6658 2153
8531 60 3691
2059 7361 4739
1596 597 1791
3074 6884 4474
2721 9845 3093
3541 5703 1719
3131 9450 118
6066 5960 133
4947 5029 4114
2043 8177 3736
6783 6723 2882
5770 8887 3489
8571 5502 929
2880 7517 3510
6113 2898 4529
9746 2664 4447
7141 6251 2335
7167 4640 813
1435 1700 735
269 6738 850
8133 8924 817
7276 8247 4762
534 4749 3446
3471 3651 3725
9037 6243 938
3204 7693 1020
5744 7601 3383
6484 124 3070
3668 8315 2324
4384 4333 2519
6794 3957 35
6792 535 128
430 2512 3068
8502 9829 2601
5490 2792 4688
7045 3962 4553
6412 3156 3223
845 9467 3516
2111 6396 1424
6604 5212 4238
2595 7166 1893
1631 2069 4131
1939 9452 3212
4263 9058 1303
5282 3338 764
1528 420 3584
189 9720 1254
455 8907 646
9368 6265 208
2138 7433 2934
3056 3927 1817
4864 3175 4387
4018 6194 2134
847 4505 680
2355 379 4747
1694 1817 3762
9763 2010 878
2323 4627 2147
2959 1520 634
8097 5921 1704
6402 1649 4023
359 6778 603
7971 1250 1723
6879 6148 2569
7387 2639 1473
4894 166 1464
9294 9939 258
1920 5616 2841
7928 9830 4477
82 2595 4275
4169 1992 1580
9930 484 4391
377 8486 4193
2496 3543 2990
1880 3554 242
5366 2270 1801
1367 2073 2193
4483 7890 1633
1506 5710 4518
4822 7652 4062
7144 8399 3277
3163 4097 1417
3242 4605 3219
1685 9562 4814
5105 2714 1687
7992 7101 3655
6942 9770 2226
5222 1762 4975
6275 7033 1637
9292 5782 3064
1052 7363 1371
553 8378 2074
9615 6714 2405
9894 8691 2886
6525 490 940
2947 5286 3518
3046 5861 2010
1190 3525 3045
6094 2376 2576
2003 157 2610
178 5388 1752
7624 9297 2635
3811 9201 543
6317 4646 4930
3476 8638 1782
1686 9190 2278
9959 1225 4702
6909 7130 2604
5244 3246 1615
813 8092 4085
766 4496 3451
1953 2033 3710
2803 9853 2678
9685 6272 1937
9443 348 2336
292 9433 39
7565 4659 1074
6599 606 4371
8642 640 2764
266 1137 3850
1558 6800 2466
4500 5196 2833
6559 1306 4559
5131 8090 386
6444 4889 3724
8082 1989 3064
1683 479 1836
783 170 1137
1722 5289 3570
3708 2788 722
3131 6043 4404
80 860 2128
705 1815 394
4985 1229 2161
5395 6218 2212
2790 2257 4780
7548 1964 1035
5231 2424 4786
6771 7320 1003
8548 8644 1971
9468 7830 4015
4596 5274 3955
3700 1504 2162
4853 1356 2892
9150 3971 1687
1278 1231 4052
987 3481 108
3541 7670 3155
3078 7989 857
5577 3418 4838
8644 8420 2568
5108 7438 1262
8265 1731 1066
3584 5957 3159
7412 8412 1664
6556 3079 563
4552 6931 1346
5032 9457 837
2413 7552 878
1805 3941 136
7550 3064 2186
468 7802 4350
7416 5766 2176
1938 9016 689
5806 7069 1738
2467 6503 4114
7059 8321 2734
870 7230 2234
6058 1602 403
6267 6923 1589
4816 3103 3299
2894 9732 2261
8676 9952 4044
8497 7103 895
817 4078 910
3597 1887 436
584 9424 2181
3911 1078 4360
1655 4513 1856
6628 6421 3219
1659 3602 2198
8112 3370 1402
3335 5695 2360
9769 4718 26
1544 3032 4123
7811 5002 1955
2789 5162 569
2730 3069 2722
7458 2323 105
7775 7011 2737
341 2908 2162
1261 2797 80
9732 5769 3882
9554 16 4001
4055 7742 897
740 284 4648
4762 3740 4304
8243 2741 1201
1538 1638 2496
5499 7415 4020
5747 8940 2109
7970 4153 2985
7516 222 2889
4933 5467 4243
9760 7935 924
4422 8508 170
2423 6722 1805
2320 5852 4079
506 4003 4732
7056 5888 1691
1462 3175 3095
1768 4487 4464
7360 8632 1434
4346 5715 2714
6406 9652 3419
4526 5067 1562
673 9494 4261
5624 2014 3551
7455 9284 2843
4725 1805 69
8174 2410 3821
2461 8571 2374
9144 2664 2488
7976 4722 530
4828 255 3719
670 3560 2319
9716 2022 436
8001 5010 42
7050 5771 6
817 4119 1129
5737 4641 4113
9187 2540 705
4434 2337 1612
7078 9588 662
4764 3585 264
7752 5810 2038
6328 6923 3270
1607 4280 2475
9781 5091 1420
9239 7140 2642
9472 2280 1635
4096 2223 3411
9081 3268 2467
4997 1402 2436
9284 7555 4472
3004 6159 3580
1573 2270 4314
7240 5132 4128
5858 7673 2902
7006 7643 3445
6721 7557 227
9157 432 3449
1448 2303 2478
3975 9508 4196
6113 2085 4451
9266 4806 439
6433 2063 3301
97 7582 4244
7540 890 694
896 4426 877
5463 9737 798
4760 9264 3945
5428 997 995
9578 8369 435
3359 8458 1181
9208 8115 1118
3662 2535 2465
5093 105 3973
3288 1879 551
0 2507 4947
1983 8516 794
4050 3347 849
7761 403 4144
7271 6401 456
1995 4913 3315
7925 3015 1925
8957 4264 3598
2018 7083 1199
354 3027 1161
3943 2797 4191
8956 3282 3901
7871 4751 2372
1638 9646 4039
6018 4508 3205
6321 1758 3801
6830 6960 1214
458 4643 3745
1968 9244 3191
180 9511 2481
558 7282 350
5811 2282 3834
7509 4536 75
2593 5861 4102
8244 3453 2858
8602 6399 4203
1028 2858 1241
5764 9226 2780
7528 2294 2281
4963 6454 559
7925 6168 3865
9926 2955 4719
8306 8608 2124
2120 5309 4824
9514 5703 4789
6615 1107 369
483 2607 1899
1581 1740 4092
7805 5302 1897
3876 1727 1426
6292 6882 528
1014 4103 938
613 1194 3618
6132 9937 242
2851 5261 882
7364 6187 1092
9400 9117 1637
3206 4136 4024
7168 4687 1848
3296 2655 3556
8659 3150 705
9537 397 789
3334 544 1152
85 5891 3343
9310 8955 590
5582 3036 4327
8129 3115 1700
9344 7761 4103
5768 5840 4577
2258 1100 3596
7004 6162 581
9324 1280 1042
8474 4886 827
1932 8170 1889
843 9854 4429
5421 369 1836
4749 4118 3199
5863 1113 1294
4719 1225 4378
9426 3955 4242
8192 5115 3271
928 8944 909
9548 7716 2155
491 528 2770
6904 4274 1643
5481 973 1142
3346 8963 2701
1021 3860 4044
1194 9238 4998
579 5666 580
6819 9800 661
9034 7844 1061
4432 683 853
583 8136 4159
3690 5738 3535
7824 4971 1866
351 906 216
3214 8752 4982
6215 296 4527
7899 854 3172
6180 2051 3521
6993 9003 1129
1893 7175 967
6024 5763 1587
5621 7152 475
3902 3801 754
9643 164 1861
6767 8785 4654
750 244 2048
931 1255 465
2076 7185 1480
4630 716 2574
5728 9869 2001
4790 2125 4966
6517 7843 1003
1258 1251 2050
8907 3372 4055
5848 3609 3634
4959 6011 4518
4795 4001 4316
4383 5224 4436
8248 1710 443
5679 6731 3984
4583 1285 1668
2246 8535 1889
4996 9059 1727
2011 6101 1163
587 3851 3607
7434 1871 175
8174 553 2215
4554 9637 3148
4921 1384 490
4572 9990 3146
8115 308 3135
6302 7274 364
3677 3370 3108
3021 7062 4363
856 4999 257
8872 5698 213
9973 5508 2151
9682 3547 225
5586 7111 3503
935 1789 4533
6358 4709 4381
7594 6944 4691
9311 8501 2131
2663 6247 3829
3903 2160 125
4598 4495 701
4094 8893 2424
5530 9356 3233
632 4493 2964
4403 4104 4981
202 2036 2515
9313 5259 2167
2929 7271 3791
282 7207 73
7642 606 2939
7867 9119 1785
6694 959 4748
1303 4529 5000
9034 5145 525
7216 2945 2114
4524 4252 4055
2084 3726 1430
2406 812 1907
1875 630 1510
8302 7214 4751
5199 687 4534
3734 996 2123
4217 264 2895
8854 732 4920
3845 5729 895
1269 8305 3636
1854 8372 635
3882 3343 2669
9344 6084 3408
1169 6987 2320
2344 404 2676
9944 5902 2745
6686 6139 3856
4817 510 1314
6034 730 2383
2458 9686 210
1740 9978 1733
5129 8368 4164
9527 5636 1761
6206 9546 268
2458 6243 643
1266 3679 4632
8249 9411 4492
6849 8830 994
8646 842 4974
7738 8592 4263
7225 5192 2206
3195 9424 2401
3998 5385 1992
5930 3782 3735
5157 1890 1975
7291 6716 2965
1305 5766 4592
8284 1252 2968
7932 9915 1888
7355 6862 1883
9328 2052 4405
4013 6678 4791
2263 9921 2133
4700 5596 2572
1932 1335 3347
6898 8274 1216
9437 8096 1623
2947 7439 128
2732 1979 3430
4315 9086 3850
1654 2070 280
7068 392 1368
1196 2168 4219
8672 6358 3460
5805 2088 3296
9124 3955 2404
1950 5518 2758
9690 9973 883
741 1208 2908
7354 6699 3685
7138 4739 3909
2205 3005 4830
8345 1372 1248
127 9724 4859
6060 7430 3108
5250 7185 1448
8334 9635 2289
1587 3805 2436
8082 5588 396
9242 8481 4303
9499 8326 3496
4673 5288 3147
5219 2923 1174
687 3451 3527
8505 4558 4712
5150 1629 2846
4666 2713 972
4716 4486 3987
7191 3664 1388
4726 4250 4966
1738 3795 2283
2310 1572 1695
9046 8334 1384
448 9804 326
8844 8813 1599
109 8001 212
6054 3328 2309
9357 6987 3645
8534 2067 3718
4832 1795 983
7281 7082 4041
4309 1423 1121
4562 1908 2898
1295 3644 610
5359 2567 4154
5494 4523 3715
8402 1213 2579
628 7100 823
8540 5202 1560
9145 583 66
4029 2242 4804
6163 3607 1603
4346 7702 1241
7938 3065 4070
4630 2159 1627
1453 8459 1755
52 7115 552
8039 9137 1709
2918 635 3426
4310 6230 4784
3845 5713 3967
8691 2950 2459
3799 4786 3974
8031 6425 4898
5851 8903 3941
4840 1581 1794
1841 4706 3438
7326 5331 2027
6960 1897 1444
7614 5224 931
5694 6522 1050
7925 8014 4924
6750 3847 238
4766 4389 4158
3524 6701 499
9212 5295 2144
5203 6737 3207
7240 6966 3266
4271 895 2199
7954 3587 2784
747 5054 3668
6714 3625 4690
2728 8782 1690
1807 5401 1059
9911 8843 164
345 6212 740
5460 5778 4530
1039 806 4249
3448 5932 4387
3251 2572 4389
6480 3757 2378
2644 6125 2716
6773 3532 4530
4074 223 296
328 8627 840
8216 6519 3973
692 2571 2320
4939 397 1885
4051 553 2232
2025 6190 3283
2149 4423 696
1253 1210 4133
6805 330 121
8875 9910 1244
1565 9636 3205
3183 9923 2558
5303 6965 4198
383 4950 2246
7518 3320 817
4329 9440 3862
6169 4771 3519
1524 3641 3329
9191 4563 3960
4659 8736 4151
4007 6265 142
8143 6449 3054
8955 1774 3705
3671 9467 204
6510 3802 3663
6059 7811 4614
1785 5089 2724
2355 1370 782
9189 2773 1702
8025 9722 2048
1374 2315 3303
7758 8575 4642
3808 965 4043
4129 6747 2552
5535 2467 300
5266 9262 4905
6660 91 2197
3427 9214 4004
8938 8188 2565
3862 5272 3780
7913 8428 4545
1334 1721 3488
1269 6155 1043
223 2655 4260
1990 2722 1617
7169 1862 320
6949 8113 1399
8594 7982 1146
8963 6850 3272
151 4861 964
7134 4820 2221
8560 5281 3045
9237 2718 1160
4754 8572 1675
6082 8509 4953
4116 7735 3792
3450 5409 1109
2690 8591 3882
160 5205 3411
2936 2463 3855
1098 91 2555
3074 3264 769
8810 7513 2712
1551 1001 3840
9739 2563 547
5741 9161 1852
5651 231 1579
4498 4656 3492
9575 5009 3009
6607 4173 4597
8864 3319 635
9709 2497 844
3546 4587 1461
4307 9235 839
2075 8557 4812
6274 5409 4716
9702 9908 2272
7756 3429 1378
43 3798 1774
1496 2400 1175
2700 7790 3
5297 1274 428
2244 8383 3602
6969 7728 2680
4957 8198 961
3944 9177 3222
6181 6316 3887
5816 5107 4277
5193 8694 641
9918 3504 1361
4550 2341 3582
9183 7235 4015
4104 1970 4571
7133 5704 1459
414 5991 3819
5668 6948 1752
9171 3129 3134
6130 2932 88
3208 7243 2958
8618 3193 46
9604 5085 2691
1541 6043 2079
8237 212 4971
4473 549 2253
7843 6525 360
4145 4492 469
9374 498 3857
9954 7446 4017
2847 7756 4470
1702 625 3028
472 2509 1450
2156 1356 3438
1956 918 3633
1021 5148 799
8914 4546 1591
273 5450 2593
2772 9614 3001
8459 232 3303
6821 1007 533
3161 8216 1209
4368 1375 1414
7264 729 2258
9970 3255 4141
6705 2833 27
5098 4485 4593
5745 1928 2798
7639 9308 706
9276 7585 723
1904 1483 1496
1415 3041 2601
9685 329 1388
171 3563 3069
7542 1331 2022
5042 3130 1088
5087 873 3108
4703 2916 2286
2300 9257 2585
6782 3702 1543
4469 3264 1451
4832 4249 3602
4334 1514 4014
5818 9481 2979
5715 8569 3684
2793 601 4795
6318 2551 4407
9317 3451 3555
5683 4729 1700
5606 8253 4519
4406 1486 4205
3452 4230 1788
7662 4273 258
1889 8471 1528
7785 2290 3828
9614 5291 3050
9236 6191 4821
554 5281 857
5879 129 1301
6904 7790 2742
5516 1641 1533
5865 5018 1334
7648 8958 1526
356 7192 3740
9725 9436 3564
6542 7759 1996
4138 6114 4923
5535 7906 3287
4918 657 1920
8306 1767 3449
6977 4413 4731
6565 9716 234
2687 8391 1364
4924 9778 4294
3251 9305 1144
2128 5458 441
1481 5067 1159
5670 7515 3244
2708 7546 7
2416 3283 1410
4936 5038 659
3024 3869 1666
7152 1477 2005
2525 9098 3066
81 7820 1306
5647 1636 3857
9008 6456 1741
7738 6165 3797
3977 1569 3176
2105 5215 1094
6551 5359 2320
6956 9780 3227
8750 1174 2842
8000 9608 221
3632 9970 1460
3852 6047 2968
5568 8215 14
9816 6523 633
3769 2262 4096
3079 724 1731
4946 7133 761
5563 6292 1474
6974 2469 2335
5096 6337 3938
570 4276 3455
2941 2679 3263
8476 1743 3809
1353 5673 831
6626 200 1318
5226 2109 4708
8306 6291 3725
189 7964 3291
6921 893 2482
6962 4237 950
9889 7377 4113
6108 7758 2745
8765 5977 915
2930 6947 4356
6282 1310 1232
113 5523 4835
4224 3237 4219
7454 7125 398
7614 4615 327
1991 8021 3771
6014 820 4910
6050 4134 3488
5528 4852 193
8892 4378 1465
4804 5847 3417
287 7319 2660
4877 583 4881
1829 5853 300
8704 6491 2037
2871 1377 4383
1549 2065 1185
8084 7063 2251
5658 7504 2000
8577 9323 3756
665 1253 2676
6107 627 1203
9983 1656 3129
8398 1290 2768
4947 6922 3283
366 3013 2105
1298 7101 954
3139 9353 2138
4967 8422 4417
3993 800 3066
9393 7748 1763
7158 4502 1522
4535 8217 375
9906 6531 1485
4668 4467 42
6671 3393 154
6788 2126 2251
4375 7576 4908
5212 1591 1814
3683 296 2660
3621 1044 2358
9983 7547 4817
6893 9752 2694
8871 6374 3897
9136 205 2810
5580 5237 2838
7280 2486 3785
8175 3451 4361
2785 6390 2095
6601 528 4681
1287 7971 4599
5657 1361 1701
8676 6048 2491
4781 5166 3699
7657 484 1278
9583 2731 2881
9255 7070 3403
383 4651 4559
8040 3845 3075
8807 2157 3101
9947 2023 795
6483 3576 1732
1812 9351 2371
2926 2606 3286
9012 6693 2884
3567 6851 4910
4569 5233 2976
1730 5206 4115
8775 8724 3213
3688 6618 4054
7600 4690 3682
2571 2910 3278
4725 54 4364
5473 7602 1412
1610 6280 4753
6850 6852 3362
3094 475 1837
2270 9989 4124
1319 9823 4675
6697 374 2663
9991 4095 1364
9327 7731 746
6066 372 4927
6378 9044 4189
3162 2644 3751
6046 3920 1436
7736 3273 2644
2173 4800 531
506 3391 4732
7555 7523 2008
9883 7268 1982
2897 7559 4098
1821 9896 2714
2609 4011 3787
1144 112 265
6657 8515 3852
6313 1152 3417
4260 8803 992
9944 8751 195
7184 7877 490
4799 6527 327
5953 6544 4191
7209 7021 1017
1697 2391 2151
9499 1831 1385
6004 6764 2784
2325 3982 3954
3442 4333 796
5407 1213 3754
8053 4009 2130
5610 4838 3643
5417 7378 2113
9309 4510 4870
585 2294 1213
8548 4725 213
3621 6076 4617
5942 4771 2513
2593 9300 2497
7787 7206 2416
2530 2106 1201
9952 4789 3148
4215 3734 230
3467 9555 2482
2430 9572 99
4250 5966 4167
8467 6649 3908
2791 5639 1277
9619 8209 2575
8574 6133 3097
7950 2770 4303
7897 2873 3965
6223 233 531
5609 3683 2534
3382 3675 1230
4559 9971 980
3226 5840 4087
7525 9329 100
8587 3741 1660
5956 538 3265
1619 5398 4157
1100 4447 4533
8761 8810 651
917 7317 4643
8567 4062 2005
4195 2993 2008
3741 7472 1454
659 9980 2178
9043 4546 749
3113 1043 1086
8561 4960 499
3403 3728 1999
9595 9523 3910
7606 1610 4399
836 5224 599
3218 7836 954
7240 1366 3900
3234 1636 4444
9656 3522 4902
7982 4914 4664
157 9530 3521
1827 7252 1596
9649 7475 5
4124 6671 4927
4435 8070 1447
5384 8311 3960
8424 4649 2455
4328 8719 2040
5589 4510 4598
8242 5059 3605
1826 2984 3995
106 5229 4175
7708 8122 1337
2929 1074 3540
4991 1549 3631
5610 8824 1497
3171 1781 1899
3493 5033 4111
5003 5243 4346
7731 1686 2459
9986 3445 4678
2532 5304 1282
3144 6491 1408
2587 9996 1288
5335 8461 3882
9752 6830 2207
3747 4306 3867
4974 6075 1188
5017 5467 2900
5166 7368 2524
6968 9228 3224
6834 92 3311
906 6697 2897
2292 7485 2247
319 3313 1709
4193 4829 3060
387 5273 3503
6265 5336 4572
9174 3267 1762
8240 7210 2245
1750 1219 1992
2628 5332 3930
9714 7698 377
6390 7979 2047
4589 9940 4802
6144 971 831
919 5614 2262
8812 6053 3590
4656 1819 3866
2200 1212 2659
6779 2486 1233
9663 4896 4703
3276 9205 721
7180 4017 2686
9383 8955 2136
9120 8700 2388
358 2301 558
5143 5918 3653
3519 3016 2632
7673 3730 3775
5934 5456 1631
4243 4183 4945
379 2298 977
6730 7001 3247
7968 786 4329
987 8392 3060
265 9268 3582
525 8261 2680
8827 8061 2316
9417 5468 550
1237 9261 755
9147 1840 4357
2592 8413 719
9403 7675 4998
3127 1197 3531
4536 7630 3697
2493 5413 599
2976 9424 2784
7439 8646 3543
351 6577 4709
4813 104 3195
309 139 1846
5281 6998 1233
4241 3651 4788
5351 8722 3750
3282 9411 2906
9451 2500 1548
2429 3377 2528
2975 1653 215
8739 9861 324
2086 8848 2856
1134 5365 2584
3770 3421 1653
4963 2675 3476
4441 3817 1780
5821 447 1125
7203 2017 3073
416 7273 1709
6232 806 3661
7185 6540 1628
3369 6234 4836
2042 1521 1435
8301 9474 4232
1993 2668 1718
1971 8013 4955
5871 5191 3401
3129 3446 744
8305 5895 3916
4182 8335 918
7486 264 60
6226 6881 3280
1639 5811 2953
5078 1069 3557
4926 3757 692
6384 7722 130
4500 5296 372
2305 4079 1453
9250 151 1049
8497 2551 1149
7697 638 502
9768 3437 2401
6089 6797 1291
6868 2824 1431
8496 2480 1488
5981 1792 1331
491 8151 1672
5014 6613 3058
4344 5260 234
423 5432 234
7708 560 1183
6679 761 4420
6177 9805 4303
2781 2591 821
244 5712 1825
1509 6879 544
1841 7793 3805
6800 8793 3608
2202 9883 6
5102 7802 3847
4208 2100 2646
8847 5989 790
7828 8074 4680
3215 2061 1797
8433 2126 1169
3695 1346 777
6616 4625 863
4092 3706 2054
3024 4933 2693
7571 9679 4260
8468 9456 2186
2157 5373 3458
6140 2379 4747
560 6308 394
3242 2984 118
2342 558 1949
2652 6500 2643
191 9373 3939
7927 5634 1539
9456 6646 3704
3519 7425 2153
8943 7206 966
4576 8429 2764
5525 3052 2092
5586 7984 4497
7476 1581 2805
8504 4306 518
5987 6988 209
8901 2068 775
3721 7494 911
1970 9018 2423
2069 5695 2516
7414 7146 4533
1359 8269 1496
6513 8370 1597
2321 3634 137
3255 5798 4306
9845 2486 4612
8692 8602 385
8735 5941 4420
3775 8697 1367
6135 2600 821
2713 3707 1246
8860 9988 3474
3312 4561 401
6567 4857 3194
8548 6901 3904
7667 5274 1116
4915 5 614
4117 9105 2553
3420 9731 548
970 6723 1150
2355 7879 1313
3972 6410 1307
6865 6406 4845
3168 4072 2871
1155 3707 2263
2300 6577 1012
9599 2487 1687
7264 2333 2257
5365 176 961
8529 5098 4295
1681 9804 3860
3804 7180 2448
2045 8867 4998
7444 2517 577
5593 4458 336
6250 4185 925
7643 6978 4793
2759 7983 2385
3680 8566 845
1451 9884 4908
5940 3953 4052
7085 6908 465
1723 4590 2260
4123 8320 2694
6875 4116 2922
1361 211 829
7955 3977 4799
8109 3627 4843
7106 4354 852
7993 9186 4970
9267 6157 4970
8502 6268 345
9857 1766 4837
1615 9431 778
1924 3909 2955
9504 9892 3456
6451 653 2846
7212 7548 4697
8564 610 3267
7074 420 1770
9288 2961 198
5389 1618 2395
6752 464 3741
4153 5875 2819
5773 4074 2267
7307 783 2659
7507 4311 1316
3430 9150 4484
5273 6575 2856
2818 8189 729
5468 5763 4410
3728 5186 2506
1659 1481 3327
5126 8146 1526
6270 3312 2169
7953 5744 2761
7172 5922 1305
2761 5288 131
1826 3109 4767
5087 8292 4592
4853 9173 4410
2914 6520 623
3254 1529 742
9797 6629 2158
2388 5573 4365
5796 6500 1090
6311 1697 2408
9340 1346 2653
3683 7250 335
4028 8978 1270
4485 431 4051
3677 3587 2010
3700 7214 1770
2381 203 2432
3992 340 3959
7191 6791 4558
9031 9307 1575
6755 3048 4249
9517 6547 4715
6342 4284 2982
4318 7066 3033
5972 3845 2623
8853 5850 632
2203 5270 2023
8819 9485 1055
1583 8314 3898
8771 5136 859
9897 3732 2854
9077 3669 3812
4409 9408 436
7540 7174 4073
9683 7146 530
2807 362 4588
7347 9158 472
5695 7809 1212
1044 5806 536
4523 9334 2065
451 9793 4021
7058 2184 3247
3525 7407 2539
8821 4991 2708
3810 9336 4162
6670 2363 4421
9615 5152 56
9987 867 2936
9624 1960 582
1042 8679 3390
2641 3188 2039
9855 2938 1485
483 8109 979
5436 1459 772
6611 9404 3174
6677 6247 3887
2269 5624 1500
1570 5098 2910
2906 7051 2065
8186 1486 1512
4268 6576 1644
3713 5754 669
5565 7401 771
8583 4223 168
9931 997 4564
969 6113 783
2760 28 4335
206 76 2678
6303 5017 227
9307 9230 3071
1136 2824 1545
8162 2978 4385
3577 5656 795
2534 9825 3066
9404 2898 3611
2908 8312 1220
7292 497 318
8807 1970 2554
4774 1765 2860
2955 9668 4248
2742 1633 4077
3164 9887 1272
5527 7449 4490
6370 7338 954
9084 1072 2772
4034 5991 1159
3923 8040 1543
6623 681 2936
960 7871 4843
1618 8517 746
5251 8639 4613
9422 8715 4274
6458 8951 1647
4629 5248 1110
7338 3244 2400
6984 6623 3565
6177 1349 4018
390 8048 855
5267 9195 3966
9988 6370 2506
8152 4705 452
8643 682 1541
1461 5031 4813
9359 8893 1421
5138 785 4377
458 773 2482
6306 3084 2882
8810 859 3554
8329 8584 1461
8335 6075 367
3514 1616 3746
3042 3630 2624
1195 3335 4058
3387 9357 128
741 6250 1688
1905 4758 39
3938 5419 1451
6388 3741 3046
6585 733 1278
2321 9809 2017
4230 6927 4674
5074 3356 2234
6704 167 3407
6777 6178 2279
3104 7998 2077
9832 170 3240
684 7358 1056
3653 1155 938
1888 2603 4003
1089 3004 4399
5363 2742 2102
6524 4666 4394
4693 4664 4671
4284 1777 979
6470 3311 709
9089 8158 1645
2082 8490 293
7683 7844 896
1825 3746 312
6358 3022 685
1104 3960 3572
6076 7177 1170
7242 9781 337
8251 3096 1724
5208 716 4660
232 2502 2797
4109 2875 2869
7569 3287 463
6411 6226 1255
4780 8283 522
3690 3014 1593
5503 7190 208
7217 1136 2014
9857 8659 2358
9123 2639 1175
8964 5202 465
1824 1067 3359
8487 8753 144
2783 5270 3035
629 2350 851
3828 96 3123
56 9219 479
6349 9288 981
3678 576 4618
8938 1211 163
7805 9363 3163
4627 6336 3684
3893 8037 2049
5654 7454 3926
2509 7441 4395
5900 3667 1183
4699 2856 3183
4214 2626 3016
343 7073 2457
2359 697 3768
6723 8871 1860
6590 2048 2892
3409 6648 3450
6844 7546 3706
7272 6364 3798
5956 5534 2671
6535 2180 4342
3373 4030 1778
3128 9312 1595
5954 7591 4491
6688 6140 2515
3498 6436 1158
7704 1780 4447
7410 4920 3377
833 3267 1780
5532 9038 1284
6296 8478 3538
2954 7257 196
3382 6323 4649
2823 4478 4616
2553 6584 4711
3240 2468 3370
5185 7677 2013
2139 7973 2591
8693 578 796
1070 1404 176
142 864 2716
1473 5133 2923
3326 2467 1745
5039 1081 2974
5169 9559 3659
7783 5547 1436
4747 4968 832
9205 2618 1246
2674 6802 971
8721 6712 1297
9202 9049 3847
4607 4086 929
2402 7289 796
645 2221 3121
7746 6215 3907
2792 326 4802
5937 7224 4792
9370 2979 3665
325 8057 4644
5633 5566 697
6061 1128 1452
2210 4916 3225
2449 1818 1615
5254 4789 681
5811 9876 4053
261 9671 3423
2769 5983 2071
3146 8411 2296
8526 384 4011
5219 2734 427
3912 5023 2156
7355 7093 2765
662 4470 3753
1314 5454 4517
514 2140 88
9398 314 2480
6236 3270 3852
6226 6363 295
4428 6146 2750
6009 8398 3478
6671 5605 1085
5672 4285 4526
3160 8008 2308
4369 1364 3686
1389 5220 4169
1859 376 1053
1753 3980 610
2901 6117 533
2523 9370 1942
1431 1235 80
220 5589 577
2559 9547 3775
5421 1733 1000
920 2272 1635
1329 3040 752
1500 62 3547
3818 3444 410
1301 6338 2625
8672 3156 3900
3232 8115 4960
3048 7687 2360
9696 1003 3626
3029 8316 52
1303 2881 1620
4313 2357 4441
9427 3102 1016
1241 3083 1533
5265 3730 1331
6466 9704 2431
9855 6754 4151
4676 3575 3495
4111 5648 1973
8692 114 2062
4611 2642 530
1009 1028 4047
5639 989 3524
1309 7306 99
1445 5216 4819
5922 9920 540
9325 4299 2614
7385 5867 3936
6069 8187 2460
8013 5135 4473
3117 3737 4811
2794 699 2891
6713 7617 3782
5314 6606 3799
7608 7408 1251
2327 6317 3438
401 2284 2595
6249 2447 3273
5991 228 3559
2830 2474 4858
3013 3555 777
268 6410 3869
2455 4438 2764
3240 355 4075
6426 2593 2487
9000 4549 1866
3112 7971 4972
8177 7091 3565
2618 7984 490
5789 1736 549
5296 7810 4980
4740 2317 1927
8499 8097 1773
6821 8036 107
5046 2598 2774
5089 7028 999
9815 2120 4339
4618 5588 3059
2099 6054 4632
7758 1034 146
7324 6062 3417
4032 3431 2673
3824 5120 3901
4596 9093 2792
9457 5424 1593
2082 5272 4689
3750 9713 4993
3883 4081 4003
9229 7696 159
5135 8371 784
6293 2430 2635
1332 8670 4022
7580 9872 2180
1096 7364 3192
3165 4525 1173
5960 967 3881
4040 3659 26
5361 5835 3954
9205 2394 2235
5243 7941 2574
9908 8786 1639
3083 9790 4957
1972 4843 497
3193 8577 4130
4627 4066 3081
6930 178 2443
4276 3346 1181
4851 414 237
6904 1289 3020
7617 2418 3660
6259 9097 1286
9729 7276 2574
1765 4481 3736
4521 3240 4969
7427 4665 1335
9608 2105 2645
277 2030 430
5349 9053 3909
6042 2322 2583
6144 9013 209
7114 5306 3241
2916 5351 283
4635 5308 4634
9314 645 4192
915 2160 4069
1046 1112 1147
2483 1675 4283
2676 3850 753
5903 5850 2771
1329 6760 2815
1139 8068 3282
8931 1018 4299
6821 6487 1270
8980 1465 1698
7348 2606 945
4272 3725 1961
925 9137 199
859 3694 3922
694 691 1795
3811 2500 1128
8201 5234 2646
6349 6484 158
8359 4745 4033
385 6798 4506
1113 657 1640
9661 589 1711
3760 9547 4027
117 5724 661
9528 6031 4171
2689 6507 1744
2494 8785 61
4610 4352 4557
6132 8370 3182
2619 3302 4978
4198 5480 1604
5358 4265 3217
1952 4675 3700
472 7299 4943
8385 6646 1677
3028 1846 342
6348 1748 1685
3279 9342 2447
3511 9719 2486
5913 7598 446
3765 9287 2068
3552 8373 196
5077 202 1773
2964 5471 1691
8185 6366 2682
7501 6402 4931
2707 8055 3934
9188 9776 2338
4071 1272 879
4 511 410
183 4493 1
4971 7291 3125
9307 2613 797
877 6030 1764
3125 6933 3055
1246 4587 3421
366 4873 287
1967 4948 1162
4304 7486 1677
1971 497 3904
2860 235 923
1410 3847 3730
9499 9133 2238
4424 369 4614
7859 1036 1256
3530 1067 3257
6183 489 305
8149 7085 3816
6757 2867 109
9449 721 517
4601 4613 3926
3321 4379 200
4455 3081 1924
7339 31 362
9227 7132 4579
8004 3793 388
4694 5964 725
9798 6017 3738
7741 8922 1343
6115 6082 4514
8859 2387 2628
5681 6668 1426
9506 6582 3049
7659 5692 2396
2418 8102 4443
6681 5903 3537
1416 9865 2075
2255 5452 2939
7644 7385 4418
2691 700 2814
8296 2376 4906
5597 8850 1307
9399 2285 1687
6493 1339 3433
1833 8214 4457
687 8512 851
9428 66 2087
9018 2698 1858
5486 8014 958
5332 6116 4493
6471 8570 3218
3589 9453 2877
6684 1743 1850
7432 2551 1543
9 8265 884
8113 2365 592
5022 3962 3327
4962 3428 4440
1582 3129 193
265 509 2424
1983 3392 1522
1168 1098 2077
7415 1948 3457
5857 6602 87
9790 4918 2812
6352 6142 1708
4977 7020 4831
7838 9721 344
8050 516 4096
5236 5758 255
4190 7759 3144
8831 1605 3463
9619 5751 4017
447 6225 317
7986 1422 3891
4131 8908 755
1359 4020 771
7449 6223 2764
3954 9889 3845
562 5289 2538
9054 7392 1775
6727 1555 85
2103 9722 232
8295 7281 567
8225 2969 3795
4501 9257 3180
8776 798 2075
9595 1927 4234
8046 2849 3701
4806 2666 327
4756 9848 2715
6991 1796 1269
1258 3262 3950
7966 4080 47
6345 2893 3087
718 4952 1497
3660 5571 4781
8083 3747 3643
1902 1663 1348
2280 2162 4958
9220 387 3589
8128 6007 3523
336 8604 3018
8904 1742 3430
7760 549 2285
7148 9130 3460
1096 1067 715
4305 5859 3889
6575 8308 1993
2253 1982 198
2654 1415 4673
3060 3219 3655
8944 6116 4566
4309 7829 548
3039 9537 3386
1898 9169 326
3805 3316 1208
4920 2182 3201
183 6092 492
8359 199 924
8594 4356 4798
8692 145 2485
2245 5235 1997
7870 3498 1546
7778 7836 3922
3508 1622 1413
6354 9060 4436
1161 2393 1041
8353 2382 558
7826 8411 595
9275 2698 2024
6774 5926 1847
4300 6658 489
7075 703 2626
6465 453 1578
6122 6402 3685
9935 3681 1044
7853 8348 3331
2576 3954 4907
8540 4712 4073
1229 7090 4914
506 6837 544
9202 1390 1193
654 6054 2273
6443 4601 3806
5594 4972 4386
9917 5359 2525
7699 8379 3996
6325 9659 4590
9915 9819 4703
2248 7689 2762
1490 8022 2806
8728 8470 516
4122 4394 2223
4734 9739 4207
3732 5129 2656
3922 9273 1567
5710 5019 1572
5488 8481 3372
4563 4323 4897
6944 3085 1141
4833 3112 2962
8892 9058 2631
3349 7580 4766
8521 2841 961
4775 4047 1686
9799 5527 1500
8142 6143 2013
6416 7935 2218
9309 7521 4403
5593 2397 2087
9928 1180 2069
2038 6169 4512
6440 53 546
3095 4174 4056
7450 9021 4781
4539 8374 4649
6889 3263 2177
835 7007 4011
9752 1770 3903
7162 6338 2566
1956 2289 1484
2013 5920 447
672 1151 2273
1760 8986 4385
4397 2087 786
6934 3356 328
9282 981 81
1825 5531 2271
4656 7041 1972
3776 3611 4946
9348 4370 4528
5792 3872 1243
376 9071 4786
5189 3602 1408
6279 3328 4438
285 2627 747
9359 4419 3984
2040 1567 2017
6658 3620 1983
7528 9987 1357
2843 3610 2290
1759 51 1957
5054 7130 4749
9825 6335 3655
3496 3804 823
1343 6693 3639
7250 2463 3150
6228 377 4435
4451 3360 4027
7154 8584 2805
5276 339 4089
8315 6355 3623
9937 3366 3056
2367 1267 4924
6187 2758 3310
3393 3570 2575
5787 6637 2246
4075 4762 1892
6216 9837 3848
397 9229 2000
1059 7409 180
6371 9366 2828
5890 6241 168
8043 7148 3649
6949 1465 3583
4176 5705 1873
4409 6006 2129
7840 2590 1381
3590 9592 4237
9815 8698 1604
594 6249 2987
786 3745 738
2601 1513 4529
820 4102 650
8605 4180 3712
2441 4803 1161
7141 4563 1524
3753 6708 2553
2730 8528 548
3798 1511 428
9381 2882 2362
8977 7704 3468
2751 3870 141
3201 9873 632
1103 1663 2205
2928 8748 1017
7578 9067 3023
2931 2502 4372
3060 4024 72
5332 2814 2231
8409 339 4104
8265 931 3227
2211 2736 397
7685 2554 1084
3963 9977 3009
9402 4575 3789
4027 7453 1435
1800 4066 1328
9928 692 550
6183 2226 5
4705 7549 4333
8027 6471 4509
8871 6617 4302
7645 8514 2900
9920 9461 3320
4119 8576 3340
2734 8243 4094
2068 596 1695
1202 9827 3011
4889 1892 4952
6756 6268 3080
4907 6121 196
5153 7982 1628
262 3531 3568
2411 7371 4837
2291 4947 3247
4005 2331 135
3720 7193 2072
7975 6541 3821
7621 6087 1677
7590 2136 3407
841 4020 1193
1659 4840 3065
870 5743 3811
6333 7100 640
9801 4816 2907
8397 9037 3909
663 7855 556
5775 5430 1585
5084 8302 1360
181 1659 1196
9201 4417 491
404 8347 1792
8537 6082 198
7345 6609 2737
7541 5684 2676
4668 6028 418
8470 9594 1011
7182 7987 3551
8420 592 4490
9279 8289 552
2512 6191 2705
7206 4376 1180
2329 3216 764
6289 4518 3231
3608 686 361
4962 198 1090
3186 6854 4664
3172 6841 1243
6994 8962 4655
4180 3450 5
1085 2677 307
4350 7907 542
3589 7672 1357
8085 1871 656
7530 5615 3049
7682 4228 4728
9151 8977 2709
5349 8629 1275
9662 8520 2286
9729 4018 1854
364 7108 3960
4459 5376 4169
4924 8173 3316
840 9694 2461
4221 1744 1213
9093 3663 1794
4075 7607 1256
1615 8883 4144
5947 6760 3276
6869 9282 2714
4900 1329 1987
2661 7883 544
5143 932 3569
6650 7080 1262
6786 7752 251
5468 6068 969
5046 3861 3986
8058 6493 4821
3506 6640 3524
3852 4693 1993
2701 5506 1305
9797 5359 4862
6174 1357 825
1345 1348 70
2458 8853 3511
8071 1512 1245
841 34 3861
2909 535 1094
4774 6009 2927
9371 1433 332
2706 5075 2705
1637 638 4775
1349 647 2
3149 2784 3202
8034 1761 2190
9721 4774 4310
1174 4660 1136
1064 7574 4966
4259 2578 4218
1574 8133 4969
3666 4648 263
6445 5548 1334
7744 7413 2939
8337 5020 2406
6571 6848 1927
5067 5351 1725
3943 7557 1219
2543 602 651
962 9628 965
2419 1764 3678
2066 2446 602
4628 5451 2622
9490 3919 3946
7132 6715 1005
9045 9628 2479
3436 7753 278
5967 2564 3202
3137 5653 542
801 514 2066
6382 3056 4077
7594 6512 2651
7366 2177 2679
6919 5157 4642
3014 121 1345
4105 6812 764
7977 5481 1214
688 2299 1967
8401 9894 4058
4552 3313 1479
6846 629 76
5910 5619 3056
5524 44 857
7910 8209 1653
3458 2421 2724
8273 4480 4349
6401 8662 4838
3222 7126 323
7453 9682 4483
4754 8827 3740
729 4661 2725
293 6673 4828
1028 7774 3419
7594 9973 4685
3783 5163 4841
3651 7360 2169
4919 634 1880
9495 4163 3235
4347 70 4348
3755 664 1817
7360 3915 3253
36 7045 392
1246 4483 4385
8954 6828 134
8220 5016 4918
838 8136 4753
3496 8750 4525
4711 1898 1924
6373 9187 2692
2903 8930 1641
232 7036 653
5386 4023 3932
338 1629 1064
4230 2769 2395
4212 6808 1326
6986 3343 1343
5921 1599 2366
5070 8885 4495
1123 1248 1275
1989 54 1963
1081 4424 1467
1857 7393 2766
1989 8199 4380
7623 8368 1001
7884 4559 683
5836 1507 2894
2890 6355 1551
8934 4100 150
1415 1039 1330
2388 5604 1314
8553 8762 1591
7842 5757 245
5573 6377 3543
1696 8395 3297
3479 2744 1558
7920 9606 549
3715 8099 4567
7501 6345 2640
6043 3262 344
596 7420 1541
60 9354 2912
280 6103 2775
6808 121 2582
7593 1396 1099
1572 9742 4265
9198 1908 4857
2224 7756 4050
9069 9037 2792
1962 532 2598
4031 5112 4400
6973 4807 319
1746 899 2460
2243 4231 3110
2507 4598 2785
6750 1218 4350
5960 1230 4082
5052 4912 3334
372 428 2336
5369 3027 763
2251 8600 4940
9822 1640 2970
1857 1559 2165
5468 5215 1014
2992 9443 1740
9539 1291 1897
804 4530 2552
9014 8868 653
8993 9459 4474
4869 9049 2438
1645 6613 334
5110 6884 762
5460 4408 427
2242 1126 773
9638 65 876
7814 696 3844
5916 6651 4440
1751 4330 1301
9680 9194 2029
1343 5473 1380
3033 9322 851
275 7705 1790
2075 2774 4176
3909 6683 44
8568 4477 4725
3072 8071 4486
3897 972 3521
3457 6364 1577
8647 4795 2821
2231 6627 4840
6742 9475 2357
4413 4080 1022
6884 4177 4959
8153 23 939
6644 9678 1567
4144 2100 4724
3020 9506 983
4076 2170 330
3782 4095 382
1182 6467 1090
3573 4530 923
9413 46 1722
1814 225 3387
1752 5592 1691
7324 2365 1205
2019 6041 2664
6735 6205 4251
4506 7264 1652
2390 3387 3189
5786 3080 1989
8026 8010 2244
7167 801 2066
50 7099 3798
2598 1006 489
7516 8589 2369
3339 6773 905
4705 2305 2322
4576 2900 3492
225 7753 4339
1069 9608 3723
5699 4967 1838
7362 3291 2258
7812 6399 2209
2628 7870 1807
7178 2187 141
3840 7961 3151
3586 9039 4176
2370 1799 2193
6075 8552 2088
1619 4453 4232
5082 6614 167
1031 9292 878
3952 4633 2066
4002 9108 4706
8682 2997 4072
8656 55 1222
320 5363 4538
6876 9305 2796
23 7881 1585
3069 1777 2510
6960 4115 2228
9604 3268 3293
9856 9260 4621
5847 1574 3113
7730 3215 2007
5320 750 2754
5847 7723 1976
8724 5462 4040
3728 7058 4608
269 1249 846
9259 2244 1895
6729 718 1680
7652 6756 4383
1189 1681 4494
7229 2223 1809
3514 3579 3039
1586 599 2101
191 9625 3352
1970 4594 4823
7370 3425 766
5583 3878 974
1532 4101 4902
8796 3951 362
7798 4539 4433
2736 104 4011
3544 6747 2710
1639 1453 4127
9549 3757 4716
4549 1 3499
5717 5847 3706
9114 2691 221
1597 9366 175
4509 3154 1410
2571 3837 371
2939 3208 1713
3238 2172 2417
7550 1003 3683
3696 2203 258
1931 3345 3004
4908 7074 1261
1036 2606 3881
6194 124 1404
6136 575 4367
2868 6887 890
1389 2581 1735
1199 2518 3401
1776 7120 1879
2722 4360 4262
9093 8697 4848
9594 5407 3712
2578 9736 4366
9294 3532 3679
6961 2820 3647
4574 5172 2132
9933 3508 165
3215 6648 2422
6152 8772 3809
1491 9525 945
2077 881 1883
8741 1854 4589
7853 6465 4757
2215 865 4244
2945 8831 1899
2071 3940 416
8329 9943 4454
1215 3956 4416
9048 1369 2779
8602 8807 767
4254 4278 2721
8993 2231 1461
721 7007 4019
3363 2289 1807
1464 8486 1211
7247 1170 3459
8957 1313 2637
7551 2697 2264
5532 490 272
188 447 199
497 1370 2642
2702 9598 665
1353 3119 3939
1609 7192 4416
6087 937 4956
423 2453 2895
5125 6210 944
8257 4749 2394
4273 2609 697
8941 2423 4919
9443 8847 3906
4705 8046 4279
1255 2467 1440
4734 8215 348
5146 6216 3842
661 8309 3561
7656 430 362
9817 800 23
4280 4024 3096
5658 5594 727
5922 8452 2254
8684 2456 3320
6188 9224 1008
3863 6766 1223
4414 8383 1867
5269 6054 402
5999 5081 1395
9450 6149 344
9052 645 3849
868 6663 1704
3938 6720 4933
9146 7537 2909
278 8615 1514
2060 1057 498
4387 769 1003
6417 4142 4331
2035 9106 4336
81 4286 2119
2907 8969 3881
8166 4079 4225
3176 6194 1538
8656 1051 3275
4387 3968 1269
1073 2318 3278
4835 2799 4274
9362 5038 3340
4875 2598 170
3976 6877 1070
6033 8656 3530
3504 1705 2537
4126 1346 3785
668 6392 2389
6387 2566 2906
6122 4761 347
3057 6607 1877
6046 5569 4453
3063 4814 1571
381 1386 3849
6181 5041 3369
4584 4761 4203
9432 8689 4139
368 3700 893
6035 3955 4556
8207 8499 1462
4512 5432 1100
7629 9995 505
5569 615 2374
942 4773 1957
3352 3541 1712
5817 3183 4311
4222 9619 2582
2001 6467 1818
2316 1674 738
1549 9828 3726
8621 7642 1014
8919 791 4969
3254 3950 4861
1497 3243 4036
3551 2207 3318
5292 3698 322
6662 569 630
1374 8272 4069
5364 6378 781
7564 8203 3336
9052 8592 69
174 3028 1710
435 481 4802
1748 5481 3400
1835 9006 1048
9784 8583 108
4004 6181 2735
7737 8148 2162
4647 9766 981
6807 50 1751
6418 6027 4996
5665 2194 475
1249 5099 4946
1161 2018 4309
9421 4699 892
8834 4788 1851
3790 6504 4341
7820 5618 217
9610 2282 3337
3190 2795 1292
3532 9938 4932
8287 2422 603
3934 7393 2253
5491 5532 3427
1257 1511 2091
597 4816 1066
8514 8783 3337
702 6010 175
5529 3893 4034
6479 7023 3567
759 8508 787
1908 2110 3495
294 690 1581
907 8523 1665
5919 6399 3260
9952 1448 224
6328 2523 3733
1190 5249 1744
1637 2875 1791
4161 5579 2915
852 7041 4171
9015 3004 3574
9372 1782 3977
7950 6954 4599
2336 3454 4297
4321 4757 331
1897 3966 2491
9085 81 4324
7330 3179 2807
4889 3889 3907
9015 8660 1119
6675 755 1737
3829 6132 1017
874 1678 3036
7397 295 4962
778 8313 3017
9248 9516 532
4740 4681 4703
2978 258 3712
4181 9550 1357
6600 9795 4693
6893 9383 3080
4856 9055 4954
9835 7474 735
8555 4842 1190
8769 5999 4746
6293 9318 2034
2407 5412 4632
1686 4823 175
8199 5072 4666
3185 2869 1560
1775 3030 1828
4823 2314 3522
6622 9239 4587
897 6681 189
9140 7749 1270
6520 1928 3746
6843 500 3621
2849 3537 2536
9202 3737 4260
9940 3610 2669
9869 5927 1999
8523 2269 4597
286 4664 26
5647 6676 966
2334 9277 4998
7113 5592 246
8998 2412 3328
9674 5877 4461
2402 7113 2180
1531 9021 3133
9386 6198 2824
6667 1192 1775
244 9204 3948
6978 1609 1194
3117 8659 2570
9363 5518 985
4127 3146 2188
6531 8871 1221
3942 9627 2546
8339 4454 333
482 2690 3920
3665 16 54
8419 7114 4919
6400 6378 513
903 1913 3172
8255 3310 615
1330 3167 2744
417 785 543
6147 8647 459
4575 1312 2401
9937 1198 2633
890 7424 3341
2903 8549 1605
9543 7263 3369
2353 824 3018
3612 4584 2213
275 8114 3610
7253 9811 2307
6401 2659 477
7356 2289 3304
6744 2130 4885
2247 5645 160
9100 1508 4032
7768 6299 391
2637 9263 4930
1094 4317 187
6509 8584 4371
4305 1100 1600
3251 3320 3719
3802 1461 1087
5147 5863 1403
3319 5648 3288
1781 7654 4463
1296 7606 88
3357 2691 833
1287 9878 1339
7 6223 923
3585 6912 1950
8409 5206 1085
7663 8122 4474
9395 5651 3081
1986 3119 1788
7331 1217 4467
4861 5031 2168
9708 805 1382
9483 5292 392
2307 6481 2409
8360 704 775
7064 4512 2333
866 3874 3701
3356 4098 833
6526 7707 4377
1774 2322 3795
8186 8411 1396
3058 1231 115
2645 1511 4027
9650 8785 1495
1676 3168 2139
8510 6879 1406
9380 8947 2787
8049 9936 3588
3831 6979 1898
8836 3981 942
8442 2903 4453
5217 6691 239
5545 3750 4690
7366 375 4038
9643 8922 3512
6599 1949 3716
7836 1000 3299
8134 3865 3319
8491 2400 127
5981 36 3082
8857 2353 692
2800 2956 1835
5722 5372 1305
1412 6444 2999
243 5489 4417
7328 1718 2171
6634 9329 1232
1193 8566 1428
1191 9349 1137
5363 9303 3260
7482 9734 324
9134 9676 4377
4399 3853 3523
9977 8877 2366
8957 264 1298
2078 619 2711
555 9915 1883
8884 7096 4901
4108 8312 2391
2129 4884 4962
5533 9989 4196
9069 1081 689
4645 5681 3702
8940 8315 3751
586 7231 751
5848 2933 1928
8912 6580 3667
6397 7825 1606
8835 3059 215
7405 4503 3117
1277 1040 3780
8108 8719 4035
6299 8879 1229
9414 7151 4144
8146 2521 1061
5244 8456 4726
3213 8092 313
8718 5214 4296
10 6530 1526
3890 6040 425
4412 489 2953
6392 6241 2719
7481 9325 314
501 2045 1376
4580 8876 1442
5613 6136 2199
4115 2990 4290
6441 7547 4863
6456 3213 1150
5783 4819 1522
4040 2180 4364
9438 4411 3207
3640 3187 4475
9381 1689 2787
6633 2693 2136
1304 5371 1529
8733 5535 3960
2914 5625 3188
2747 9428 1408
6613 9652 1816
3641 5625 4340
9960 6062 838
3662 8265 871
9173 6409 3025
5993 420 4012
8502 4306 3165
9153 5314 129
9992 5250 3996
4707 4287 1837
124 3181 2512
1965 8393 4727
1220 1854 3943
9814 7933 1351
768 3262 4273
5465 9535 1934
4409 617 705
5967 3443 3232
5039 1445 2665
4811 7433 881
5353 5370 1658
1756 3548 1422
5998 3513 3437
7796 8593 798
3901 6983 3665
5198 750 132
4354 2452 894
4644 1427 289
5797 2905 3741
6273 8670 1000
9694 8580 3874
9199 985 4957
2156 7831 56
4451 5914 1064
3850 8425 4316
9139 5706 3295
2667 2242 2711
9132 7014 3409
956 5315 4781
8297 6807 3685
8829 7245 2290
4893 2745 1133
8072 5535 4180
5526 4581 4435
5562 9639 3457
5959 5199 2360
2912 8225 1056
4989 1944 680
7014 5444 209
2230 102 323
702 2554 2514
6103 3761 4804
3802 1191 1937
2148 1896 2671
5199 1134 1707
91 5308 2785
7872 553 4275
3343 6974 4552
2984 1644 2326
4968 4659 4259
8598 6276 3161
9608 8038 1181
8185 3638 3466
7356 7226 2398
6771 2452 53
2125 6001 4222
2747 6042 2359
3426 1140 4308
3578 2832 4452
1734 2190 1560
1030 2069 1640
9938 2346 59
4994 1517 484
6179 132 737
8512 4009 3403
4299 8020 1312
3341 9056 3795
5652 396 4363
2704 7727 3310
8498 1426 3736
2899 2960 2868
7865 7606 2629
4265 5950 4605
4352 7927 1112
6208 2535 4680
535 5331 1167
1478 8371 3716
6265 9073 1976
1675 6430 435
9000 2976 3601
1981 7680 1439
1037 7490 1762
3249 7256 1780
9248 9544 1525
479 5338 1490
2826 2542 4724
9287 3507 3375
2804 1651 3499
5356 9587 618
4967 3871 4532
9021 2357 1938
2728 5326 2980
4006 9463 4426
3329 5246 4555
5047 4370 3424
2001 8013 3794
8078 3585 1324
6440 4748 2025
320 9355 2725
4276 4159 4732
8161 1908 1479
7320 9889 4770
7189 44 1531
9355 2856 3606
1144 2655 455
5424 4038 4882
7676 8634 4078
1843 3510 4017
5355 2265 4748
9147 8502 1991
2140 2445 231
1614 2207 2985
6506 889 4490
3087 2838 309
728 4346 4541
8010 9938 3815
8497 8248 4145
9321 7182 2862
3450 6098 4214
5855 3025 1940
8765 6460 499
662 3309 143
4556 4949 1936
6354 1343 4692
9401 5254 897
7540 1088 2842
2670 3441 4674
1533 374 1223
9456 2743 4808
5705 393 758
4960 3257 3916
4541 8378 1580
928 3216 41
9446 6808 3852
1354 3447 4862
8189 1522 4987
1886 2378 3259
793 2472 1244
1893 3395 1290
1934 7542 3360
7644 2287 439
1886 9926 732
1899 1846 3135
6597 1712 1061
2960 685 991
522 7315 1115
5618 8669 3586
4074 3243 1754
606 4810 4685
3153 7068 3116
5526 3414 4393
219 2930 3731
4939 8535 849
2451 4621 1443
1645 1476 2331
372 9148 3235
8598 2303 2762
143 9444 2676
2205 2459 4886
4697 6153 1056
280 9689 1587
6008 5733 3118
1081 20 1759
9320 9768 2829
2100 9559 4068
279 1592 1875
7433 1943 1163
4513 3125 3473
5882 9006 2676
8841 6007 3174
5028 2135 1737
443 4249 614
2558 420 1154
7894 881 3461
2017 5928 1327
7853 3781 4568
8107 4553 495
2725 9815 504
7259 1398 3533
6982 9679 184
6755 3738 1065
2072 4610 4351
1753 5609 2617
4277 2598 63
3634 4676 266
4091 960 1022
276 5950 3323
8132 9247 3699
6038 6933 2526
1063 6076 3628
9668 5702 3048
4670 6965 1413
4032 4116 3929
1743 2242 2058
7565 7113 23
1811 722 4547
973 1941 4213
2009 634 1698
436 6759 4538
3765 1644 3681
6531 4524 738
8011 2652 3472
8458 698 4460
215 8468 799
6000 7336 880
2426 9711 250
1772 5615 499
7593 1383 1602
8329 695 3348
7421 1665 2020
882 7568 1878
5441 1305 392
4714 5916 4348
4514 8061 2460
3268 6563 1434
1871 3220 204
285 9259 3565
2977 5716 4356
8652 5821 3661
6978 7036 4884
4157 8129 244
3351 1974 4598
89 5468 1630
3282 9944 3298
2565 7200 2083
7167 6449 3579
2439 1293 2894
9587 1049 4298
3941 2264 3892
310 525 472
4358 6602 3399
6972 1641 2545
5412 9655 205
1111 1908 415
7322 9642 3979
7657 2036 2067
611 321 2152
9593 3865 4456
9044 1113 4612
4416 9407 25
5161 4084 539
5188 2820 347
4186 9975 4112
620 9660 2439
9796 8141 3236
9930 8670 4038
3664 1066 1628
7589 9671 3597
1970 6792 3132
9879 9118 2398
1672 6731 3130
1631 2432 1772
7945 4696 403
7946 7862 4678
4360 4067 1912
2854 5280 3580
2998 3455 4223
9682 9750 2369
9549 9313 934
7308 240 549
4327 2705 3530
2286 431 1756
7655 835 4224
7548 8856 1406
1731 1458 3365
899 2594 225
4251 1557 4471
1371 3853 3026
9364 8404 4879
8265 9579 3675
2401 1834 685
7281 367 4404
8251 9628 2374
8326 500 579
8955 6537 2131
4982 8767 1133
2633 1970 3697
5833 8551 4204
3819 9356 3608
8304 6124 3586
188 8832 1414
1011 420 2126
8848 767 3431
7771 5246 3878
1535 2946 1548
6230 9231 698
4907 9759 3304
1499 1376 1293
8370 8186 4837
4430 2709 4915
6938 9169 4135
2464 7591 3213
9479 7817 410
4376 706 4824
5810 3757 966
4237 1448 4760
6938 1843 2905
6998 721 4050
9041 4065 1451
7987 4654 4532
9145 3672 2731
6183 5800 877
7540 9519 3262
2977 4798 371
9908 6908 2319
9991 6165 3144
8958 4073 2170
7033 419 2177
7422 8383 2560
2485 1061 3637
190 2505 4595
5538 1674 3162
2332 2618 2913
9502 3983 3332
4509 8890 4479
2048 5 4117
9402 3637 2179
8759 6555 4364
8221 3734 337
7141 2252 2118
6474 7856 1240
8637 7293 4932
9433 1116 3481
361 1038 731
4913 1210 1757
1850 9609 2034
5861 9825 1338
3351 6674 885
3811 3495 3893
6678 6 2800
3056 4073 359
4169 5262 4558
8372 1546 3282
5446 359 1357
5903 4561 2475
8119 2369 2148
2040 1595 3514
5208 517 1584
4737 4482 232
9293 6822 3294
1035 7701 3967
1070 8450 1039
4238 9741 4410
9391 8955 343
8957 8864 24
6565 7564 4516
2383 1587 2225
1304 7255 2219
6778 8470 857
3710 5348 1514
6463 6169 2172
8944 6917 4411
4079 9531 3243
9003 7214 2553
8302 6244 4647
5117 1479 2682
5575 9639 2140
5137 807 907
2033 2208 4908
2958 959 3914
5919 4036 3126
728 5755 929
1153 7773 644
6921 1013 1861
9764 8811 4549
6469 3393 3451
5150 4072 3366
2060 1638 4217
9490 4258 2685
6101 9822 458
6209 7954 63
805 405 4868
9378 4933 1114
4894 8689 4755
4099 2931 385
4805 6165 3073
4488 9121 3563
7067 8151 3363
819 5355 3571
4294 2651 118
5091 5156 3471
5966 8028 3630
5569 8806 240
9358 7382 2528
5225 3616 1576
8297 9971 237
6965 2143 1987
6054 4228 3314
6246 2143 1510
6860 5513 2370
887 1776 3249
5472 9890 4983
5685 3750 440
150 6971 1313
3059 1940 1433
2492 4818 1484
7404 7015 3919
7765 5089 3287
2200 5177 552
6392 454 850
1295 2897 2302
1637 1512 3052
8247 4115 4370
8471 6361 492
100 8795 123
1775 7775 4824
8458 6489 3942
8102 9155 1048
3209 1296 1417
9467 9757 2936
7275 223 2239
7309 2210 3347
4310 2688 3482
1247 2412 909
2697 876 1671
8663 4116 1875
7843 5605 1868
7046 5664 4823
6322 8721 394
7556 9078 2871
2765 6037 2169
8422 2864 2538
2095 2021 4567
3810 8248 2657
4148 5931 2199
772 515 3517
4169 5005 3010
4672 7654 2774
2386 3224 629
1825 2292 1586
2525 7331 2339
8802 8048 696
7385 7182 3262
3379 3979 2405
2725 8016 1391
503 3139 4548
8829 6217 1391
1192 7778 2897
206 8894 498
1102 9940 3171
4045 683 2089
5389 3184 272
6334 9975 1881
5324 8934 4121
2372 4370 1880
5423 3760 2504
193 585 851
8432 1132 3247
7217 7768 4139
4695 8424 549
6962 5658 1412
4568 4163 2084
5889 4286 2146
7004 876 4356
3444 8766 2963
1080 7784 4938
3562 7378 4526
1755 255 2626
3947 9760 1011
2409 8792 3740
8230 8396 2093
8828 6324 4653
9490 6972 4804
8645 8429 1270
9811 998 2508
5152 7884 4742
2176 7853 858
4493 7363 1127
4158 6174 1906
596 1467 4901
8854 6247 2070
2867 4387 1083
3337 9121 1855
9705 7365 1334
8543 3857 1952
9306 1690 1237
1846 9006 4096
492 6420 1288
9282 3442 1413
8471 8432 405
9471 9126 1738
2748 2387 993
733 1916 123
3032 3768 1440
34 266 517
8552 6323 3780
7110 6216 939
742 488 4161
9779 9144 3940
6328 1993 92
8974 1369 2421
3102 6105 3144
1522 4731 506
3854 9060 2371
5231 3997 697
9660 8361 389
7906 4527 3450
9016 2265 1598
5158 5068 3348
9645 5183 801
571 59 1627
276 7488 3312
2988 57 3032
4570 5397 4820
6212 7168 611
5429 320 378
7141 7091 3195
6915 4401 754
1209 213 3220
6077 4900 709
1479 3683 2312
25 7323 4438
5307 1647 3268
9690 4405 3846
687 8565 124
6017 9202 1595
7043 6876 4492
3314 4820 4539
2307 6191 4377
9297 9250 3320
2610 6363 4972
7522 252 4326
3835 8846 3551
9142 9100 4261
9269 1938 3871
8669 7951 596
5965 501 3040
9688 7024 1480
5947 7430 636
9328 7446 3089
382 9743 1940
2072 364 713
2174 7071 2937
7447 8552 4730
9159 3060 3115
240 4959 645
9065 95 4683
6038 2280 597
7552 5918 2750
8363 5150 965
7545 7973 3744
4764 1478 1131
7999 4862 3155
9865 3029 612
1582 8877 4518
2370 4592 753
9970 9702 3300
2257 7139 2182
2900 2665 1155
9882 7823 2739
8392 9627 610
7360 874 2166
6003 4364 1081
1724 9069 2840
4811 6108 3983
743 5225 3565
8286 2071 24
9469 2318 1035
6015 8141 1
9412 295 408
1038 6542 1799
5606 6717 2254
865 7526 1407
3461 2228 2282
7700 2910 4122
2669 9174 2688
4587 82 479
1457 7954 4262
8465 2994 1319
4289 7415 1970
1476 2232 3439
1187 6381 4443
6113 102 3945
1079 965 2879
9215 966 750
1903 9410 3046
16 2916 3800
1789 1411 2581
3046 7002 663
714 5942 1863
7218 872 4666
2230 3270 360
537 7575 581
7048 9726 2572
240 75 3964
4201 1419 4131
9404 5116 4603
5361 4801 1860
2307 9297 4276
7673 6769 4859
9098 9389 1748
6752 5646 1078
9751 4212 2286
7736 1893 3387
1443 8432 1158
7768 3312 2547
8821 1354 1747
1158 581 2113
5444 743 1260
5763 9199 3304
3633 3001 563
7672 4862 1748
5897 7173 2098
8585 3964 2764
2480 6892 4342
990 6645 2237
8940 7133 319
7033 7336 1588
9638 8977 1795
4118 4908 4440
8247 3198 4483
4974 2897 2605
3733 6268 2441
6650 2259 4426
777 5420 2737
869 7299 3640
4533 821 3224
5899 7356 2749
5774 1311 2984
6505 2612 1688
9249 2994 80
9733 557 4431
5460 5317 878
696 8083 2536
451 9831 834
3826 1633 683
1640 7580 4158
6355 1552 4924
312 2331 2692
4832 7293 3188
884 2902 1378
389 6653 3039
3830 5163 2196
1362 2902 6
1354 2215 1493
7171 5140 4636
5854 975 87
2587 6843 416
1293 5234 910
5525 3515 1500
5685 9637 2127
7211 5567 263
7177 4628 360
8066 1636 3629
3133 2115 3799
9747 9023 406
5797 9664 3000
459 3778 539
788 159 3217
4716 3542 2491
199 3330 4743
1941 49 2273
5705 2065 258
3514 7019 374
8298 4656 528
1179 8892 2457
1536 3627 2760
2855 8936 2943
5670 3991 3063
9291 5578 1201
748 5920 3178
1157 544 486
6677 7977 4665
9463 213 158
6517 9358 3511
8970 963 604
8957 6338 3599
7823 4305 362
3958 7847 4104
4375 2053 1785
3175 9343 2368
5025 9519 3072
3686 336 23
6432 8040 3756
6176 2575 2738
5375 131 1786
2632 5700 91
1194 8081 1741
6217 5129 2090
2130 6408 1505
4683 1732 3764
8802 4174 1506
9537 1001 1531
9382 2448 1793
3626 5041 2712
1560 1142 125
523 9360 327
6910 760 2918
4002 92 4432
9105 6783 4182
4149 3980 115
2481 1911 725
6291 6432 3638
3603 2229 54
4613 5480 3740
5473 9217 4559
8897 7391 2649
9266 3048 719
2801 9722 4863
6938 5106 1373
6475 760 1892
3936 6866 1468
138 2317 3749
6062 5795 4266
3056 1273 2096
7568 7591 203
9762 2065 9
7289 1876 745
5640 2655 1849
9023 100 1483
3097 7068 1379
1621 9961 1401
1106 5776 4297
2039 8556 4693
8009 70 2999
9265 1547 3554
1743 1836 4122
7152 3464 4388
6085 5444 4508
9021 1336 4822
5127 9322 3800
7707 2743 772
6254 9109 4234
728 824 2783
3872 7843 4383
9893 3538 551
8970 6151 4987
2532 8331 4767
7857 2824 4171
4523 5434 2548
875 1572 4210
2262 2754 3906
2662 19 443
2910 9030 1752
4825 8792 1045
3746 2216 1274
969 4128 727
4545 4566 3992
4567 3463 1079
8599 1797 541
6905 5896 4730
9870 3215 84
2073 213 1046
591 3405 416
4538 2445 1795
2149 2139 3596
8159 5884 1042
1691 3992 3056
3177 678 1071
8246 1532 3424
5496 770 3336
4152 6485 1615
47 941 2822
9746 3781 3605
7486 7530 2916
6518 9577 787
8802 3674 1082
1163 375 1327
9801 1468 3406
1212 7695 2446
6195 9963 335
2607 9536 4350
3574 1955 239
4319 4062 4434
4520 1095 3172
6420 2657 1236
9297 1329 1664
1941 6877 3989
229 8209 458
6011 6649 4565
6038 6843 3222
7544 664 3139
3831 6455 1254
1378 9344 4196
6450 5931 2963
990 4967 4762
4701 4173 2462
592 7224 3535
6414 3216 2509
9906 3089 1841
9298 6829 2817
139 4952 4953
6175 2740 3717
3109 2121 1384
6313 2206 3555
1924 1449 2421
2406 4189 1774
6732 2251 2815
9089 5252 2184
2478 1661 4217
8408 643 4373
8077 9734 804
6677 2416 1967
5097 1386 4922
9353 6230 2160
3614 3293 4586
5551 3922 1098
4615 7551 1530
5990 943 2988
8710 3864 1843
4022 4271 1658
569 3946 636
1289 5993 4334
8183 6646 230
6125 4375 3030
7649 6396 4618
4400 8181 2711
7430 6576 4808
4395 5496 1634
5906 3930 3577
6073 9245 3869
4437 6439 3168
9742 8237 3132
1041 7059 1710
4593 2072 648
2901 5623 2340
6061 362 4387
129 9382 2721
5019 8323 718
5598 3037 3270
9763 2336 2647
6081 9432 3124
6505 4949 3660
2977 1848 1963
221 7425 2263
2239 3925 3015
9642 1944 2177
2975 6304 1004
4684 862 2170
8920 9560 1601
4060 2579 3404
1906 4931 2595
5061 3497 458
7418 9282 3381
3604 7502 1852
1708 296 246
8751 1998 4061
8697 5837 1369
2327 1970 651
6035 8994 3659
1513 9125 2301
5215 2562 1714
5943 4577 1444
7093 8281 3774
4255 4375 4081
796 1842 4074
3178 2680 208
8667 6732 2798
2418 3646 3644
7582 7421 1082
9458 7044 3280
5307 6663 1543
3194 7668 28
1826 4565 508
764 5850 1250
7197 8798 516
402 6020 2667
8505 747 298
414 2490 3964
2919 2097 539
5065 3052 2620
7587 3192 983
6970 433 4950
4933 3714 4700
2022 3565 3261
8668 1422 4050
2694 574 1626
1992 3245 3098
5666 5751 1263
8488 6402 1442
438 9845 1528
9430 7940 2017
5635 2094 3060
5771 3493 1923
2430 2768 1236
7253 3716 1558
8555 9885 4981
2855 23 2354
5957 7760 1820
5800 3694 1059
3713 6934 3497
1427 8311 2868
569 7692 3254
1501 802 4516
7522 746 4190
3070 6374 4974
8156 1979 4143
2595 3275 3123
632 1616 116
8050 2042 1278
6495 1634 2902
9070 3641 4574
9178 2996 735
8077 7122 2148
8751 4231 3298
7839 3281 2657
7251 4303 1074
2378 3437 1776
2502 2320 1323
8328 276 870
9952 4784 2079
2522 5670 4590
9274 2527 1509
2926 5795 3318
936 6177 1500
5530 3458 3045
807 6383 1985
7844 4008 547
1879 8709 455
4449 6501 4029
4518 1712 1936
103 7955 2583
3753 9156 2498
1999 9202 2654
2432 222 588
3600 6313 1430
6574 939 4168
4699 6542 1878
9353 7758 2994
6326 1036 2571
4535 7801 369
5923 5217 2060
9317 1191 1428
1102 6034 709
7014 4385 590
1269 9277 2804
5405 7016 2226
277 9331 749
9440 6159 4854
3465 9681 2630
7386 8964 4069
5861 3028 494
7817 8 1124
297 4155 1383
7120 2593 123
1165 8128 788
2227 1471 1227
5037 1200 1654
9364 3991 3523
6611 7581 4358
9282 7436 3326
595 9279 4287
7775 3532 608
2702 6985 4019
7927 3790 655
9862 3037 1081
7173 6379 232
7542 5556 4725
8690 8761 3893
8924 6887 2887
3886 3407 4684
5058 3326 945
9873 1502 3132
5387 5058 1544
505 8396 4737
5486 2976 1911
2042 2371 375
2597 1983 4802
1134 5766 193
5719 7967 3098
4461 4633 4613
7472 4654 3932
112 818 10
2298 6895 4598
7606 6482 2509
5065 8925 3566
8133 6568 2440
9378 7337 4859
7375 5071 730
6877 3298 3160
5694 6989 277
4209 5416 271
377 6663 2002
5783 5156 1808
7704 3263 309
9647 6326 2232
9257 6989 1528
7608 7231 648
1800 9264 2934
2250 9327 3115
3649 5260 1687
811 6077 4863
7634 130 1469
6029 5730 903
2646 8667 1320
7580 6775 1691
6988 4910 1924
1283 5144 2376
8593 9168 4669
5495 6446 2857
4615 6782 3561
4063 4891 2707
4288 4786 1814
5036 4217 598
5002 1987 3241
9328 9887 4826
4007 9952 1987
4234 4518 4738
7387 4670 1855
9419 4417 3359
4322 281 4308
9197 2807 1197
3678 782 4861
5377 8200 3442
2102 9919 3908
3580 9430 4368
8558 9545 2209
1634 4082 1292
1697 130 4678
7299 2114 502
2839 1886 3922
710 7846 2678
4937 8496 2849
3157 4703 3382
6070 5516 3872
9594 2161 1030
610 4004 84
703 4944 2279
9284 7091 2494
6250 1050 1216
3660 9282 448
448 2317 2915
1747 2234 941
3342 7560 2731
6446 5836 4332
9746 6416 1560
5419 9541 2764
7722 37 4550
7049 1292 4700
9985 3578 564
4277 5906 4527
4888 3099 2125
5361 6497 3178
3625 1386 594
3650 8880 4512
6078 787 1677
4859 3007 1561
6674 2581 1112
548 4074 1597
5079 7495 2399
3000 4343 3331
3406 1765 154
4935 3800 3693
9493 6810 4133
6492 8851 230
535 9046 2571
2307 9323 2299
6249 9544 411
2506 1469 3992
7178 4686 528
7631 4317 1543
615 4949 1703
5218 957 1272
3741 8791 3004
768 2676 1327
9160 9986 2297
6916 6403 2772
2968 7347 2759
2612 3259 1647
2186 8524 1256
3830 152 1117
266 2202 2705
6574 9398 884
3531 3349 82
3763 359 1798
3232 4155 3345
7675 7224 555
2012 7008 3738
5983 175 3585
6993 2326 3919
9988 9993 2846
5164 4081 465
2843 4554 3033
3450 918 641
2835 3781 4766
9111 4232 3995
2795 3850 238
3551 4437 1080
764 2081 4426
4849 7511 558
9527 268 745
7441 2671 1339
2169 4795 427
6116 958 3600
6776 4242 4477
7578 1664 3902
8113 5261 2134
6781 1734 4922
2996 4320 410
6329 5894 4437
3725 8795 3611
2524 7686 1216
5562 8286 526
2947 2548 2595
9810 657 4792
5623 6312 3230
8745 4616 2087
8308 2415 2027
7953 4081 1538
7395 9394 626
3052 1633 1065
1385 1408 387
1953 8698 3752
8413 687 1931
5679 9057 3408
819 1211 3723
810 7941 2387
590 3695 4901
2474 5775 849
9629 4125 2908
2919 9800 2608
1792 8093 836
2828 2875 1165
8064 6353 2086
4092 3609 4568
7444 2978 1340
351 5909 2370
2451 2364 926
6155 2886 3088
5251 4270 4843
6266 3151 1600
24 8840 1602
3315 4749 2412
4948 7255 152
4992 8228 4249
8177 8332 4909
9504 5416 97
4439 7612 171
2723 169 3066
6185 8314 2862
1169 5131 1553
7343 8140 2109
2976 6508 3500
3427 2620 4897
5186 6784 1911
4391 3030 3706
8159 7768 2613
2793 2621 2939
9293 2516 144
6854 1319 3272
5722 8892 686
2322 9905 1097
455 6043 4692
2583 2472 4854
4683 1917 585
5285 6725 1789
688 2484 4845
5205 5174 4765
6590 3810 3571
4003 7590 1263
6694 2823 2431
2947 700 3535
6176 1245 2747
4246 8427 222
9031 5564 796
3187 3354 877
3654 8819 332
714 4466 4702
8756 3677 1287
1052 1371 1449
2487 1546 1417
1249 6096 2426
8378 1845 3052
8819 2517 3568
8903 6834 4390
8183 6577 2441
138 1703 4775
1797 8697 2677
4294 9113 4402
958 6380 2534
5006 2188 8
697 6361 1456
9339 8232 4079
7245 8592 3936
4006 5139 4267
5362 6352 3291
4616 6542 2547
1945 9761 3567
2118 3566 2427
2953 1831 1155
7145 2372 1467
1230 3167 1500
280 5007 524
745 4658 1337
4144 8714 1778
1847 4610 3979
8373 9311 917
1475 7717 3658
2513 6656 4818
9984 9733 2275
9426 8631 791
2635 8416 1632
1816 9003 164
934 3593 3539
6918 6714 172
2754 34 512
88 5698 1612
2642 8834 2758
3168 8912 3245
3089 1578 32
5271 760 2676
2940 4426 2002
8674 3849 4505
31 5820 4532
2651 6847 1401
9249 1023 489
7390 6522 4375
7081 2687 3747
7145 3998 1861
2905 9106 1695
8218 9984 3157
3339 3514 3963
6676 1364 4143
5508 1868 4443
6594 2900 3258
7452 1716 2031
7111 9046 2497
1780 13 610
3110 2540 4144
2569 3295 1849
9974 2496 813
8856 8324 1834
5723 3061 3778
9831 1037 4329
7813 5330 163
6652 7901 4039
6318 1556 356
6922 6065 4768
2736 102 4410
8563 1645 2183
4052 1229 1044
7652 9940 3643
6713 1913 3774
8243 1813 2887
9722 6864 4748
8736 4046 4433
4897 5733 4076
2919 272 1235
6402 6174 3020
6541 8746 3150
2798 5798 4709
1543 2266 2652
7343 3344 2524
8310 9718 4633
2662 5626 2672
3662 9868 2236
7129 147 3641
4880 2236 4746
9958 368 3646
4392 7785 1170
6750 6931 4836
4989 1031 3588
9405 6493 3969
353 9214 32
9064 9753 3747
5029 8159 2089
9161 5766 4678
4656 6645 2260
1233 8340 1586
9965 8258 2477
1843 6733 3786
3973 4734 3755
8503 5625 1690
6531 9527 4395
8736 1750 3120
4799 9572 4373
458 4345 2376
5177 161 4956
2730 8433 3232
162 5352 1401
1937 514 1344
6528 2286 3758
640 6499 3279
4749 9058 4931
1002 296 4460
2935 4432 4380
4139 5874 4261
1710 3628 5
9114 8841 4696
9102 3112 338
5404 7904 2500
8861 9028 1942
9748 7761 2146
1736 9065 2848
6815 3875 120
2447 7324 3036
208 774 6
3487 752 2826
6395 6607 835
9702 9772 2916
3330 283 2929
6347 4796 796
9141 4277 4632
3138 7180 4435
4820 7077 3677
9330 848 4118
7861 319 970
8696 7734 1328
6790 572 256
1851 3343 3504
6100 2013 390
3783 4446 2422
4964 4129 1078
9854 9753 355
6445 7929 2247
5618 6913 4577
6567 6131 1351
4929 632 3096
2322 2065 958
5301 5639 4894
7146 7826 1122
5167 6970 1461
3018 2962 1024
9977 129 2718
3865 3530 2416
7202 481 2119
8174 5034 3936
6370 4973 4434
4727 5335 3051
9785 3650 4922
7161 5345 1399
1579 3797 4378
3690 5120 51
8013 1340 1124
4709 5456 2849
3574 1665 1362
9763 923 28
4081 6461 1047
3028 1497 557
7738 3880 1173
7590 8104 1287
6973 4435 4392
8938 4036 2839
9104 5259 2632
9079 5320 1401
2964 9575 2501
2790 5673 1147
5122 1661 3327
1894 8230 2685
8015 6033 689
7350 1090 449
5504 855 4335
772 5951 2528
9818 1519 2117
7343 7440 2518
4411 7726 1887
5998 3519 2922
2312 4875 3592
8665 4846 919
7557 1951 2920
9512 4919 4679
7527 3267 2130
4741 9880 1665
600 5461 1896
8000 8364 4378
496 3641 1600
2044 8681 1784
6902 1362 563
3293 3926 4270
9844 2985 3499
613 8404 3887
8290 8764 1435
9122 1119 2889
2852 7862 4451
7785 3216 79
4673 9090 3562
3013 5176 513
5135 2974 1002
7293 5009 3348
5352 3484 2683
3709 7907 4194
819 1663 4194
9249 1759 2919
6960 7837 1541
4792 4574 3126
8135 1435 3926
7253 6207 1332
9707 6512 4824
1069 5085 1839
3439 6488 1119
9628 9905 4716
4209 6161 3523
4292 5594 432
9987 9626 4712
9598 475 303
1837 790 4361
9757 9078 2788
7859 3733 4731
277 8704 1917
5576 2682 780
1392 8852 4870
6710 8553 2380
4710 2788 2416
6387 4537 4216
8465 4874 3751
9549 6073 3589
2796 9192 3039
8032 5383 4678
5710 8518 1036
8492 1821 4853
841 2935 1176
1170 7227 4783
7581 8827 4991
1212 2255 2452
8664 8854 1537
9968 7403 672
7571 235 2689
9512 8669 2452
4303 5385 811
4356 3376 3486
8132 2619 4286
6409 8574 859
1359 2985 1783
486 3439 4327
8237 5598 3559
8787 1869 672
9471 4026 4996
8055 8827 654
4507 5514 4723
186 371 4693
2734 1726 3648
7667 9455 385
6068 5171 1211
9179 6966 3465
9587 3403 1811
6122 1465 2565
8267 8822 170
7613 194 2609
3197 2073 3233
327 1991 999
9431 3950 4789
1307 170 2037
8726 2058 4699
7771 5036 1102
5163 5727 994
3987 6989 347
9403 967 4351
5375 8765 828
8229 2015 350
4643 5369 500
2222 4904 1739
7553 3384 3281
1141 5623 4350
8129 3369 3106
6587 2291 3604
1292 3555 2857
8350 9823 3285
9311 4019 1713
5787 3964 495
116 5470 4461
5271 7048 741
6008 4782 3690
4035 1408 2739
6321 6153 1962
9581 7984 4654
3046 5850 2841
1895 1659 3112
4754 4032 3219
697 2195 4163
3931 7725 3983
2977 7486 231
2595 8924 4871
6911 6196 3358
76 5621 2043
4833 2901 4270
1346 6188 2089
4201 1125 3377
1254 572 859
7566 5297 1678
5484 8772 2455
6710 4351 352
6116 2038 307
3095 9178 4480
20 2217 4018
3506 135 2164
2338 7972 3439
3416 6917 1101
8341 1678 2157
4246 4433 3714
1901 8664 4744
3766 9698 2597
3463 354 4714
6746 9422 368
6854 8114 3295
4261 9942 30
9333 2845 1419
8284 8791 2280
8341 7443 2209
5241 5744 917
3885 5384 4405
7433 2224 4022
2019 7430 2179
3220 348 3481
9057 9174 982
1731 6287 2220
575 3327 2500
3412 9677 4128
8564 1065 4156
8084 3367 4493
7698 7261 2943
8388 3644 1918
3513 6630 2327
7780 7364 115
4113 1544 1906
138 9913 103
1846 5719 1582
8399 6867 190
3052 8928 1047
6486 2183 2857
4333 2733 324
4292 1111 1396
3811 1392 286
5834 7376 3784
2194 119 2200
4579 1086 162
927 8105 4847
4458 1633 4629
3524 2614 2218
6082 3935 4513
1233 974 3955
5071 1618 1184
2362 4539 4457
7628 461 4812
9142 7776 1238
6386 4190 4705
6666 3353 1502
2907 6114 641
8126 4891 1181
3039 4745 115
4342 3505 1413
6868 1633 884
8742 845 291
3152 5004 3135
8615 7071 813
6250 3524 412
7780 196 1224
8948 6543 3676
2782 918 1241
575 520 4871
5492 3873 3203
6784 2220 575
9359 5904 1611
6705 8908 4780
510 163 2777
7616 7795 4956
5128 491 491
1569 8108 1994
2237 5464 4613
201 425 3780
3542 7560 733
3104 567 3699
2812 2625 767
1788 3345 4429
6236 9279 338
8344 7743 620
6387 8120 1168
3041 1965 205
4159 5180 2289
6676 1832 4064
1817 9330 1370
8964 1120 3883
103 7451 2104
5019 4012 3335
881 2370 1848
4940 4802 1080
3009 5907 1182
1521 6509 127
2360 5608 1484
3517 9629 2211
1348 2325 140
9557 4449 2500
7308 7773 1477
6157 370 1706
2992 6892 2893
5174 1546 1841
2138 7705 3351
1292 7628 4938
4916 9129 198
2194 4429 2826
5883 9573 4425
5746 1834 3132
607 2153 867
1741 9420 905
5237 8798 4764
1489 2797 3522
8855 6629 2340
9939 8779 3389
4182 7847 4555
7011 8416 3452
2079 3504 3798
6215 963 80
8195 8610 2206
5111 7474 2121
387 8375 1891
7181 9133 726
9249 1794 4685
532 8039 2389
9293 2140 703
7162 4927 358
824 6613 4680
8668 3303 3220
9960 2094 1617
5341 3775 2283
8852 4407 4177
7160 4430 3679
640 8260 1293
1921 3670 4703
8647 6721 2610
4494 7072 1536
2425 159 1378
1080 2727 1633
8055 2431 120
5886 5387 13
3410 3568 17
998 337 149
8987 8503 3088
4074 4779 3304
7429 3920 4864
1822 79 28
8456 8537 4684
9308 1474 994
4130 1951 3328
43 379 4749
1512 6299 4651
2494 3851 1138
8101 3302 3742
9535 8715 4729
7533 732 3181
145 8876 2760
4918 8901 674
8972 6967 3933
4227 6365 2007
665 830 189
9776 9658 4220
4543 3590 2041
7119 1945 793
4002 7301 676
1574 8575 698
5215 1514 4950
9097 6051 2123
5402 8212 1160
9393 5063 1230
297 3098 2129
197 1120 2974
3333 5307 1960
4550 6764 3368
491 7315 2635
6145 9416 4975
9785 4102 2322
9535 4478 3314
7076 7235 1215
879 1564 480
9019 2260 2188
262 2281 4417
1500 8306 1247
2257 3645 4206
7319 9772 2368
18 2445 3204
2305 551 4349
5679 8205 574
8140 4293 2661
2227 7660 1863
5873 3156 3372
5104 2617 1821
5643 7445 143
137 4827 715
2612 1551 4588
2285 9038 2720
1756 8994 952
6859 1137 1448
5363 5668 4625
293 4699 3257
1874 519 499
7612 9856 1417
3589 907 2167
6987 6691 193
881 1396 1047
9200 3969 4280
2348 7508 710
485 1470 1440
3285 2083 4652
6999 1124 2875
1467 2049 241
4333 8722 3066
188 8155 3518
7130 5326 1839
4236 5112 3128
753 5004 1456
2364 7205 3433
3584 4912 3137
412 1754 722
5454 3876 57
5995 8179 1680
5064 8057 1220
4251 3848 2865
9147 6911 681
8047 6714 4381
2770 2673 2604
1663 2067 3759
3002 6459 3712
62 8345 3212
6853 6347 2877
6556 2500 1066
4522 1254 3621
6697 8942 3621
8366 4416 2404
7754 7652 660
2615 9472 493
3402 5924 124
598 6763 892
8360 4969 4101
9267 7919 2469
2385 2057 1928
5131 4454 1717
5039 878 2517
6869 6199 4487
2496 1809 1236
1423 5509 3546
4141 9905 2919
2680 5847 2104
9418 2819 141
6548 4528 2319
1440 2027 829
8078 3204 4479
9018 1315 4352
2404 7595 2041
41 7029 1913
5025 3692 2764
9613 4710 4100
8236 2928 531
8654 8467 2272
9612 6877 4398
380 6638 3320
4254 299 2846
1611 1650 359
2977 1492 1319
6079 5095 1607
4570 1347 1528
4049 480 971
6577 834 2548
8648 6944 35
3927 8137 1166
1646 8277 3155
866 957 1660
2673 1023 1652
1720 9743 3660
9023 9703 4952
810 1313 733
4522 531 109
3438 4879 3890
1913 3943 877
8132 1620 4831
7645 9089 3400
746 1719 3179
2549 5812 418
8312 4233 808
9532 4667 3823
8583 5384 2988
154 1973 632
3375 7168 2792
3661 5532 4343
2713 1955 186
7742 2727 4573
8658 7268 4282
56 7727 1128
7667 9809 461
3714 7666 918
6807 1733 3496
450 9052 4195
1819 7700 1267
2126 3322 4881
9635 6294 2059
7882 8034 989
8773 3243 3975
5551 3714 331
7330 6868 4585
1737 114 1492
4698 8962 123
8995 6002 2883
7627 8200 258
241 2780 2105
4803 3181 1106
3494 6475 1526
2658 1991 3201
9585 623 3150
9870 6265 4518
5773 7469 2127
6527 7735 164
6372 7249 2921
1086 7158 970
4028 9471 2988
2327 1465 2637
899 1891 3331
4885 2378 3182
1191 72 3935
158 3564 1619
5963 760 4282
4227 2564 2311
3471 1843 4409
3639 9468 1122
4727 8877 2399
8247 1080 1806
386 167 2470
1755 6964 4921
1222 253 2592
3745 767 1208
1653 6034 584
6177 7803 2988
9012 6359 2383
6623 4015 1894
5406 3812 2539
9010 1486 766
51 5338 140
1941 4524 4086
6891 4252 1274
8037 8283 4795
6954 2003 2622
7740 4043 4521
5520 5258 911
2241 8945 626
7357 8072 2700
1613 2195 1919
9703 6096 4611
8155 8301 807
5592 5935 2127
2535 6166 374
9806 7567 1318
3720 6280 155
2515 4843 2398
7129 6058 2296
6927 7578 3839
2315 600 2934
1059 7234 834
447 7547 1668
1001 8192 3800
2007 5925 3148
4318 7875 4355
3766 7883 502
3547 1600 3987
5210 5028 1870
8684 261 1522
7246 4857 598
4943 8245 2657
7520 2966 3141
816 2654 4610
2830 5444 2127
6462 8652 3300
2416 7387 1524
9093 8457 2460
748 7351 3413
7022 4107 1115
168 7296 3091
3389 2356 3918
1107 3383 2772
3411 8986 3285
7796 6841 1134
5867 9891 1028
3569 8667 3533
8256 7785 4976
853 6659 248
4313 8470 4288
6445 9688 1915
2889 942 2742
6070 3855 2128
98 5682 209
8598 9895 1187
7770 3277 4733
6850 1373 2682
9767 7362 3515
4216 144 2575
3143 5270 3371
7376 946 3881
8195 9754 3796
8188 5554 2821
4172 2601 3575
1261 9612 227
3952 8633 2128
2411 2964 3907
3441 6593 1067
7461 3379 1477
977 2884 1438
2412 7899 847
1743 1228 3808
6078 8029 3490
9940 1977 4029
1746 6929 1347
937 4825 1292
8899 6094 935
4734 4394 4526
6621 9455 4534
3812 530 3071
2879 1696 3481
9479 128 1699
9576 2935 1534
484 2952 3386
9316 9004 114
1567 4360 1511
6512 4401 4059
1268 992 3460
8951 414 586
7382 7611 159
3539 1317 3278
3178 7301 323
5610 176 270
4771 9556 1625
3418 3026 3386
7517 3007 2080
4581 6172 4732
3667 1853 3610
2619 9227 2283
7267 7098 1980
9096 87 4424
3642 9221 267
6515 5326 2131
997 2560 2866
9011 5325 891
9889 3587 4954
3684 2084 3785
2588 8081 1477
8862 1425 1312
9381 1931 3176
3640 5702 392
4890 9227 3517
974 2055 3527
6877 7414 3237
5425 2812 3717
2723 9059 2489
5831 3365 4818
8015 4338 4804
6121 383 3709
9 8284 4474
7124 4937 23
6859 8112 2977
6763 355 1390
730 8939 84
1692 9257 1408
9748 761 1360
3050 1273 3043
4903 3902 267
4579 4244 4442
9378 566 4791
3689 2840 1286
5709 3152 2026
3379 2839 54
2748 4008 2929
1101 667 1262
6131 5429 2819
972 1859 1854
5531 4647 2692
547 3703 3317
9517 8262 4542
9179 4666 1706
3172 4023 1579
2657 4825 2018
6457 2674 4851
6991 2166 60
8804 436 2842
9245 8820 1889
2006 2069 2208
4427 1482 1325
9499 942 3640
5461 9804 3218
5129 9849 1097
924 1931 1169
3976 8133 3289
3245 1232 3942
7533 5062 4817
6089 4552 1312
1074 243 3146
2986 9753 2198
1522 9279 1665
7342 5601 802
9600 2169 1482
6480 7312 623
3753 1636 3946
6101 3803 3284
2098 6939 2246
7757 5218 1239
8334 6531 2064
6276 1685 1163
416 6975 987
7349 3744 217
73 9356 4859
2594 8733 2201
5167 2251 2216
1000 3130 1362
1734 1028 2899
3772 5437 2906
162 5206 771
4438 3438 1144
1644 9533 861
4907 3895 405
8477 7235 3975
9687 7552 1145
4275 7637 4960
2078 6133 2059
2151 2512 766
8220 8933 1936
4167 5264 4422
1793 9678 1478
121 4956 4447
7915 8071 340
7068 8072 3132
9413 3248 1712
3841 2787 4825
9659 9145 3523
5804 1560 2933
936 2718 2788
7655 8894 2375
7099 4504 470
8515 5464 4125
5886 8639 4346
3147 8871 1408
5253 7163 3915
2211 6627 1409
294 8321 2181
6519 7901 1027
9576 2757 2969
4999 3550 2613
6115 1313 4798
6419 2765 4551
2605 2828 1504
5740 141 871
8737 3004 2890
6647 2752 2457
7327 2819 4526
6736 3091 4825
4127 2953 105
1485 2777 1332
4025 4481 715
4709 9334 4698
2867 9732 94
220 9920 3421
6462 2789 3633
651 2201 3358
6529 4 2149
5614 862 4758
5919 7050 1591
3032 1093 3910
4670 644 154
3794 1226 409
1382 9419 1800
4024 6074 1645
8826 2910 1102
2626 4880 3799
1534 1422 4849
3640 6263 48
766 6879 175
8665 2352 3780
7960 610 2625
6553 4603 3279
1816 6848 450
7766 7142 1064
6404 4610 1790
8613 5799 85
241 9378 2668
3739 7586 1422
3274 4446 3471
1476 7285 3487
2402 3652 912
3368 3247 3362
1878 203 2122
4638 1526 3566
4909 2248 1639
1624 6374 2859
4522 4713 953
3221 7532 1464
7600 7698 3182
8574 5931 3905
6884 518 3457
3414 4112 4952
4789 2950 369
4545 7021 570
7755 5370 2787
1639 8382 4510
7231 323 709
8100 9250 1547
2825 4911 1498
674 2763 2352
9180 3591 3648
5040 4368 2190
1274 8129 1379
3588 4401 2830
7018 5492 1609
8208 6368 4691
4186 7350 4672
176 2711 2941
4807 8782 3029
3692 6201 1121
6848 9165 4652
679 4601 3831
2833 3241 4225
7108 4361 518
198 52 4880
5552 3721 4104
5524 5127 3947
4389 2857 749
6403 4563 1921
5263 9666 4944
262 532 4765
3610 7814 4372
1272 4290 3501
817 4992 4004
6726 1537 2406
3639 7464 4139
8561 4291 2260
3477 7488 420
6491 6146 675
8883 7395 2879
6809 4200 3393
7657 2152 3177
3831 6621 4534
1100 6025 2433
1427 8510 3054
8479 9976 4680
549 979 1222
7418 7788 1368
9451 1802 91
8470 5047 2741
671 7445 4605
6308 334 2377
3869 5952 3375
7018 545 2765
598 3733 2032
7277 4374 3481
9701 8342 2013
3461 443 3247
7914 7209 1729
364 6628 3859
1970 8978 1112
2998 3004 3446
6722 7788 4708
4607 1331 133
8386 7407 4163
8307 7059 2696
3572 8231 2700
9794 764 3173
7712 3362 4692
6794 3348 2496
2771 8438 4127
7890 6550 198
5159 5286 180
4959 9355 1131
2277 1932 3731
961 4298 4596
6923 1273 4466
6577 7254 244
6670 6402 1688
3060 1002 572
6589 2668 4734
242 7775 1571
9506 9524 1453
8338 1312 4642
8790 2617 4019
1966 9205 1261
6859 5289 1672
3823 7596 741
7496 99 4374
6928 5045 2150
2811 6639 4812
4783 2584 248
3379 9688 4388
3840 1427 1945
5354 4955 4928
315 1850 2313
5878 9266 3429
7366 438 3117
9810 2943 521
5570 8824 3598
3110 32 3014
4234 9949 4346
2660 4449 1901
9198 8398 2277
4019 889 1202
1234 7633 4414
1829 6787 3863
8224 91 3166
6175 4441 1817
1866 5631 4323
9501 848 844
6219 4138 4759
2325 8372 764
5383 24 1637
7352 759 938
7798 891 4908
2557 6754 2445
696 7311 393
3335 509 4204
8837 515 4241
1074 7442 1306
6588 2461 4332
2713 9840 3397
9015 2848 2425
4901 8627 2673
494 315 3750
2413 8459 4159
9493 5552 4629
3012 7650 2258
1455 1233 3433
8844 35 3466
9704 1840 4914
6305 1805 1405
7737 6654 3211
2169 254 4567
542 8689 1094
274 3933 984
7475 930 1436
6902 3188 2168
4597 4412 1789
5342 9746 3126
3012 4146 2737
8551 7938 49
1330 2926 90
4837 2336 2444
2659 6126 1761
6681 9775 153
9593 1474 1280
3650 7512 2984
4073 146 1497
9032 4362 4669
7394 6636 482
4094 9994 3087
7354 12 1081
4811 3969 3076
5214 2178 2526
688 5766 2908
3642 6961 2096
8212 1296 4365
7202 6016 2281
266 3982 3278
4456 8356 4480
2406 1947 2886
9338 7401 4083
4075 8483 3027
4529 6554 3368
2494 3237 1042
3781 7010 315
6244 6606 3798
9901 8666 3341
4648 9589 604
2119 6108 4764
5085 9288 3970
2853 2210 414
4203 3047 4955
8592 6339 1512
2716 6729 4618
2110 181 3145
6831 6523 596
7433 9325 4780
6687 2898 1550
5648 6176 5000
9666 9843 1265
9633 9882 4491
4062 3528 2627
9057 7822 3276
9109 8433 3802
8117 7388 1535
6097 7107 102
4933 1989 2024
4174 8604 1415
800 8573 2061
9961 4047 784
5363 3279 4941
8648 3106 4912
1386 2535 1033
6593 161 241
72 1089 2373
4874 813 3821
6535 2405 552
4996 3716 277
4657 9240 580
3567 4923 969
273 3344 4232
9419 8121 2633
2495 8905 3851
2169 543 4846
8849 7123 2681
6287 4868 1309
2218 4863 94
5398 2479 456
8496 2992 1914
5518 3803 254
9342 7937 3495
7014 9971 839
4276 9153 3283
2049 9312 4467
556 6062 3296
8748 2157 36
1395 7763 2986
4030 45 3675
6692 6701 824
8621 7055 4685
5459 7869 1253
4757 110 2537
4061 5035 4021
4220 1974 1339
5209 3695 595
3181 7899 2587
6630 1588 105
849 8129 4016
8124 3218 1390
1200 8131 2865
1017 3698 3433
1411 9430 1470
737 2402 2733
9565 9791 582
9679 3248 4225
7934 3168 1721
7530 660 1556
4886 3012 2408
5087 4506 3675
4695 9010 4989
1 4438 4042
7065 420 3637
8757 6815 1055
3694 5164 539
84 7707 3388
5265 1248 4984
1168 7720 280
9131 5853 736
7918 3914 1364
8818 9717 2844
1285 4390 2881
6283 3155 2096
606 9912 602
9147 5800 4169
23 5641 2838
8922 1295 782
5258 7403 2135
4444 6429 2997
4077 9867 959
6526 768 4030
7746 44 415
4670 185 4816
4027 206 2552
5225 5107 961
8840 4526 151
4073 9899 4473
2451 2919 668
8841 395 1713
9643 6268 3225
2626 653 1955
8417 6090 4457
9087 6542 2284
344 7287 4376
8855 203 1242
6418 5270 1290
9962 5536 742
6260 4628 3583
9835 3385 1669
3878 5612 3421
2165 3278 455
3110 9910 3838
4914 4319 170
8243 8310 438
7077 7985 349
8283 9914 4575
7912 697 4888
2755 672 963
9821 1518 4431
4622 3643 647
1505 3271 1190
6386 6202 822
1576 5493 4401
4516 9069 2774
9189 770 2810
2670 6542 1975
3055 1954 913
9732 6607 265
4837 7451 1302
2404 296 2569
3700 9840 3854
114 7799 3911
4466 5953 2282
4854 7868 465
8713 2254 1612
1309 7271 521
4739 6396 602
9376 5553 1998
9446 4461 3451
7961 6348 3344
2167 6675 1473
4066 5352 4721
6159 45 2977
3802 222 1130
6297 1207 4380
4934 269 1063
6127 7965 4551
7346 97 1771
6361 8469 3288
793 5417 425
6444 3874 341
6491 6484 1956
7110 137 3039
721 2117 4350
1437 7027 2179
131 8929 4815
1977 179 1773
9611 717 4853
1937 2701 481
3887 472 1173
5977 2216 191
9966 4297 2777
2589 3277 3769
6078 9313 3830
9788 6007 1895
1836 9412 1530
6429 682 406
8739 7051 353
2179 7593 2858
8077 4837 2636
4223 4478 4838
2245 718 2614
4683 9123 4956
4612 4674 2699
3688 8418 742
2037 9133 134
9192 1978 4490
9752 6378 2850
5740 8673 1732
4643 4636 2705
6523 6654 1286
2750 9783 3040
2447 2020 4042
8110 857 2580
6674 6224 99
3845 6691 841
6881 2286 2537
8876 6931 250
7334 171 2428
7354 2527 3454
6653 262 1074
3223 5788 516
5996 8257 2992
445 1163 3068
3261 71 556
7228 3774 739
6933 8143 770
5177 6934 443
5682 8627 3605
9372 1013 3060
2112 2936 2095
4951 1229 1714
4018 9678 2674
5039 7247 4647
4347 927 3076
4328 5986 1752
1590 5240 3831
9560 891 2616
7540 2017 4692
1309 8596 4716
8708 6518 3562
4920 6629 4758
3519 7039 2705
6362 2016 4537
3851 3191 2641
9949 8108 2162
9167 7536 3244
8961 113 3066
7679 805 1522
3979 7835 3884
1453 8881 2174
4003 97 822
9235 3041 1344
418 9887 2949
7085 8009 1982
3555 3107 1177
9891 7848 1743
2183 3446 4633
6633 4736 2123
654 3048 4594
2185 5278 1967
2684 6468 3770
6161 9727 1531
4231 2708 3599
7756 3879 1307
3667 8764 2771
2305 765 1120
3904 2987 178
9424 1538 2060
2 1069 3468
3094 3734 1436
8458 4569 2404
2265 3480 2433
8104 1156 4954
9682 8606 1224
9963 148 3959
5429 5260 689
5378 4402 2803
2078 6373 472
7250 5301 3576
9312 9983 569
3305 9029 1812
2036 482 31
6444 4658 2015
3497 2535 1510
7086 2466 1051
8073 7362 3830
7649 3577 1670
1235 6785 4148
553 6527 3292
4894 7833 232
7257 56 1699
9150 5922 429
3900 6200 284
5489 5131 1389
8248 4984 1109
4713 1389 308
7748 4874 440
2167 8127 2214
303 7116 3877
6010 8295 1369
7012 7429 3443
2256 6082 4663
39 7040 1310
225 655 2008
6632 3127 4165
5846 6611 2150
6744 1162 2317
9399 7337 2190
5161 9748 3979
9604 3422 856
8564 3564 4810
9350 7936 4705
8874 4551 4901
1267 4221 4905
8291 7000 282
9654 5160 2569
232 4621 4893
3400 2341 3416
7151 4859 1774
2089 2159 1823
9674 4214 3122
1661 2142 827
2571 8979 4799
8743 1222 855
5399 4723 4608
5561 3735 2061
266 66 600
2989 7379 3580
2676 2252 1582
9692 8700 2492
8154 4918 1415
2647 5587 3258
7554 8257 4028
1052 8411 4106
8623 2315 1055
3359 7376 4308
8946 7914 474
5403 8956 2377
1104 6355 4278
810 6298 632
3275 4184 4715
6063 6566 2507
7660 9420 4911
8789 4440 3207
401 5317 4222
7018 7271 2207
9295 6337 1580
8873 3955 31
7287 2525 1650
6471 1955 416
8896 972 4702
2305 6835 686
6294 6566 1085
121 1621 3430
5286 5838 2611
7366 8299 3329
4551 5415 4090
8564 6530 2642
5370 5873 4044
5768 1636 1411
4174 7704 3531
4499 93 57
856 6331 4291
7313 5530 4269
6798 8699 1088
4770 941 2928
1168 6794 3135
5781 4183 2664
1745 2521 1435
4205 4956 2131
1125 8393 4823
7738 4851 41
2354 3304 1652
8671 6660 4378
6976 278 4199
3823 5214 3850
686 1040 3708
325 4016 3345
3178 746 2444
4387 2521 1739
8399 6737 498
2840 740 2727
794 8856 4381
3659 498 4987
4554 1133 1742
4409 9476 100
9566 7098 543
9951 7792 4886
7942 9434 3990
2210 4468 2758
2504 9097 2202
1794 3436 2971
6377 9984 2215
8628 215 2448
5206 692 3802
3352 5798 3094
8063 4901 4174
232 9388 2637
8163 3649 4695
4115 308 2759
9576 8986 370
2299 7081 9
2762 4111 2215
2410 725 1911
1474 5796 4346
9838 2292 2721
8529 4593 144
7678 3132 2558
2516 669 1863
1578 9232 3605
7533 7719 2341
8725 7156 3771
5940 9988 2993
1862 5058 547
8412 6969 2190
8563 2604 1651
60 8206 4277
2115 9934 2622
8519 6495 4214
4529 1737 4674
6885 2607 2005
3600 2757 3518
510 5907 4495
6172 4586 1358
7524 6881 3937
4792 8459 1719
1616 7265 1577
40 6290 3301
2978 9672 1751
1416 6087 756
8677 1479 3840
8861 8202 1226
4831 2403 3126
5927 5568 4614
5118 6788 4496
9727 383 3444
2502 3859 1094
7539 2366 1803
7762 1950 3689
8234 9490 221
2482 2805 1868
7725 9391 464
588 7019 2592
4468 8882 3671
911 9047 2299
7635 7317 4759
5291 4251 579
7293 6893 4067
5143 5142 1660
9721 8598 635
8923 8860 326
7412 3442 3792
8424 1086 2890
9554 1061 2625
8095 9871 476
9139 9519 2479
6055 8354 4986
6399 2746 3318
9010 3442 4142
4318 9019 4193
7262 6734 1683
8603 374 1275
276 7847 3266
1298 2472 1949
9726 6539 892
2955 1876 4937
456 5467 723
8965 8959 818
2534 9290 4424
8568 6340 806
8368 2192 218
8002 115 3292
6357 9764 301
1940 771 3725
9603 2161 1798
7881 2404 4830
9090 2358 3176
9064 9940 1893
3668 4503 4190
7154 4977 4977
7440 757 1988
5180 724 3447
8041 5372 3771
8372 6779 4249
3691 3129 2772
5805 7308 109
7976 7245 1935
1663 2798 1787
1640 5290 2698
5574 699 2608
7208 536 2929
2080 1533 4300
7838 9887 1824
8463 4486 2296
4315 732 2550
6023 8341 4403
3428 1714 626
5101 1046 2528
7919 842 839
2496 3716 2644
806 3251 3282
8777 7273 933
5313 6447 4374
9858 1223 307
9548 7174 3690
7313 8810 438
2328 3803 2479
4374 5851 3493
8394 4782 2158
6750 7750 4707
4807 405 1900
6934 7000 2443
354 1087 3539
3570 2207 2616
7860 3582 4085
8290 3412 976
5817 9540 4082
5997 7422 1313
9853 2413 3598
3826 1711 4171
6447 9167 1708
618 2239 4628
1453 5430 4582
6034 4985 1341
3715 3713 1435
4916 1482 3080
6108 1130 4506
5684 4166 4404
4054 9553 3546
6374 392 3823
3396 4913 2390
6296 7715 2086
6369 2894 1003
5658 9376 2923
8925 4643 675
7979 4386 4996
1882 6958 522
7240 48 2759
215 2647 1357
1260 8415 771
6627 9249 4521
1176 4696 811
3734 4912 2241
7856 6334 480
9679 4180 4608
3332 7976 3685
4715 423 1053
9690 2054 4392
6636 4728 1978
3297 469 1242
6959 5699 243
9423 9586 3150
3066 1909 4570
3090 6809 3090
7412 7531 1009
9826 6185 3404
6780 7135 639
24 2286 2568
6457 3940 2277
2849 525 1102
2097 2189 1804
4401 9640 4459
649 1185 1711
7171 6936 4537
3616 6897 4000
5866 264 769
7771 7411 592
5364 2453 2494
4523 6612 986
4494 4813 221
2690 3461 2010
5741 1026 3752
4981 6479 2954
7115 5032 1148
6175 860 902
9004 6287 2018
8021 2101 3110
3574 1089 4650
9577 5844 3125
5486 5832 4774
2587 2993 3982
7187 6154 2153
1518 4892 4980
736 431 1773
8971 5298 21
2931 5480 2813
1041 3412 2221
4727 4191 4501
6542 7882 1153
2958 8739 4391
3746 9382 7
4926 7681 1976
3824 1083 2071
5917 4521 3097
1371 6124 3951
4790 9506 1622
2438 5858 761
1875 4271 4820
7503 8617 4236
7644 9660 2596
3500 1040 1098
132 4743 115
9554 5279 2339
3995 7222 4060
7134 6961 777
8418 3183 425
8656 6127 4113
845 979 819
8780 7871 1993
1405 5112 1689
9540 1381 2659
1508 1063 2050
3749 7096 3944
8763 6759 1400
1702 242 3981
8986 1271 4496
7472 1594 372
6641 8593 2623
6934 4934 1056
5417 7440 434
6660 8977 19
2339 7009 4737
3242 4004 591
6099 4313 1469
3214 200 3312
544 864 1513
3198 888 1516
8228 7073 2747
5490 309 2675
2262 2755 2362
1565 1570 2370
2513 447 3308
6698 7870 301
1689 5161 618
4195 5238 4824
9279 2321 157
1563 6583 3477
4093 3371 4255
2304 2109 1112
2238 4552 307
516 5234 1902
9619 2137 1509
2885 773 3052
6189 2291 226
1566 759 619
1865 3403 2098
8752 5025 1713
3663 9435 828
3152 3732 1428
5957 2974 4236
6206 1912 1759
2593 3985 4897
4164 5497 3373
4641 5460 1035
3548 4985 1522
8201 6549 2445
4881 9984 3627
7015 81 1420
4320 9562 4195
7045 7035 1584
4384 2848 447
9557 5842 2028
7164 7435 3880
3973 4533 4693
9013 5906 1453
7731 3801 2919
6631 1509 2742
2909 6285 3312
6077 5447 4610
1086 4382 3998
6391 2583 3029
4035 8370 497
6824 6823 2459
1724 4367 3873
6053 3590 2042
6624 9529 3039
2609 4727 3618
4436 6452 3558
5206 3822 2770
3414 9194 4756
6680 2085 4724
9034 5555 2047
2524 4745 1660
6361 8091 4853
2469 4879 846
5550 7779 671
2566 7498 3428
3219 8962 1840
5308 4447 1741
4695 6730 4494
5382 8195 3516
4036 9465 215
6765 1659 3222
8821 2410 2426
9265 7706 4836
3872 9968 4476
1264 6803 788
5807 3679 4097
1364 1663 3225
8442 3223 3784
1448 478 2006
378 8144 1706
7765 2143 3110
965 7725 1361
66 1563 2244
8786 6940 3949
9074 312 4555
2292 6334 2254
9401 3407 966
2159 2006 2339
6524 3218 4851
4879 7242 3252
3013 5297 2278
2361 9472 1348
6366 4858 2822
6643 3360 1567
9795 1783 3769
2272 9585 4823
4924 185 1764
6478 9382 2149
8284 1309 900
2974 6776 3140
4786 9292 3770
1448 6717 3699
419 6745 4512
3673 3579 2693
3615 9831 909
538 1718 3192
1760 2782 2867
9358 451 931
6575 4045 4651
9857 4458 4794
555 1332 1595
3709 3794 2230
4454 3529 3902
6869 7897 1681
4483 8740 823
4611 746 4615
8937 4346 726
1017 1165 3557
8087 9838 1774
617 1210 2057
8919 1493 850
6561 170 2318
9475 9671 681
408 779 2553
2646 633 1234
8677 9204 3418
6832 1950 3312
8917 540 593
9866 648 2019
4783 2365 1000
3286 4224 4112
5392 4953 4535
4278 2554 491
3432 5230 1618
1223 6970 503
7832 9264 788
7957 9694 817
3365 8905 3131
962 1308 2654
7873 1620 708
8118 1900 1666
2215 1601 4776
5069 265 1109
4971 7601 36
2647 8532 4552
1446 4740 754
1953 2171 4372
7526 4900 2598
2239 7939 616
9954 3491 3573
7805 8357 3019
8042 6235 2414
7023 3072 4958
1175 3913 4540
1305 614 4091
4942 1821 3105
2000 9463 2346
2774 4087 1244
1949 5707 2327
784 1247 1946
1350 5497 1785
5431 842 3367
9778 7099 1520
6365 1088 3331
8976 4149 2822
5523 2739 2648
2875 8140 2555
1229 33 1139
5952 4636 3986
1065 7643 4783
8893 9784 2261
8529 8613 2941
6978 6396 4953
4625 8301 4672
9795 3619 479
501 6049 869
9680 5582 3545
7396 5699 3293
3411 5990 2983
8271 4853 1194
3018 7344 708
7465 2556 3193
6622 2183 2963
6637 6012 213
4243 6271 66
7805 369 351
1359 4817 2249
1822 3645 42
6194 8343 3449
2949 4270 332
8387 7292 841
84 56 3374
6703 8871 4912
966 4455 822
7960 2221 4394
2305 126 3865
6678 2760 1575
8216 1823 998
5753 2643 1147
3757 2340 4524
2426 2965 1434
9110 2539 2326
215 8782 2276
7717 5353 1275
8618 3155 2933
9928 9683 4879
4868 523 11
4471 1511 320
9080 4390 3706
9917 1897 1870
6111 1667 946
4034 5685 244
5151 3182 2611
7258 2385 1350
8693 9700 1076
125 7154 2370
1927 5888 4009
9118 670 4906
7608 8588 1969
478 2091 4428
281 1192 195
4916 1676 2357
5397 3974 2469
1264 5454 1035
8364 1566 2152
4717 7692 4553
6717 7440 2358
2111 9021 299
2871 1392 4178
9100 9998 1830
369 6316 1819
5641 8154 4582
408 3724 3807
9147 9587 946
2390 1594 1818
7284 4105 1963
6594 9769 4717
225 5225 2720
9052 5294 2822
8077 6096 4853
9374 5014 171
8924 4558 1529
9435 10 3434
9875 7043 4641
800 4883 2944
2510 8516 4979
8900 7031 122
6181 1092 398
6365 5432 3444
7531 3941 1914
7411 4478 3042
7275 708 680
6538 5215 1179
7277 6789 764
3648 6852 4589
1132 4896 4815
9041 959 1147
5860 3603 168
8389 4593 1593
7846 6528 1317
6517 4845 2207
4936 7533 4087
2954 5293 75
8708 4620 1509
3938 2307 2053
2852 3483 2470
8393 78 262
4487 1310 3723
2064 5043 907
5423 5603 2021
6526 9836 885
5367 8758 2770
5166 7512 2309
9583 471 3148
2852 8175 4613
6206 244 1329
4547 2695 3023
7408 1006 1960
3488 3631 1183
5536 9826 2385
5879 2970 1821
1352 5278 4406
2282 8607 3170
3708 755 2290
331 2290 4957
7128 6427 1506
9831 1485 3626
2587 1625 3977
4841 2571 4918
2274 2146 217
4948 1425 3337
7602 8873 1449
1953 5884 1973
9672 2885 3327
6266 9897 1720
7779 81 3246
3625 2067 2908
540 3529 993
3778 9607 1286
8193 739 2475
8710 5870 63
3030 2477 370
6848 1560 4793
798 1740 4723
3921 3989 1734
6122 3697 4010
9899 7982 695
9891 1012 17
952 355 1506
9531 5596 3525
1629 6173 1198
3018 5578 3085
4600 8064 525
8423 6036 2900
9825 5064 21
7364 9492 1169
3717 7 2341
5638 3558 1120
3839 1357 3155
7679 7626 4379
1236 4667 2716
6174 4745 3614
4717 4015 3637
210 1937 2423
5779 3208 856
1315 7395 4088
7010 6893 3507
5570 957 2823
2896 7715 3425
1096 2048 218
9428 2623 4537
1417 5261 3906
8969 900 3333
1215 980 1277
2163 4028 568
1865 6402 3920
8963 7238 197
6330 7828 3503
3350 5493 2016
2219 2476 1626
7967 2016 4417
5828 9597 1273
1173 2261 3102
8467 4660 4200
6023 6784 1808
8158 1372 681
4686 2494 4967
5104 3154 177
656 473 2006
7431 5515 2013
9335 8812 4626
2433 3986 600
3394 2346 2128
7165 5645 4911
8228 6227 3113
3419 2077 3922
8771 4224 847
8042 9072 1653
8141 6762 2806
9340 1172 2793
3445 8581 1143
675 1544 806
4502 496 3178
5785 2681 3506
6437 4797 1508
7062 7292 1805
6042 1042 1184
7992 2999 2291
5176 5659 1808
4078 8011 2994
6426 5144 3162
7688 6729 2132
8666 7230 4189
4808 9644 3489
2617 2698 2283
9465 4718 3012
1971 355 2514
6664 2262 2580
95 6771 4740
2123 9297 3431
5357 6276 4374
5469 1799 1172
888 6909 1036
7328 6846 4033
2938 9785 1896
5235 356 3612
9573 3530 2109
4412 2268 598
2146 9429 904
4934 7161 3042
71 3048 1208
3209 4795 4043
7560 9012 52
4700 5650 4037
9293 7596 1122
6120 1904 4258
4772 850 3760
396 3335 1886
8678 2194 767
4794 7418 4551
2359 3981 1582
7286 2556 460
9296 4419 2595
1049 6466 4000
6556 7295 97
6478 3229 3335
3599 2303 4262
6985 3284 36
1848 1103 1134
2482 443 402
8486 4787 4124
4397 2072 3177
4147 8898 1668
3352 3481 3465
7395 9441 3122
375 8347 1364
8851 9916 3322
8171 1405 1695
6245 142 2749
4148 9938 2344
7124 9820 1091
393 9212 3035
6869 4586 4656
851 1863 1539
2385 4285 3028
1533 9239 1763
6130 817 8
1268 1774 2719
4780 6414 899
7785 5652 4347
983 8861 400
3551 8583 4175
9454 585 2342
4182 1116 502
4617 1006 2228
3964 1046 2856
6646 6307 4170
5569 1242 1750
5409 3128 4280
1688 4496 4220
3559 7820 2542
7505 5238 2886
8285 818 1615
689 196 845
6607 8459 2604
6249 4617 3665
1802 7979 3693
8993 4296 296
1494 9964 305
2535 7579 842
6632 9933 4319
9154 3345 3963
1684 7142 766
1748 5993 4227
6377 6951 4239
6920 1848 698
9318 9359 3851
6314 7185 2919
9488 8541 1655
3263 2618 3391
1075 7806 342
5256 460 2727
8786 3397 3072
3106 4187 2921
8832 1097 4818
5697 6913 2681
7204 2456 4469
6055 4045 2988
3922 4054 4740
9720 8342 1337
4625 2608 3178
6556 2326 773
7669 7896 2746
9167 709 546
5410 8837 2193
6968 7008 4490
7944 9908 1705
70 3316 53
2484 8444 2794
3350 2581 3785
2928 7847 3148
7045 9707 4589
3636 4178 2595
1140 6078 502
2696 5241 1031
8484 6072 2457
6987 1744 1955
72 8918 3827
3120 125 4385
9245 7731 1025
130 7482 1834
9102 2734 3964
7784 7686 3735
1899 1980 4107
4792 2297 2614
2101 7876 4129
6388 3250 9
9872 1007 71
7251 1358 1200
1199 787 1160
4565 2307 1585
4836 4755 4005
3548 849 2858
7920 7324 3848
1539 6999 986
9496 9544 3890
1774 6163 2989
9992 7118 2867
6533 6596 3730
6663 4849 334
9949 9984 3094
8585 3842 1596
4711 4358 132
286 6007 1248
2645 4612 1134
6223 5972 1608
7518 3281 1494
2083 1445 4747
1244 4233 1998
217 7514 175
5928 4661 3918
3985 6903 411
1868 5481 4038
9613 1872 677
5386 608 788
718 1134 3252
2480 6865 74
503 8256 268
2204 6575 2857
9183 9368 1712
4286 7679 2755
9795 7466 4558
3330 3615 2611
4735 8316 4100
3391 5868 4031
1462 9832 1532
1766 4647 4674
6601 7733 4671
1495 4131 3150
3972 8279 3385
6346 4647 1967
2552 375 1702
1501 8107 1137
6679 6935 2989
2396 8494 1164
5085 6436 4414
5457 4323 4852
2727 8160 1053
4752 42 323
563 2314 171
8947 6408 407
1414 4983 3089
286 5236 705
9653 394 4584
5536 4584 1708
2346 8118 939
6564 3324 468
3246 3841 2624
6894 3556 3125
9802 3289 106
1464 953 466
617 9655 430
8623 9751 4823
3846 1080 4531
7264 8536 934
58 5074 4356
734 2842 4315
3778 5503 2283
1056 5490 4455
9832 2944 415
3770 808 2151
3614 7266 3418
6958 1450 1987
6840 6453 1396
8745 405 4194
1349 2299 1124
7030 8518 548
5714 9372 2483
7518 4201 3752
61 5693 1805
1206 1446 298
5715 8986 1738
4006 137 3545
8146 3322 4954
7337 8254 2378
2285 1550 4569
9576 2044 2527
2292 6917 4968
3813 7772 3344
5832 471 851
6644 7959 3500
7846 1610 4171
8114 7843 3262
2052 8696 4446
3551 6703 1935
7085 8925 4309
5857 402 720
6496 2645 3768
6578 2816 4851
2603 3015 3483
7082 7126 3637
8433 8435 92
9336 3190 3667
6505 1402 3238
5322 2769 1535
9016 9866 4406
9981 11 3800
4774 9515 4782
3962 5209 4634
8772 1739 1111
5299 5593 3905
7868 7616 1248
7107 5287 4942
8126 6228 2428
408 8995 1540
9126 6051 4360
403 5195 241
1186 4766 1023
7222 1791 3175
5401 7910 4518
9547 3087 4684
1146 2278 4836
5775 6495 2875
1520 8755 4366
7231 1315 936
5052 8611 3511
645 918 2958
714 71 4944
3008 4290 2210
9738 2964 4284
7327 9194 4025
5727 7586 408
3816 272 1158
9660 3214 148
2023 1665 1229
5568 216 523
8309 6413 296
8083 4509 1401
9365 376 3290
9842 5646 1223
2968 2655 1861
3097 6685 4954
3454 1950 4595
256 6298 1378
685 223 4084
3204 324 1115
4287 2830 3154
6938 2275 2127
9407 7392 2978
3919 7693 2362
407 5351 4054
1507 4539 2500
6406 9790 3011
6684 8127 2095
814 6232 4447
8076 3412 2965
4979 4147 3053
3585 4167 2706
1074 4598 3120
7030 8994 4395
6862 5798 4212
3254 4385 4151
3248 4860 4601
3746 5786 4482
7028 2621 3412
8102 3536 3557
6416 4910 4241
5131 3937 1264
480 7548 3873
5978 8593 3859
74 8321 4989
4763 3992 1304
6693 9995 4595
3578 4125 2464
3995 7055 4892
5524 8774 260
5833 389 2504
5228 976 2959
522 9762 1433
8716 4409 3285
7593 2706 68
837 7501 1615
4593 2821 4944
3213 9292 375
7658 7320 1862
8028 2324 4836
5156 4417 2830
78 3959 4606
468 1039 3455
2256 5489 4581
5753 1801 2903
629 2173 40
4913 5627 190
3030 9213 772
5106 3436 2814
3718 1060 1141
7602 9775 2170
3809 3666 4027
5416 3081 645
1647 1829 1166
3915 5776 4720
478 4501 1367
6571 5864 1513
7548 4328 1221
9033 7112 3116
3001 5635 910
837 8578 2978
8124 3660 4330
3152 9076 2868
5710 4793 2804
1314 4252 3534
671 9889 663
9578 3803 2656
1536 1284 3905
4987 5636 2929
5122 3603 3718
512 6846 1112
7764 3055 4455
1763 6811 3733
3273 4054 3624
4098 6312 783
2300 1423 2601
7792 6136 3467
2732 6969 2109
1663 2847 3476
470 8416 2110
8613 1941 4188
7242 6426 1309
231 9652 486
6945 9355 1918
1373 9887 3535
3940 330 1925
9792 5505 605
7140 8094 486
5091 5498 267
5405 9669 4423
2340 2048 3431
7220 3728 819
2838 3527 2298
3754 8700 4556
8693 630 2528
8226 5638 741
4780 2494 469
2379 6050 4980
3969 6565 2440
6000 756 1186
9059 2878 1946
1754 4035 2092
2171 7723 2964
6079 7234 3102
7644 3027 4968
9988 1047 903
5426 4797 4838
397 4673 2120
3179 1393 4271
3327 4901 2038
7141 6103 1844
1385 624 1285
9588 7926 3963
1944 1756 2628
258 6684 1205
9577 1879 3832
9911 2072 3194
5566 1052 3703
3500 2649 4172
1827 7001 1158
1366 877 4125
8014 3745 1275
2567 1604 4864
9010 4033 3253
9293 1237 2640
7252 3568 3773
7129 7930 934
440 5881 1122
9254 8418 3697
7984 16 3622
4784 5673 4874
1326 6113 1610
925 4166 2246
5206 837 85
2909 96 1073
6181 8531 2000
9182 8099 4547
560 3490 2537
5672 905 1394
9739 5180 4121
6549 7415 3249
773 3895 390
4459 139 4953
3370 4475 3344
7524 5701 2438
1127 8789 1198
3933 6946 4438
8273 1577 366
1237 3990 4502
2165 7313 1414
1174 794 2569
1640 3992 2004
4600 6148 493
1647 8937 2544
2616 2439 24
1614 3850 4387
8960 2769 2963
3867 2847 259
9014 3227 630
6336 8568 996
6735 3641 3403
148 3892 4403
9262 1408 3924
4022 6232 4918
206 7632 4181
9707 5017 3983
7019 7899 1509
756 700 190
5793 2120 662
4210 1633 413
7764 144 3742
1870 7105 1978
4407 9185 2992
451 8734 4970
5253 1707 1478
3550 7516 53
8668 6083 663
1804 9570 660
4338 4979 2964
4252 5953 3444
9920 7743 1162
6478 5638 2773
6381 1882 4916
3048 7430 3505
8167 1282 1936
7195 7309 953
8208 8199 3402
2316 6973 1971
9578 5806 3284
1745 2203 3291
6253 7219 4456
3584 413 3050
5954 8100 1700
7516 1612 1603
8920 8597 3915
4693 762 1359
2290 3562 2365
6238 1127 2474
4868 6405 3124
2882 8097 3476
3355 3578 7
4863 1809 587
7488 6817 793
4885 2852 838
6137 3040 2421
8378 3715 924
9846 6500 4358
6905 3394 3406
4291 7851 223
4100 6361 2566
6178 8825 4632
6348 9718 4183
7914 357 1774
6183 9030 4578
3790 48 232
4559 8868 1802
7969 9885 1867
6579 3719 646
5644 9447 1484
2375 9729 931
2747 7906 473
6280 5403 4902
3654 4590 528
715 4329 409
6178 2378 4744
1543 1342 4451
7400 2790 1051
8414 2570 2301
7861 2032 4249
3155 334 717
8789 1871 3657
9558 6561 438
7871 5483 3672
8615 8530 2065
9446 7816 2334
9529 7353 4918
931 5172 1321
2208 1744 4017
2035 1808 2287
8950 6704 2751
6840 5831 4234
1555 9058 4379
1671 154 3545
1261 8069 1731
5134 6658 1993
1551 6683 1640
1542 2755 4886
7552 6005 2887
7350 2916 3395
1693 6857 4889
4998 9974 3363
3570 7995 4593
8308 1163 727
9403 3461 4306
9666 9515 4795
877 6421 4346
2731 775 933
3394 212 4093
1259 6979 4045
5702 3088 1407
1882 6373 1818
3186 6907 988
3966 1259 3852
8632 5397 2194
9476 600 372
5086 9864 462
3975 7802 1339
9852 5853 2424
6087 8452 2728
8249 3684 2800
6899 3840 4897
9600 8981 1014
2509 7894 2282
3568 9891 1263
2383 5278 2802
1734 7175 2231
1142 9833 1510
5286 9136 547
4162 8086 3449
2940 1741 1493
3078 6648 306
1990 8880 3238
3821 9362 4901
4278 5865 2116
1600 3406 4546
4123 5215 1915
1537 5143 3192
3565 863 4941
3970 142 3853
9794 6552 4271
5532 755 4810
7022 5011 2969
9491 8820 3808
2221 4547 264
9214 9918 1441
1763 7551 3961
3083 5384 762
6857 6561 4164
1054 1090 1690
3535 7708 1574
7025 7419 236
7835 2229 992
7845 3708 2407
183 2953 2504
2172 2812 1399
4429 1541 4303
3760 1004 3374
4024 3028 1923
7108 5122 2528
236 1542 4459
1636 5079 2378
4398 2755 2430
9056 4435 1273
504 2577 2290
4008 6026 60
9845 5040 3599
6739 5751 745
1933 8433 3489
1067 5510 3413
4488 132 4719
4669 1688 2531
8109 5759 1577
8833 1064 1578
7658 637 2621
5096 2199 2459
5321 1529 458
8332 2934 3159
1246 1156 223
3270 5215 3141
5235 4377 1485
9468 9726 1438
577 2859 1982
7868 6262 3127
7090 9553 3469
9829 2838 1376
9336 5684 1915
3796 8802 3144
1528 9317 2049
1521 1071 4439
3143 9975 134
3776 5006 1039
4594 2437 2409
36 6202 3479
2911 8394 1539
4426 6719 1568
3302 4913 4239
8827 9904 1885
3901 4216 1710
7743 6077 840
8631 6246 3574
4168 610 4160
7121 5930 2360
2879 4657 2041
9208 2893 3144
2188 9084 2702
5628 341 3685
4407 3345 2786
355 9463 2846
2672 9165 4285
6114 9974 2229
7857 135 2038
9327 6994 4957
6913 4642 2677
3432 5287 4923
1574 7705 3317
5376 734 2119
7502 2041 4502
8569 3299 38
616 9697 4823
5574 4488 1118
9019 8333 3731
3477 4501 2334
6585 6181 4230
7104 7040 3687
9650 8829 4747
4230 7487 135
6694 1744 3749
364 7098 4787
843 1392 2137
7214 1344 662
431 3520 4290
4271 7340 841
5516 6425 3936
5873 6862 3541
5337 0 2775
1254 8893 4139
6920 327 786
6297 8051 2397
4272 9223 1481
3349 4654 1700
6028 7126 4715
8472 5368 153
4558 5311 137
5490 6700 3347
9447 3757 3969
5622 5093 374
2223 4330 1458
9191 7121 591
7727 8799 4816
2749 5425 3652
2037 4926 273
2130 5413 457
3943 8829 2652
8036 7009 1413
6166 4929 4213
1168 6738 2043
8475 4710 4694
4005 6671 4582
848 6313 1605
5293 8391 2874
3616 310 693
356 1301 1158
7197 8999 4736
6182 9848 2732
1377 3414 13
4816 8252 3022
2415 8023 3766
5738 8588 3081
7779 799 1772
6345 5366 3400
2403 845 1592
6921 3532 2079
4981 4608 1731
9750 4229 3302
8334 9793 3093
4007 3811 860
8801 1178 1234
3214 3642 3038
7204 6908 728
7811 783 3675
3601 2032 3658
4939 4586 2928
7552 7562 3507
2835 6774 1114
6359 4014 3215
7282 8817 2566
674 8346 4541
9919 8001 4063
4341 8123 3067
4466 4699 1962
4673 8231 2739
2266 9624 2902
3117 7309 3766
4157 450 1967
7802 6378 3816
6879 9135 3894
4610 409 2173
2462 369 3933
6901 7655 2906
1319 5048 4889
7293 5746 1637
4883 1446 623
5195 7719 1702
3407 973 4820
953 529 382
9354 4550 275
6701 6104 3264
5850 8294 1229
3967 4759 2158
5626 4000 4304
5464 6924 2994
4030 5602 1477
3281 2132 3372
7042 522 111
603 4263 3821
473 9349 645
1149 981 2012
5040 9583 2963
6904 1274 645
9830 9795 4112
9301 9692 3270
5150 1316 711
8972 1667 2608
8231 3523 3669
4533 6582 3493
1253 5111 2511
7706 7351 3483
1523 8367 3346
8374 7976 1
4598 7562 4781
6743 6551 3141
8971 2412 130
6109 2181 3022
6621 5621 4919
9603 6142 138
8630 1110 2263
2688 3812 1897
59 2956 4705
3046 8132 3464
4682 284 2585
4558 7883 1983
8765 6919 1432
2548 1099 2076
897 5809 551
3543 1445 4358
6365 6161 265
5051 7938 2520
7390 3991 1747
9040 9679 740
4150 7434 4099
5563 2746 2140
7458 4902 2478
2100 43 1540
5362 9923 2151
4620 1689 137
2727 3701 4134
7878 3697 2928
1344 8802 3329
6776 5080 4071
7849 4955 783
3338 1477 1668
6004 1250 4141
3078 141 1158
5821 8423 3063
3204 4383 3428
5214 8757 644
5722 3441 4320
8814 5974 1375
1948 8011 4509
9868 5371 2816
948 9459 4281
4973 1244 1400
9076 6145 2706
5914 8500 907
6173 7548 2828
2913 3524 4408
3367 1590 4814
3610 5096 4363
9370 1502 4488
672 909 1607
8730 1065 2116
6310 3097 2123
2082 9940 1418
5107 2572 843
9965 6061 4705
7590 3967 427
9627 1664 1421
1037 8437 2576
2535 7736 1583
4836 1485 714
4845 6579 722
3221 4087 687
5445 5838 2970
3207 884 515
5254 3661 320
3109 964 2518
4863 168 3685
7224 8729 721
1635 777 3337
5907 8995 2483
5125 5239 3741
6664 7080 1945
5004 5333 2487
1960 9148 1506
9791 9683 806
2316 6661 4899
4372 5590 1251
902 6831 2514
1344 1687 188
6870 1714 3133
6234 1528 142
964 8625 1085
2622 4096 1098
2023 6627 4388
2316 6838 4125
2063 2489 686
8179 5830 3295
2793 6242 4657
6249 2392 250
8668 3171 2220
8135 9386 708
63 182 2829
9317 3774 1140
5762 8065 1061
2173 9031 3735
805 3297 1294
2388 499 382
7590 4379 4579
5564 8082 1056
4162 3135 4559
7587 2000 1186
9995 5728 724
4837 5483 1526
732 5426 4193
377 2415 4228
6544 261 3114
719 4719 4526
469 2842 1491
4295 209 3429
5875 4922 3909
4317 7391 3270
9944 5588 342
9495 381 2107
1366 8235 4788
8274 5414 3569
6424 4253 1674
577 1536 3187
5394 5806 3535
2204 3613 4218
9156 8063 4349
8333 8363 3628
6240 5694 3487
3893 1213 1688
6379 859 3414
2096 2261 4847
377 1444 801
3170 9109 3131
149 4578 3949
9652 4539 3664
1304 9460 127
3511 8338 137
3396 5394 994
4200 8536 4808
5286 4028 4589
2760 9331 2375
5046 1202 4827
1999 4253 3766
9230 782 2963
3823 5040 3609
2099 9188 1961
9642 5872 762
6698 7769 1762
922 9247 2715
3621 2065 3227
8084 128 4560
4191 8364 4236
6619 8662 3391
5435 6225 1223
9715 2732 3012
8762 3040 1302
8610 2699 4396
26 1815 4317
3577 2527 2011
6119 3435 342
7156 8355 4213
5617 6997 4385
4882 6920 3973
6709 8113 4116
302 6540 2282
5307 9038 1793
7858 4404 2300
9413 5332 4710
7781 5484 1201
1300 3785 2928
3287 1329 3913
5281 5646 2702
9825 2599 4121
8004 4498 4403
7493 4529 713
1054 4769 4314
6320 2563 3511
7270 5295 986
1930 8077 3477
4213 5482 1836
4394 6656 2914
5214 1178 2935
7140 5090 915
6607 7218 4337
9811 6992 1947
130 816 4635
3384 5750 4132
3009 999 904
6488 3140 309
1406 5362 4716
7788 2543 1414
4600 2368 1035
8590 4600 4436
3522 5002 4917
2742 7857 3126
6720 9065 400
9301 8518 2082
7141 807 679
8292 550 2250
132 3342 1611
4915 9069 42
1179 5466 1796
7186 3965 3070
8634 6539 3279
7962 1709 2834
5346 4279 2233
6829 258 2827
4014 9597 1264
6438 670 3584
7938 4379 3301
2257 8122 1115
787 5451 1690
6473 4897 4698
1031 1754 4910
2509 8695 2860
6697 7281 1258
8213 5970 349
2796 1400 2928
5258 3563 4564
4028 321 4073
7438 5573 2622
8995 2273 732
2600 6328 1495
6828 4256 1783
9950 6074 3258
7826 8388 2188
4727 6478 21
7304 9194 4994
366 7872 2814
1346 9217 4666
1639 9947 4136
1059 7472 3959
6138 6067 562
2509 9381 2272
4897 1572 2514
9896 2706 2778
3375 1643 3519
4515 8871 1457
8519 4006 4239
5510 9344 3899
4458 7208 3645
7116 5742 3107
5230 9541 301
7887 307 2963
5343 4964 2158
3444 5012 1824
7076 8798 3857
8071 1668 2755
6726 9235 1432
2307 43 4770
4352 880 3989
6634 3948 2445
1844 5665 1725
5897 9727 3800
7645 2047 418
782 1798 1009
5456 4133 3788
7452 3747 2358
4306 3938 588
4299 8790 3963
2187 2833 2887
5984 7672 4100
5517 6574 2086
1701 3657 2807
4429 7992 2532
1560 6447 4375
5387 6129 3831
3506 5145 1243
3895 2368 4395
6008 6109 2864
9055 289 4769
5636 7962 4898
4938 7992 2967
8217 1601 3349
6593 725 1273
8698 4300 964
3168 6726 1374
3904 3496 2474
7275 30 2463
298 7618 834
4122 6560 4858
7284 1573 2085
8072 9664 4008
4023 4765 1020
9109 5722 2617
9370 5571 342
8490 3551 4091
4643 6108 3297
607 2009 3781
416 3128 4985
6361 1651 159
1275 7538 2851
511 644 860
7181 577 3140
7536 9384 2210
9414 547 4005
8896 7085 4894
2917 8667 2561
5141 1603 3260
2557 1799 2992
9474 3872 4503
9590 6950 3647
6583 4095 2892
3243 7019 3988
3934 6029 2917
8637 9737 3339
745 8012 474
7445 2098 1089
8748 8820 1757
4425 1398 1751
3776 5659 873
3176 119 610
4458 3105 387
9889 7669 2539
2702 8069 2538
3714 7081 3320
3686 5138 3931
9302 6783 3618
1024 4391 4262
366 3211 91
844 7475 1871
5967 7159 2989
9186 2512 3194
412 8415 1427
5614 2973 3401
3887 7714 4844
4332 1119 1160
8299 8570 3198
7031 9556 850
1449 2068 1053
3213 2723 619
4322 2726 2641
2606 6186 677
1772 9594 4008
8954 9299 1203
5458 5015 3231
5217 7397 2164
4470 6185 3050
3518 2963 3071
5194 4590 2347
1251 1792 4267
1598 8721 2807
1398 3503 3130
7375 3073 4188
299 5539 1183
949 3376 4528
8845 1642 4859
3545 7283 3514
8404 4930 817
8799 4578 4069
1315 4262 3130
2204 2716 229
1220 4276 4279
3994 3249 1991
5302 4373 489
1596 1823 1513
7256 2768 4438
3392 6376 94
3204 26 4163
7891 6469 2385
7679 7911 379
9388 173 3456
7916 7135 889
8904 3886 3810
6180 2365 4946
6114 42 3959
6898 7909 539
6816 3039 769
8175 2413 343
4619 8939 4289
8456 6467 4596
808 4911 844
8208 6388 4705
3643 732 1853
2651 6342 2437
5382 6563 2103
7035 7655 2446
1788 9647 683
6574 606 2646
3779 9981 168
6339 4098 4663
543 9249 3986
253 3759 2445
2141 5509 938
9767 7383 435
2021 9049 567
6123 9152 4702
1635 3077 3254
8926 2329 4748
6410 7611 89
7575 4542 1435
1931 5441 2021
1097 9803 2040
6520 2269 2793
2815 6578 29
2303 2854 927
6937 9361 206
9017 8356 3732
6010 4527 4214
171 2319 4944
3799 3260 3016
8933 3781 4125
4883 3147 678
69 6688 2967
7350 3920 2673
1383 7864 2552
5538 4156 3092
9402 3566 2828
2000 425 1335
1335 4984 386
1448 2466 4449
4006 3103 711
9361 5413 3012
8408 9550 3951
9277 9473 98
3613 5552 4939
7434 1637 4037
8076 1334 3981
439 3149 268
5659 6730 4099
7403 933 4696
4971 1207 1062
4155 6258 40
5406 1527 3213
4151 8861 1900
9097 9676 2628
3421 3916 3672
6310 9152 2121
1889 9131 3716
6614 7495 3808
7136 993 77
6353 4584 1839
5081 5318 4810
7455 3820 656
7740 3872 366
3729 3699 1451
4328 9505 3443
7392 5461 4095
4325 5575 953
5 4951 4447
4602 8738 354
9611 4972 3595
3558 1918 4436
1519 5643 3171
320 5585 2372
2657 7924 422
7454 9737 4782
5896 9498 2449
7820 6775 962
1723 1761 420
7931 9439 3873
6425 5024 3683
5931 4750 2877
6853 5593 3780
2455 8384 4631
7469 2485 1364
6347 9447 1722
4850 8305 2768
4396 405 1665
9502 170 4988
8314 4224 3115
8657 5715 3415
186 7108 3105
9668 9788 1491
6680 1108 1790
8509 2166 3357
8976 7804 277
7255 7220 3738
7193 9767 3069
7674 669 1681
9330 9256 3329
2364 6164 1826
8142 7674 4828
3010 7275 572
1399 903 3587
3905 5858 1010
2130 9075 4892
6872 2824 1536
532 6666 4421
2751 4709 1653
2686 3798 1578
3962 850 1173
3533 9656 1883
4132 4586 3106
369 6572 226
6190 9273 2119
3712 37 3268
5632 2138 1563
5587 7170 4405
6419 5293 1152
9810 5005 741
2237 8287 2816
3972 7903 398
540 6267 2171
4158 8700 4553
5510 4706 4356
7845 5581 2011
1747 1907 4741
8524 160 2097
2731 5932 2868
5095 2345 4337
105 5308 2029
7275 6720 2480
2162 5982 2729
489 7858 4565
6951 9021 4343
7317 8918 3252
449 2956 345
3746 9668 1066
2765 2004 2041
1231 7873 281
1524 5341 4590
6574 6794 1711
9697 9448 1080
8846 7732 4636
8593 7930 1307
8509 8143 1663
1249 4122 1291
5074 9296 2968
6696 2845 4721
1853 7764 4731
6427 5074 2462
1881 6997 69
3841 3189 1498
8878 9121 4150
108 7716 37
317 5311 644
677 2929 4318
7989 5115 2773
1299 2458 174
2410 2608 30
1347 8013 2957
4875 6005 2225
1094 6526 2257
8680 8163 1127
1116 910 2205
6648 6800 1079
7642 5235 147
1600 5824 1402
6647 9357 3665
4142 4518 1400
832 3765 3263
907 7885 4380
5597 4789 4448
3090 3304 110
9385 6102 4159
8084 2322 1949
9099 3541 3260
8763 171 3492
802 1440 2127
5498 7297 4870
2515 3753 1103
6575 7953 619
4389 8708 2804
8194 1633 3771
114 1567 2990
725 1750 4633
7082 8132 4992
7919 2166 227
2115 5740 604
9362 2141 379
1952 9213 1268
9006 5780 1035
3903 3716 1224
9258 7372 31
4401 9426 1620
7808 9592 2790
8282 2646 4862
1689 5630 4388
6094 5287 1024
1266 7034 1729
9901 7268 683
4627 9855 1351
317 7645 2739
7528 4959 907
5075 3006 2450
9196 7663 1952
9548 6750 1299
6315 2134 2834
9851 1306 4237
8936 3895 575
2913 4921 4712
7697 7365 1931
7114 7554 3933
2815 4225 2434
3133 5008 1619
5613 4985 3789
8501 8116 1350
9889 6166 2965
7807 1807 2766
6653 5036 1826
8495 704 1284
9361 768 1855
4427 8748 154
4863 2053 2401
7715 9522 3431
828 500 409
9299 4703 78
9853 1078 3433
5805 7912 1869
7829 6802 1045
4718 2749 3322
6257 2267 1032
5996 4287 4866
2519 541 1809
6759 9823 1892
869 9755 693
4397 960 822
5440 2429 3824
3960 1781 932
7538 3020 1494
6488 5091 540
4237 8050 2690
6899 9364 105
188 1077 4274
4356 2062 1825
3562 5406 4322
4471 7346 2509
2680 2587 4713
8826 3970 2647
6836 6806 3943
7809 1350 2892
4082 9750 163
2765 2722 3534
2679 4934 3810
3871 6597 2658
173 699 1662
2347 9914 4611
260 9415 311
910 7083 2463
7426 6661 554
5107 4933 1194
7399 8245 4005
4086 5322 2606
4256 860 2328
2884 4072 1024
6562 8072 4905
2352 1002 3547
7256 5958 2193
9353 3680 1610
5009 3787 4707
6557 9625 158
4541 5234 1737
9665 3001 2841
2859 8411 3841
9141 3644 2740
7482 3246 2033
8371 1615 1814
4034 322 3944
3808 4542 2789
4072 3411 414
2962 3768 3467
5082 1662 1465
2499 4802 3897
4153 354 4670
8826 6132 1564
7514 2576 451
3960 3770 2842
734 5311 595
6549 789 1029
4072 2163 2676
1570 464 3994
1470 5990 2921
5312 8754 4085
887 9629 2186
857 4479 1245
2495 4901 2793
6443 5006 584
1289 9727 1281
6083 6099 718
2156 5255 1906
8367 583 3984
8468 1234 4804
1493 4087 2829
349 5722 1829
5080 4160 561
7707 1803 2730
8146 5145 2933
8129 1986 3214
7081 3778 1423
8436 2153 2275
6710 4030 143
7054 1971 3363
2197 1219 4395
5974 7087 1946
5176 2153 76
12 7507 3571
1198 5122 341
4737 2520 449
5151 9946 4607
6314 8207 2937
6881 9759 3649
7546 1267 2508
3110 3535 3461
392 8276 345
9713 621 896
723 1288 2331
6841 1573 411
3547 9828 1219
7955 8412 4297
8205 9130 805
8813 9730 1697
626 4604 3201
1877 6322 1992
9090 8568 933
6678 8327 3876
8776 5772 726
8641 5787 3445
9762 749 2872
576 9686 3128
5473 6557 4562
8786 2626 3115
7841 2885 4293
561 197 3926
2557 7999 1283
29 9076 920
4757 7330 1265
3164 7505 1727
5762 6880 2317
290 7636 4226
3658 471 4371
3636 814 3280
9890 7265 4264
9804 9568 4667
6082 1691 2092
5679 4653 4978
8988 3349 3373
7560 1301 2132
6349 7877 2159
9245 578 3562
6208 8631 4220
6846 7363 3053
1120 9194 2766
8051 1654 689
6962 4986 2903
7063 744 2877
9955 5987 3295
3395 4975 2040
1464 8253 400
7190 3432 4822
2401 266 266
2206 5726 4336
5670 7020 2714
3504 3935 3848
7812 7898 1983
301 3277 815
6201 8112 4565
7881 1773 4849
2635 6810 883
6081 4639 4486
7872 2518 104
1695 2352 2152
943 2269 3072
4752 5521 2632
389 947 2803
4846 9664 257
8311 597 4617
9603 9020 1711
9306 8126 3289
7507 3881 4264
8355 7836 1107
5076 6185 798
6418 3515 109
3312 4621 2038
8620 3600 487
450 490 4754
1302 4768 1831
5126 2578 2517
3703 290 4029
4554 1742 3586
9308 9279 3382
5146 4447 3386
6348 2500 4195
8135 3189 2943
1634 8550 4962
6186 2568 1191
5518 2542 3706
5362 6622 457
68 2718 1044
4092 612 1063
3677 4701 320
6099 6262 3835
7399 1672 1512
5888 1291 3023
8497 9238 357
4299 1675 4232
2719 8304 99
5518 1137 3382
6595 7067 356
8884 1880 1473
3563 9488 1042
7992 8637 4533
4815 4512 3981
551 9563 4562
6252 3173 3411
1358 5347 1152
7760 6404 2646
9038 4617 2481
4963 2544 122
2371 2622 2127
9098 2444 2057
8793 8916 3219
3135 1155 2002
7561 3845 3785
1258 4918 3007
680 3708 604
1800 8732 259
2498 6230 3119
9620 1995 2160
1991 9900 2037
9400 6697 53
6278 1397 201
4320 7441 758
8214 9303 1017
1670 9505 1026
5166 6199 4910
2343 4977 3983
6704 9178 4524
3463 4742 520
741 3611 2145
1286 4602 764
3244 1142 4225
1698 1816 4607
1696 5112 80
5600 1407 1897
2565 5158 949
7289 9621 19
5074 5108 3690
631 8230 2959
6784 22 4691
4503 782 3166
7425 1639 2425
8246 7516 4314
3484 1133 179
3242 1713 2152
5794 6385 2227
5156 7762 1026
2498 7499 2688
7739 9824 2202
895 7454 2194
447 3645 1760
7368 4350 2116
9512 8605 3685
60 9900 1882
4045 9968 873
3747 6441 2367
1457 3044 3314
4922 1160 36
6312 277 1837
2749 6989 3694
5744 3829 536
9118 745 2849
8010 6497 1978
1435 593 666
438 8746 4937
6652 5444 2420
6668 1550 1358
5277 3700 3246
613 6365 2365
349 1006 2302
7222 4761 4269
6553 7600 4911
4920 9198 3102
9566 8500 4841
4450 8335 2068
8466 1136 3829
198 4037 3321
1745 415 439
7471 7676 33
1176 7282 3984
3635 7872 2566
9406 5078 4879
3232 3309 303
7276 8647 846
1812 1210 3624
1746 9400 3467
853 598 2278
387 2788 761
4391 4695 2407
1411 5843 2738
9697 6928 3668
4576 3726 1904
3822 8503 2483
9251 6670 2806
6128 2650 1875
9298 1784 3933
434 3458 1919
5901 3994 11
907 5097 4798
9561 2950 3152
6622 5701 1757
6322 1829 3913
7477 3856 851
7445 3546 4653
4971 7005 1268
4473 8299 4058
2494 3212 4589
5717 8618 3082
5399 3991 1257
7850 6357 4534
7425 1515 2137
1281 3955 2241
9445 3289 1019
7890 9977 3200
7214 546 3527
96 5984 2981
9162 1659 3914
3751 5233 3789
9953 2052 971
1989 6366 1117
5554 401 3222
9624 9130 1540
6078 4308 3221
4952 6564 1710
9708 8767 4883
7337 255 833
4849 5368 2955
7962 80 1891
9818 3888 2053
2167 7789 812
8863 6473 3257
9555 2472 2967
5278 2066 4951
897 5394 196
2844 6380 440
116 784 658
1820 907 682
5352 6948 605
6803 1153 4796
7531 3154 4603
4225 4134 4213
1341 2282 719
3784 19 385
9110 8388 1147
3165 8697 2482
6151 9387 420
9186 6633 3917
2094 3221 1787
1205 1005 2161
4299 8670 1023
8090 7638 2008
6761 5944 2597
6864 1150 4964
2269 2071 589
8688 8961 1116
2288 343 3365
3495 1337 4312
6514 4709 996
7875 6298 518
3659 476 1275
3106 6774 2145
1906 7149 4978
3911 6939 4152
3101 5191 4993
9683 1083 3391
7576 7119 2244
244 3994 1208
3691 9460 555
9364 3737 1472
5624 2292 4372
2444 6591 3721
1666 2864 3118
9871 3938 3778
9554 4260 4957
9300 5257 1356
3055 5128 1516
6790 4214 2115
4936 8523 2281
4068 7032 4442
7127 8311 926
1902 1218 2533
3646 3617 380
6980 4218 200
9912 8515 201
5250 9206 4094
7846 1395 2736
5198 5697 4865
914 6367 1368
7888 8694 3924
9990 854 1407
5838 9455 803
2489 259 2183
6392 3856 3834
2757 1904 3379
2925 6501 3239
368 3544 1195
3117 5308 4168
4865 1187 4385
109 2870 2618
5647 9657 4652
8023 7674 1863
7460 9359 1603
9857 5881 4005
9484 5174 2837
1105 9245 1197
4175 7396 2208
1398 1204 528
7855 3548 3208
7471 194 1790
8645 6974 1216
5818 6438 3794
7062 1705 848
2626 5976 4552
4778 2627 1682
3407 501 119
8897 703 2962
6519 4083 263
8325 2394 4736
2721 4140 4577
2282 8376 3821
3656 2806 907
644 7728 4274
8597 3321 682
2814 7231 1881
6992 5785 2381
8925 5716 1224
3012 43 3867
2191 107 525
7359 368 4509
4832 2256 4463
7699 4151 569
7157 2624 4015
7043 3429 3241
5345 1084 1287
5361 5791 2720
1497 319 151
5954 1323 266
8409 1881 2487
8810 4193 1056
2110 7033 1417
3407 780 106
3437 6854 88
7402 2205 1057
3942 5279 314
2515 8666 1892
46 3119 2226
2332 4499 1618
7485 5421 1677
9409 1879 3562
9390 2319 4590
493 9931 917
6808 6494 1812
2031 6914 3493
6316 9144 3861
5006 151 2038
3380 23 2083
6124 4562 2071
1053 309 3192
1631 7141 3203
4323 9507 3804
70 501 4478
4708 4753 2714
9049 450 818
5393 1556 4013
6671 4904 1170
9504 6764 1393
8449 58 4804
2123 4845 786
1949 5876 50
5207 297 4996
6683 9390 3406
1617 3197 1001
5405 2661 2715
6102 2618 2004
2664 2181 4528
786 5314 4123
8982 3163 3736
7291 4983 1926
5731 4440 470
5014 8141 3315
2856 5568 1626
9761 5965 383
1745 1424 949
5400 2607 2660
5232 8299 3567
2974 7585 3649
8901 9046 4410
2902 6584 331
3621 1350 3647
4527 8708 4814
306 3898 163
4173 5877 4372
8314 114 4858
7715 1928 4453
7074 1104 2536
2150 2917 4991
3607 6028 2691
4833 5971 4885
2966 740 2671
5777 9232 3333
7257 5262 3645
8125 9823 4975
1446 1752 1544
7359 9706 4492
3661 300 2503
5428 7663 3373
2339 7244 2049
5327 1705 719
6374 9 4502
9338 5843 4347
9346 7614 320
1786 5711 1376
2974 1905 1681
3300 6208 4274
9750 6159 498
127 8421 1604
4461 7512 3545
1152 2128 4159
9466 8457 4807
3723 115 4062
4600 6396 867
1914 4037 4688
9900 7850 4730
9738 2074 3822
1722 5379 3228
796 3609 1731
8533 7958 4432
8504 5779 1193
8410 5988 4595
8390 6497 4199
1718 8947 2116
3847 9427 3830
6486 3976 420
9313 140 34
7704 3886 4067
9623 4662 4771
4869 4533 2562
7578 4139 2538
4540 1807 355
7403 6602 4764
2791 6980 1110
6317 5625 2334
3805 4877 3703
5810 9306 894
6406 507 2123
4087 5585 4750
8444 3429 4225
5396 9301 444
7570 9928 4689
7031 5961 4148
5148 7380 4157
3653 8140 2703
6826 9046 591
6199 7814 4312
5069 3573 2512
638 8008 1725
930 7255 802
7634 7629 3178
1538 3167 2592
418 42 4030
8320 8758 1786
6355 9566 1284
2434 3125 1617
8209 5268 2315
223 3871 1550
6697 9529 4816
9896 5571 1065
9082 5456 355
3068 3673 713
2264 6432 2581
3204 2598 3757
3897 5137 2712
1947 4665 3691
2553 4300 4868
878 3086 1145
2096 4025 2195
7898 7983 614
4784 6944 2702
546 9587 1991
5848 5143 3016
5647 7397 344
2437 602 336
6735 1860 3853
4120 1206 1594
6850 5065 2175
5905 9234 2246
7702 6416 911
2623 1765 4514
9235 4084 4892
1527 2416 3913
233 6856 2662
486 7169 3320
1693 2520 1384
2448 8864 1941
432 5974 3164
4850 4641 3435
9133 5778 2035
71 4205 3040
6057 5305 2787
9513 5455 419
2065 6682 1739
5453 7023 55
8187 8166 3992
8829 9924 2553
3545 3802 1122
7997 6716 1571
9446 9840 506
4306 6734 290
478 8512 1458
4000 6558 4634
6177 2328 3475
9221 284 1506
3010 2452 509
9244 7276 3069
5524 382 3281
1706 7502 4961
608 7072 3787
389 1099 2792
1766 2828 317
914 3394 4785
3420 4142 2535
543 7489 3576
9816 7792 1341
1876 6265 1494
1210 9031 1587
3893 3788 4819
1188 9769 1291
9469 6191 4993
2403 1842 21
5524 3675 204
7870 1393 1308
2839 6846 346
911 9162 1032
2380 8370 1911
7590 7282 2292
2979 7438 444
5170 4687 4585
5310 8044 4436
8772 7289 1365
8970 2380 510
6557 3170 1235
2601 8495 212
1296 2742 3453
9452 9067 435
4769 4238 3408
6866 5991 4123
9496 5309 1126
4435 8045 3346
215 9303 3416
318 6989 2174
7208 2549 2106
5613 2898 2964
7553 3563 3712
9013 7631 2053
7688 8107 4485
8787 4274 116
7233 59 4965
4466 6825 2606
7840 7669 3754
866 7110 708
2331 8420 4098
9939 7434 1255
8941 5018 1271
6535 8559 503
9809 2233 4200
2402 6570 584
6187 4213 980
7168 439 11
5596 3209 4037
1221 8453 3476
545 5483 3172
6517 8892 4222
173 3297 609
6576 6193 2504
7732 9457 3013
1050 2364 3820
9545 8580 1564
2018 2854 2151
2187 9120 2958
3903 6112 2213
1363 6535 148
1388 9450 4948
1402 9115 2144
9112 323 4279
7208 45 971
7721 19 4215
6559 7960 842
6013 2794 323
7856 7656 848
898 7721 2337
953 4669 1853
3685 6957 4489
9486 6111 3627
9782 6214 3712
2484 4811 3378
1363 879 2684
1103 1500 287
9349 8 420
7683 835 870
8132 9097 2967
460 2893 97
6098 787 1218
5701 4735 4632
7758 2678 1882
2877 536 671
195 2820 3856
5971 9880 3878
4407 7548 2735
3769 9816 3460
5264 9748 3698
5066 4168 1369
5677 2479 3143
4225 2715 461
4608 1366 3314
4656 1851 2861
3460 7222 2390
644 6002 762
3074 3905 3757
3764 7276 3472
6479 9395 4981
7328 6214 4372
1887 6172 40
8686 5246 2814
8133 1448 3751
4934 9809 381
5950 8535 2444
6405 8457 4171
1291 4506 2236
9637 571 4224
955 3464 2765
8246 6566 1401
4640 739 2913
7277 4185 2176
5418 439 4628
9462 9139 3578
3425 2992 2118
6125 3989 2600
2381 7231 4843
1790 1592 955
1483 929 4245
6093 1160 4377
4100 6723 3476
8383 9989 4538
5267 9772 1822
2718 1251 1989
5848 9451 3376
1929 8193 1718
857 7437 1627
4505 8714 69
653 2559 1211
6858 4336 1269
5671 8115 1100
141 5487 2719
4857 8956 1344
9411 8471 3968
8979 1670 4996
2308 1052 2310
7708 4184 4988
8844 4588 3661
4997 6333 41
4828 2859 4784
4061 7465 850
7893 8972 2065
7773 2953 661
4296 7041 644
7504 3000 4089
5504 8770 389
4447 5638 1181
2964 6943 3654
7010 8248 4248
7454 9661 4439
8597 7553 3856
5417 4803 2284
5396 8400 2114
7404 4831 568
3860 4548 35
1893 2231 4762
3490 6814 27
5378 9864 3564
2981 7433 2727
1048 9526 1711
4115 6174 2042
8453 9876 223
1816 2509 2284
8650 4691 2414
7840 9896 1986
6912 5725 3336
1946 1145 2951
6710 9083 3294
2229 2167 1967
1017 7624 232
6863 5493 2068
8494 495 2590
3802 1673 3103
575 2151 1070
7364 4907 1977
4064 866 1747
7208 2887 4031
1104 8796 3391
2653 4657 2444
7480 5769 3428
3081 1026 862
2130 1253 1718
8906 234 4027
8921 3047 4568
7999 8840 390
6473 6818 636
5225 4895 2841
8366 5428 4208
6575 6171 1898
5794 7094 2672
4857 1309 4284
470 2707 4514
8556 2883 2774
2285 1245 1404
8573 8852 3124
7090 9568 340
5178 4464 3196
9655 9924 4309
5081 2877 4398
8216 2561 4364
4694 7356 295
5379 2525 365
3973 1298 1805
2745 8853 4551
7541 1493 1373
3434 2610 138
3407 7087 3127
8568 7151 2401
2077 7250 3937
8931 6376 1116
7003 8873 2769
3049 7720 1180
8670 7581 3103
476 3984 1226
103 8287 3958
7353 9192 1856
4401 7170 656
118 6663 1491
8797 3728 1818
4357 5684 3017
7869 3976 2803
6967 2842 1581
2114 7420 4094
598 916 2087
5416 3489 2783
8695 5840 4785
7697 3577 499
2061 7574 1808
2073 2788 4512
5642 7342 186
5114 2674 2086
684 2496 2713
5606 5533 2379
6726 8539 4945
3652 9483 3686
7506 633 2402
1708 1703 3405
7809 9140 4403
1132 5893 4783
6903 4677 3275
7540 3814 4323
6405 5624 3114
9973 166 2434
4563 8436 2168
7065 8183 1870
3395 3070 1461
1155 2671 2322
8918 9867 2706
5771 8759 3812
7171 475 87
6934 2648 1960
4288 5124 4774
9712 4571 1308
6909 4498 261
7998 6759 197
9095 9742 2647
3380 969 698
2109 773 1847
4013 9435 4192
474 1922 1977
8266 8172 747
6159 2355 4459
3667 4059 2916
6951 9006 437
5250 8980 621
625 8861 139
1916 5996 1790
3386 7488 2296
3239 5342 3308
7510 346 1060
7370 8044 1358
8380 7549 581
5222 6241 2997
9963 7069 3016
7580 9525 2424
5790 8104 2791
9311 5623 4670
6076 6026 209
5613 5311 1967
6336 2195 4614
1359 7259 940
4921 8420 2987
4689 1217 4581
3674 5652 1315
5127 2146 3007
2349 1010 3713
8676 8202 1344
1217 6461 2567
1577 1099 5000
3030 1516 2453
6131 8051 2420
4847 5237 1221
983 3350 331
2220 7759 3160
4293 7589 1659
421 8403 4481
2318 4918 465
3089 5937 1983
2823 1500 1381
4661 4681 79
2832 9547 1641
7151 3826 2373
361 9435 2053
1478 2884 726
9038 635 2964
2699 5793 3918
9366 5193 4776
9309 1001 221
4625 7838 4979
4143 1450 1117
3877 2520 2662
4955 6662 67
1414 9071 4869
1424 1865 1671
4957 3821 2147
8230 6011 3875
1124 3311 1756
9843 7084 1441
7564 7004 4480
6815 1428 1521
8086 3919 2379
2104 1900 955
2469 424 1356
1414 3339 4117
1369 3666 324
1511 4751 4851
5002 9182 282
2666 8612 4935
831 9110 4465
8655 1150 4739
6223 6752 2475
5905 2585 1543
1917 9376 883
9432 9668 296
8407 2524 575
3554 3148 2630
6431 9201 1695
1541 7246 1242
3825 7062 3267
8012 882 2461
1133 7934 697
185 3566 4489
9227 1511 944
8293 7850 2381
585 5260 248
1835 3918 1688
2603 375 2040
4463 4317 4854
6027 7042 228
8078 1255 2098
8507 7778 3202
5651 950 4063
7434 5681 1258
5867 7524 1246
3704 1232 3092
3423 1927 3231
427 3208 4076
8254 1258 761
898 5168 3601
507 3079 4697
6211 3371 496
6955 6536 3782
372 223 2830
9728 9953 2302
6596 9784 3252
6507 9905 2012
2243 4060 1788
7556 971 240
8079 1771 2608
8567 145 217
9502 8117 539
4494 795 4583
6895 3242 2046
2991 3542 2444
3530 501 3328
5531 8757 4022
4803 4674 4438
8620 9044 1579
2803 3987 3835
5489 9826 43
9466 8075 1528
2328 8595 2663
8875 2316 3063
9017 5532 2248
5833 5183 923
3466 1873 4720
6894 392 1760
5092 8509 1353
3853 7018 4061
8890 9188 1690
8975 8012 1602
6494 9217 1578
2381 3940 4358
278 533 2115
3856 6737 2092
7192 5965 4251
5098 6771 3450
4480 8474 3529
7857 4354 805
6437 3782 4024
1447 2134 317
6558 3735 866
7493 5454 2828
2763 9422 3624
7877 6547 306
1996 4262 2936
8411 4946 40
8402 1694 909
4413 4146 652
6059 7199 1461
8913 1847 2553
3509 6213 561
1190 6784 4416
6245 1937 836
5028 6335 255
3248 6144 624
1463 8460 4978
2726 6548 182
5453 5598 2784
4417 6210 2873
4230 2874 3263
8204 4043 3112
8299 4185 1897
8189 7406 734
4373 447 1626
4752 4467 2579
4600 5537 4642
5802 6721 3474
469 145 1892
113 1412 760
9846 6777 1128
2493 8135 1228
3613 8563 3084
9618 7726 2188
2059 1621 3646
3402 6399 4345
3797 8766 3012
906 9517 2662
7388 351 4797
3173 4237 241
9905 9397 697
6658 5909 272
8906 1859 571
3096 6747 2127
315 3941 2254
8645 4126 4604
4456 3093 3882
7592 555 128
6880 2829 3990
9345 5418 4722
5494 2033 2498
2969 9730 2912
4179 4670 3172
7008 9438 2698
4811 2264 693
7798 5795 3565
2136 7776 2809
2761 8200 64
196 1839 3399
1095 7320 1677
4438 5014 3777
9502 4662 2613
9585 3016 1919
5128 1925 3353
3487 9024 1868
2659 6923 2282
8427 9929 3985
1492 756 435
1482 7290 105
7620 9112 848
2055 4650 2768
7347 6636 614
3922 670 2217
9277 4943 4583
4617 1472 2363
2846 4017 2568
5744 2453 4439
3309 3494 3960
2768 8763 3866
5885 6641 4030
9400 9089 1022
3409 790 1135
6792 5336 3100
4487 7476 3870
1570 1356 2799
8481 9181 1065
1060 8596 3840
614 8548 4871
4548 1195 17
7989 9451 990
1900 6824 977
1246 4926 3288
4223 4171 3128
1338 1688 4773
8271 3950 495
9446 7495 2976
4971 2825 2474
8019 3487 4229
8955 5512 1514
3951 8143 3956
4790 9167 4060
7511 77 463
7680 9180 4592
1982 2408 2791
3969 2827 2739
1553 2569 709
9091 504 4511
2677 2719 3328
7914 9367 4797
989 6702 3325
6749 319 1216
8866 7051 2954
3330 8999 1762
9356 5914 3764
1035 6715 2519
6594 8677 1095
1776 19 114
3095 7739 79
9727 346 3662
764 4029 3993
8522 995 4324
8390 6830 3561
9503 3683 1346
599 8170 288
9349 8435 1922
4472 8267 2223
9729 2532 3566
8056 4988 4431
7213 6707 1442
6714 5695 486
7778 4692 2204
5575 6471 2595
7235 2182 3499
7715 6474 2953
4524 1471 4900
8353 2624 4114
1686 7319 4801
4447 8165 3905
9460 5734 29
661 3175 2518
5469 2168 1222
999 3045 3584
2941 6507 1850
955 3550 1025
6372 4189 2829
2815 6082 3632
3648 3957 83
540 7560 2113
642 6243 1861
5488 1417 3545
8436 5616 1202
2432 4452 3810
6548 7841 3016
2001 2050 2807
9141 3278 3951
9416 9724 203
1013 5868 1720
6544 6687 4920
3422 3180 1115
8070 7118 1889
3556 4224 1062
2448 8729 2908
6557 2610 4257
3782 7624 1146
3589 8147 1448
3051 5521 4750
3406 1671 290
3818 3758 3863
871 113 4451
9569 5114 1168
3401 4112 279
3349 7303 92
4376 3236 1566
3821 3221 1015
8804 8431 1725
8738 4602 3008
6531 1351 1048
5899 7976 4485
207 4413 3808
3590 7207 828
9706 8581 3045
1862 7823 3449
9361 6318 4427
271 6326 2424
6054 5841 2517
4955 2360 786
6023 8019 4419
3644 7595 1289
7128 4740 247
5295 3379 1192
7377 3247 4936
7023 8558 4337
5941 3345 2156
2175 8620 4556
3496 9374 312
3620 9883 3743
9948 7679 4243
3566 3460 658
6099 374 1950
2703 1549 4865
8352 6129 4765
6891 5659 2973
1322 489 1047
5433 191 3246
7141 7117 4293
6632 603 3304
7499 3656 2439
8097 6841 3859
1533 4879 4656
9453 8714 3511
4040 2331 4584
9561 5871 730
15 3786 4324
5487 3034 2543
2402 7695 3123
2767 2501 846
5328 5774 4637
6560 3965 3619
4832 3373 4693
6793 3733 4888
9891 4213 2760
9772 4735 60
3294 9114 4612
5699 5249 2343
6795 5935 3568
6029 3250 611
7699 953 4207
8037 3558 257
877 2451 746
257 2399 3832
3342 6228 3081
3628 2748 2875
6398 7556 1679
3045 2785 1676
4670 8273 3703
4389 9245 1752
9804 1070 3491
6413 83 787
9506 2029 274
9882 170 2477
8990 8509 3530
6493 375 3624
3405 2527 3387
5071 4984 3665
9136 9355 1620
7684 8422 2928
5948 4577 749
7935 7057 478
380 9821 1621
8120 1584 3399
4794 5992 4582
1760 237 2340
5735 8041 2023
4454 6856 3567
9415 4917 2089
8089 3496 1916
8840 7216 4499
933 5334 1072
8211 9381 246
5435 6373 3578
5648 1439 4532
3135 7249 4443
4963 7362 3626
1483 9722 4331
8843 8232 1937
7291 4480 2012
4325 5812 356
9932 6607 4163
5225 3511 4124
664 6472 1293
5298 946 1228
3927 738 4191
9349 9694 3195
4594 6443 4983
2709 4345 1822
4885 3804 2936
4114 8657 3324
9746 5406 1449
1836 3058 837
5827 6371 264
3852 8264 3702
1040 83 4269
8944 737 1717
5408 5084 3438
4763 6254 3500
11 4909 4813
960 3472 3908
6592 4252 3616
4525 7529 3526
9549 2007 672
6980 1328 1526
2906 1897 2770
725 3895 4707
6636 5128 2877
9031 6697 4119
1149 9224 364
694 4959 1005
5142 8538 4934
3630 3520 1776
6108 2146 4455
6815 6571 11
1645 3660 4224
5141 5171 3
424 2741 4802
5549 7895 1582
8497 189 868
510 1123 1511
4821 5796 3815
1551 8879 759
6140 9157 449
6304 1484 4897
4836 9954 4655
9476 1899 1554
6572 6122 297
5836 5505 990
9430 1554 4859
3647 9443 3374
8720 7176 668
8219 7095 4035
1258 7913 64
8786 187 2550
9999 2418 4895
3342 2669 4576
5990 282 4018
1661 9833 3462
1371 2518 4842
3604 3400 1151
1216 3190 2290
9445 5783 1337
2208 689 4609
4344 677 428
3493 7831 599
7719 8126 2976
8554 9104 2858
6313 2531 3678
4176 8862 57
6367 6544 871
1118 2970 3396
2151 537 1881
975 6362 4849
6071 1203 3518
5210 8034 765
2752 1804 966
9082 7071 394
1039 8880 671
1989 2158 1885
9972 3631 1603
971 2983 2659
5851 9563 4162
8115 9515 1112
975 7031 1235
3623 1884 2331
5584 9830 3527
9092 8272 4959
1727 330 4774
6339 1765 4676
6628 8971 397
4721 5886 253
5632 2675 730
1066 2309 402
3557 6917 49
8501 2006 3318
4490 1691 4562
218 4147 2090
6669 696 4433
1234 8184 838
4205 624 4521
3868 4475 3481
9239 5335 2160
4595 9273 2887
488 6618 95
9676 5446 4109
569 6782 1079
7483 4297 2790
6526 7081 4868
9134 3611 4476
5707 9363 333
7980 4225 1161
9967 4492 641
4997 2344 132
4757 5883 3722
7259 7062 1468
5180 3121 4372
4712 7440 3328
6398 9909 702
9839 5658 1600
735 1568 3201
4680 8116 1139
8592 6567 1012
7690 4808 3075
8499 5245 4772
234 2207 3174
2121 9973 3654
6358 1389 991
6393 6339 1124
8849 6537 3567
129 3107 2527
9777 8553 1045
4424 6553 4493
9740 6767 3958
753 2046 3243
6055 6200 1290
8153 8045 2420
734 2590 516
5962 8146 1083
3379 1421 1209
5280 2424 2241
2937 3327 2787
2480 5596 3198
554 11 4269
5259 8560 2531
9833 6397 513
7415 2945 885
5930 926 2782
2460 135 2949
3730 5414 1632
1436 3087 976
8438 4459 3044
6778 272 2699
3767 4721 1224
3968 2448 1040
2024 108 4953
1395 2406 4741
4437 4229 1854
1785 4541 616
4604 507 4410
7954 8388 1823
4345 3224 3815
7892 9695 4457
2476 4976 370
2434 1583 941
6997 8698 1207
3736 1519 1778
8062 9270 4236
1323 8228 894
253 698 4644
6272 2467 2546
2664 6691 2817
7588 8508 3566
3556 5447 2963
8256 7757 3700
4624 5682 1045
6832 3493 2462
8229 8563 4368
2354 3201 4047
2442 5153 2547
4840 3042 1051
5274 3319 2679
1912 1107 3817
8624 9127 1529
9069 413 2713
754 4088 2063
5511 5988 1888
9077 8638 1530
8368 7728 1302
116 4292 3616
6499 7746 3565
6220 6207 363
8720 2105 4427
8945 8112 2452
5258 8201 3660
1294 2119 456
7743 5134 1701
1183 3524 3196
9100 5896 4950
3106 1683 3043
2232 6490 1052
1561 564 3939
4842 1346 2105
4314 3602 32
1995 249 3176
1337 4544 2345
5824 2332 4841
9789 6257 2506
5775 7558 2555
4443 3354 1750
1132 9751 3923
1584 2006 2969
3715 3720 1991
4532 9513 3694
2697 7080 3829
466 1511 207
748 3375 2479
3707 4824 2471
9826 9824 4066
5968 8892 2916
9036 6772 564
8694 8576 4150
1512 7801 4193
6610 879 1072
1894 6002 4692
9679 2514 4089
9945 4180 1781
7476 7161 1799
8437 2090 4023
4726 9557 369
3451 3512 963
2624 2742 1526
3753 9864 2634
4326 9121 336
7192 225 2375
7380 3387 964
5115 8607 1789
6493 9102 3796
5073 7533 3864
8132 4191 53
7520 294 1812
6597 6307 3368
5787 6589 103
61 7361 3094
2281 2655 4503
2533 1968 1483
8827 2081 991
9519 3482 4125
6804 8801 1352
7876 9102 2143
7214 2189 3496
4283 3530 4905
3374 3236 91
4904 5900 4803
7059 9337 1361
601 6591 3285
6505 531 2238
8897 5772 1898
1548 2977 1658
4134 4335 1685
5571 8536 2271
9474 9214 751
1842 8533 2534
7094 5758 804
2523 4282 1486
1939 476 3186
3850 7662 4566
1447 7763 156
5028 9160 1848
6164 4135 4334
1553 1362 3366
5538 9492 2865
5921 9051 3050
9383 4227 1368
1200 4042 4094
9401 3233 856
3417 6719 1585
6453 5512 4721
8135 2904 4005
6549 7556 3504
8514 8067 3902
7997 5998 4653
3434 5912 4580
6965 1178 1710
5056 1463 3978
4208 9758 598
9581 5669 1803
9099 384 4487
8919 4878 1468
7083 8050 1068
3145 3284 4980
9943 212 4015
6652 1883 2977
451 543 770
1228 1343 1835
9990 1741 2739
5045 8612 2
5043 4637 1503
3257 6761 2058
8182 2560 612
4285 9585 4946
209 1425 21
8594 6451 797
6299 4097 3771
9922 303 2555
9876 9350 734
5613 7884 1837
8688 438 3125
7441 9376 3121
7565 3787 3172
7407 2973 300
9568 6461 969
738 2969 1587
7505 2968 3542
5006 3665 1421
936 5961 4170
6339 9299 4636
7189 2592 2187
5948 7683 849
5964 5929 3637
3202 2571 4006
7649 116 972
1894 5499 2526
1570 7643 4089
3368 2996 3390
75 9604 3474
8322 5575 3329
8329 9041 4392
9016 6882 515
572 8581 2811
9911 7770 1643
5681 8207 3101
7845 9685 2404
3482 3187 3365
4486 4448 4065
836 2756 3135
3289 2463 4015
6481 8073 3476
5745 9740 3226
4322 5485 4246
7281 6344 3155
4248 9557 2172
7251 1282 2858
5793 3909 2254
7263 4140 2620
591 2125 2075
385 5972 1978
7252 8112 1390
9838 91 4581
4471 8588 3264
5158 3719 2120
5452 442 1942
7224 5724 2291
9076 533 3949
8601 119 3069
3761 8717 1769
3255 8743 3047
6601 9508 1545
3056 9947 991
4057 6669 4923
6222 4963 4300
702 4533 240
7777 3627 3757
3424 907 2252
1431 5763 11
6329 3578 1448
4219 480 2575
1693 751 1157
6678 5914 4232
3775 8732 3703
9526 7075 1688
3311 4773 3233
7655 4606 3499
4365 6456 3538
611 4057 1790
2236 7957 1611
9345 7774 2167
1826 5499 4872
2402 879 4716
4647 1143 438
1454 346 1467
8015 7146 368
7912 8737 903
9770 5372 942
6418 4899 4242
4298 9697 3781
7795 9269 3845
3312 8492 1609
3867 355 3499
1428 4318 2062
3521 5266 3664
6081 4416 3876
8652 9667 1724
5593 375 2818
3005 6715 260
3042 7656 238
6610 8648 3854
5474 7089 3854
990 7878 698
8876 1961 1311
9825 2987 1960
6539 1554 1790
9338 1798 1044
3073 8060 3783
4154 5962 4901
9637 8534 2438
1678 3393 2036
8162 6737 4101
7305 147 2740
8274 191 4009
9482 1083 368
6626 5953 976
490 7001 2190
668 8125 294
7455 8646 1680
8812 4937 3616
8698 4405 4197
3215 174 1868
4166 8479 2878
7576 3490 3546
5383 4665 60
4768 4297 1060
7851 3026 4212
946 162 1550
1928 7400 4540
8291 4011 3195
4199 4025 678
7012 8068 4254
5334 8234 2188
4277 4377 342
9024 9207 4691
5168 9627 1767
392 3275 1526
551 7555 3046
7138 83 2804
2531 6935 444
2034 5924 1303
3386 618 1068
9945 9799 3295
6243 3208 1794
349 9836 1353
4028 5869 3274
5777 4337 27
4011 480 3606
9785 9718 962
5787 4508 493
2949 7584 1708
2676 421 963
2391 9982 2927
3522 1530 4575
5347 71 181
4787 2097 1643
1284 8711 1148
638 6299 4237
2069 908 2466
8656 2038 267
9283 3891 459
5678 4871 4348
4716 7344 1782
8457 5880 3633
7953 9830 3663
3351 9615 4305
2463 4438 2700
5364 3878 4312
1719 6139 694
8778 2569 3982
2381 3076 4221
2262 7153 2249
2154 9615 2909
1613 8264 2813
3025 5936 2992
7651 6861 4325
8617 1298 2757
5545 9695 337
3992 878 4205
2030 9423 3468
5379 4969 2145
8221 7429 3176
1692 5547 123
4819 8396 4542
4615 9587 944
5330 498 4182
9373 2231 2092
4720 6671 2380
672 3888 2724
438 7268 3384
9759 5916 2840
5772 9852 1724
6033 5449 4165
8368 1274 508
8319 2197 1250
7317 7186 2702
4915 7324 3703
8137 8079 2225
6096 9411 1474
6061 4650 963
2067 3552 4214
7329 2431 2364
9614 4068 3953
9767 7699 316
278 8084 509
4669 5422 2984
9827 4656 4485
5087 9325 3409
7566 4344 865
7149 6985 1087
3235 9234 2793
6910 8004 962
2523 5404 2983
9603 3620 2815
489 2764 3690
7060 7319 2159
341 6153 2467
2030 2537 1254
8041 2417 3955
6509 5905 1617
1028 4637 3014
1854 3308 2264
1691 8133 405
915 5553 2318
5972 5511 4553
3942 4747 2894
5826 5508 2979
7129 3069 1008
6946 9146 1759
3334 6111 3963
6793 6795 4170
884 9183 2918
127 4940 4756
1501 491 4119
6838 832 2407
3291 1301 3881
1454 6071 2701
7725 9161 2631
2599 1531 4744
7484 9553 1897
3654 6405 4555
6286 757 1988
1123 6885 296
8577 9433 4241
8293 8950 2870
400 1441 274
6038 6091 4521
3226 9784 642
1521 1769 3027
3352 2837 359
2650 6650 2336
794 540 1556
3888 3557 4675
7101 3981 4095
9624 697 1516
39 3869 4452
9183 7332 4250
2778 1028 4585
8721 3461 4328
4868 4642 3685
8515 1627 3377
7418 7082 3312
4070 4472 1107
129 8907 1906
4898 8396 760
3040 4816 1527
6631 7126 2393
7876 4556 1220
6767 5029 2252
491 4221 3794
9155 3180 1364
8108 9818 3557
6659 3925 3624
9730 5361 4246
1522 9005 3887
7268 4953 2234
9984 9281 1383
5097 6359 4313
7305 1446 2507
4214 6291 4996
3559 9323 2744
4084 1504 2680
5411 7162 3305
5094 2362 1606
4573 167 1251
6207 9557 92
9101 9262 3073
4395 9652 3184
6397 6853 4255
1046 1994 4406
2982 2279 4724
2390 3981 1118
4362 6286 4590
8038 2250 1522
859 3711 3832
3404 3774 3982
9142 4421 437
6337 1053 1670
8432 6777 4030
4928 8533 2677
8122 8215 2004
843 4349 2701
5371 9570 3155
5333 7362 3272
6092 7542 4116
6313 9201 18
886 5776 2764
1099 2158 3241
7847 6952 2140
4185 9857 2163
3519 6786 1837
2713 7649 299
6023 6735 880
4183 7117 2910
3160 4117 2075
2909 693 504
4781 2472 720
8357 7066 3630
4096 7469 818
6040 2249 416
4088 5337 679
9411 1518 4683
8645 5695 178
5575 6698 3065
1659 3857 1834
5187 8967 2618
813 8903 718
4310 3072 1521
3044 9218 4102
7795 6935 3365
3355 3050 4014
9683 780 2287
2111 3394 1675
8977 1569 13
6589 664 4141
1268 8045 355
625 5957 1238
2079 9881 668
8662 4378 2864
7522 4841 4755
6658 5928 4904
342 5468 1088
7750 310 1477
5756 7032 784
1852 4750 1766
5186 8254 1588
733 5113 52
7929 7850 3001
2023 3618 329
7014 1258 89
9754 2509 1147
1781 6577 4504
9628 7467 2356
5556 3295 3768
1806 4628 3662
3919 2539 359
4643 4027 678
9987 2068 3633
4620 4078 713
2942 6779 3482
6737 5757 3262
708 2875 1816
3297 6581 709
6780 5829 2784
8358 363 3429
2384 4104 3717
5338 5435 2772
2454 6897 3743
2274 887 1983
6638 7750 471
2358 7449 2573
1847 126 64
5836 7153 4505
7986 682 3492
9487 44 2615
7575 1245 582
2913 1363 4281
1496 6276 3717
9811 3319 1477
3947 5979 1538
9410 3762 1896
273 6071 2234
8679 4618 4774
5237 1341 3430
5420 7750 460
7247 9530 2432
3085 2380 887
8650 3722 263
2423 4446 1448
6487 4342 3378
8656 5477 2711
1808 9396 202
2337 565 2496
1127 1061 2646
4993 8919 4133
537 5178 808
817 9941 1814
3118 4660 3206
5980 4060 1838
6826 3327 1951
106 5172 3949
6034 4958 1586
7626 867 24
9464 8851 2309
1958 6645 2159
3822 7386 3678
540 2403 786
7576 175 2209
7222 1007 912
3013 5587 1390
9040 3669 1739
9263 7711 759
7357 8832 3065
6237 8670 889
7438 6202 4958
7281 6143 302
5809 9900 774
8086 3878 4611
3915 500 567
937 5687 2975
9661 1375 3101
9938 8981 1550
4052 1206 3999
9647 3471 3079
4710 8184 229
8505 9865 2112
4914 707 3160
5740 4849 2908
2445 5473 4678
3319 6039 3827
351 8150 3131
6040 109 4724
4275 6421 1474
202 7683 4408
5248 6969 1206
2986 7375 907
9518 2623 3365
427 2108 3138
1062 1987 4597
7145 8397 164
1925 432 4968
3609 7143 27
9627 1114 4830
4560 9367 29
9105 1101 3829
3216 2227 4093
6655 2753 4321
395 5647 4292
7566 7617 4022
8122 815 694
4547 9644 3803
2197 6319 4150
2120 1647 862
9226 5502 3497
9828 6573 2507
7110 461 4022
7366 3314 2605
9742 5931 3198
9223 1836 4857
2740 2446 303
5801 1968 1677
6035 6574 1968
9321 7529 2313
8694 9991 1432
5762 735 400
8126 5847 868
6953 7650 2177
8600 6816 3874
3098 5949 4435
1976 9027 1071
1851 8029 4069
4294 8349 3681
4622 8177 3696
9948 3911 3063
5457 9012 2515
3541 8798 1927
6108 6334 4952
9481 9670 3848
2034 2907 2873
2369 591 658
3279 1008 3113
4164 6976 4735
2016 2436 3126
8042 1833 4730
1458 9315 3443
9589 9424 1550
3454 6054 1958
615 3487 626
4019 9094 3919
9122 3551 325
5258 6444 4345
2172 8447 3912
6126 3803 1929
5397 5431 1458
6939 2812 437
2224 9801 2268
8992 8043 2078
7865 8260 1015
1863 3052 4576
2582 6606 4841
9654 3227 2379
6035 2002 3704
3780 9348 1354
2089 2251 4744
3621 1355 3609
7538 8367 3535
5499 132 2002
9300 4536 3600
6119 908 2591
5335 7902 4055
7905 9216 647
7515 4925 1670
1215 2056 2468
3468 4944 2616
3381 5730 2029
8239 1253 563
5413 8109 2882
518 9627 1153
7527 2587 411
4451 8447 284
3081 6234 4846
6113 7384 2887
6843 3054 2102
3228 3268 4724
1645 6667 4390
6186 7546 40
8533 8799 2584
5316 271 3275
9381 4460 1867
9489 4466 2180
1739 990 553
256 4912 1196
7975 9715 3883
4267 3161 2858
4561 9577 1231
1879 22 875
8594 1163 4137
8940 6810 931
3508 2549 4803
4020 6057 3673
5258 3442 4331
5024 8237 636
1650 1460 2662
8183 615 1546
4908 7504 3027
6481 871 758
6750 4690 1322
6297 3069 2474
5477 5297 2326
6819 2665 27
2914 2022 1889
5598 4106 3190
2779 2360 2048
9332 4661 33
8031 1365 3644
4032 4834 1877
4525 6306 3138
1016 5579 2124
7737 812 415
6834 831 2047
9350 8609 631
843 7233 4736
5856 1775 3205
3111 5526 1094
1221 4255 700
2905 7 1397
2710 4768 875
7988 5537 3272
1103 6274 4216
681 9951 2765
7145 4146 704
8663 5501 2211
1996 3141 1789
3228 7122 3212
5892 202 1151
8485 5579 4893
1103 5386 3532
5234 9042 955
7196 1620 3058
7756 8991 1397
9270 975 2697
2911 4981 4855
2920 2788 702
9582 1902 841
4638 2621 4673
9550 9954 2215
8253 1849 2378
1804 4657 57
1377 3545 4205
5928 6500 4729
9520 3105 4756
1982 4661 1380
6753 5266 1261
93 1977 1330
500 1770 3689
4947 703 1247
846 8291 2480
5033 7140 4123
8413 8529 3204
6606 5963 2436
8908 1214 4444
2406 7591 1529
9828 2041 2026
6317 7488 2679
9939 1667 3411
5114 4474 4725
2027 5134 1568
2449 1862 4586
416 1558 806
3124 1009 4239
5155 2251 1784
1676 5886 3299
8742 2798 1932
4748 2998 4450
4107 202 1028
2417 4125 3233
2853 6439 3905
1338 3976 1296
164 2284 2566
4045 4147 1302
3960 8796 3473
7225 644 3672
7767 6305 243
5094 2205 1622
9667 8769 4043
6989 6473 3849
4954 848 4417
8179 7975 1099
1229 650 3677
5538 2924 2393
848 335 1976
3582 586 3035
1196 305 4902
8078 2369 2324
7568 2253 2824
4530 2995 3542
5674 4740 531
7157 8713 4855
3397 9724 1458
7952 7117 1917
9517 9026 2614
3035 3596 4552
1694 9033 1387
8376 9446 1563
6247 3140 1364
7527 8999 3494
8453 349 3917
650 4492 1480
3805 5771 3741
3784 1295 4269
9864 6016 4742
3854 1159 661
6985 9479 4860
3065 1325 1567
5222 4086 2560
7660 934 2836
112 7688 28
8120 7855 3072
100 9151 4519
4874 9278 2315
9467 9984 3273
3241 5677 3737
6191 8266 3410
6792 2052 580
3894 8959 95
5330 9483 2937
1195 4214 4526
4578 5881 2277
2806 2668 3038
9546 5452 2758
1651 3213 1548
566 5364 552
5751 4819 789
9532 6774 1706
5806 1797 816
424 9775 3365
8157 5056 2807
1757 3774 3514
3758 6584 2913
9918 160 2746
498 4125 532
8048 3888 4069
2332 2304 1944
4273 2200 3440
7976 8230 3819
647 3255 1414
3546 8929 918
2292 8453 657
7231 1034 4312
9342 3769 2895
5033 7260 2623
2277 1966 579
2641 7229 2599
9524 6932 2001
8159 3562 577
1436 5010 4968
3372 3909 862
264 8766 4128
6598 2653 1973
882 7077 2739
9526 4250 216
438 3848 4363
1565 8346 154
3988 6840 2440
8964 6098 760
613 729 1057
1109 8205 1254
4989 1241 2072
388 8912 715
7335 746 1104
8483 4289 3463
1026 6956 4507
7710 8731 3651
3138 3010 527
4612 9304 4970
9403 7835 89
3434 2103 169
4589 3075 2551
8119 4191 1746
3357 5026 2503
2125 1711 356
6739 5918 544
737 340 2411
6473 31 538
196 4788 906
3264 1998 1921
5508 6002 2736
7458 9358 2486
2181 775 3870
2404 2095 1901
9777 5854 3468
7606 2137 698
8013 6189 629
8564 9828 4582
9536 9081 4070
9072 7437 4024
6938 7800 3588
6079 1041 1784
8193 7870 3807
1252 2110 1746
9936 8798 689
8733 9400 1829
7478 2633 342
4550 8301 3904
3683 636 2253
5918 1915 4809
4143 5227 2799
8213 6715 4177
1384 7475 1830
4596 1859 4412
9101 501 4085
9482 6598 2554
656 4062 877
5698 7937 2614
8355 5430 1579
9318 1737 4419
5329 3906 3206
2297 540 2964
4569 5008 4923
3132 3859 4781
2993 7340 665
9233 5180 2062
509 6726 1867
8463 5144 3445
7472 138 1150
893 7671 612
5818 3231 3758
9157 4572 1523
903 5674 2942
5705 5514 1795
5236 4374 2314
590 7375 4229
9723 6769 3736
7667 8246 4306
8815 9630 1350
2218 1734 257
634 7463 1146
149 4542 178
5084 8101 558
2044 2847 2418
6595 1730 3634
6013 8057 4403
255 4579 777
376 5089 4522
7004 6698 3961
1340 8549 3428
4212 4479 1221
7100 2065 2395
4925 8152 486
4239 9223 4495
6789 7700 674
1883 256 963
8226 7588 3820
225 3783 1985
2572 5346 3795
770 4673 2407
3672 477 3798
4002 2205 2523
6163 6932 4343
9278 7911 2101
9842 980 1752
934 4272 1865
8411 1656 3802
7246 9745 4098
9664 9394 1170
4278 6618 4700
2635 4646 3827
365 4628 4321
1985 1724 1570
969 1527 4192
6979 4725 2008
2226 4054 686
4330 5853 3105
6088 1587 4179
2043 2720 3799
6016 9743 661
7776 931 177
4026 4443 1983
7541 4436 1621
2532 5801 3124
7684 4849 233
5416 3440 3113
2262 5164 749
2536 3366 1012
1196 5514 2113
1789 1088 931
9697 442 1127
454 6212 95
8008 1678 2031
6586 9552 1671
864 541 2954
2106 2892 618
5067 4338 1344
6944 7171 2002
5988 3279 4592
4350 2229 2589
6953 1964 1014
6706 1780 2562
9353 5096 2213
2321 6768 699
8748 4509 2699
5154 3434 3593
5189 8770 1264
6577 8682 1043
6041 983 4374
1744 4418 4756
5094 514 1499
3137 2188 1597
5690 9095 3035
9718 3768 2850
8375 916 1690
5460 2808 4162
8484 495 2754
459 8123 2590
746 8144 4166
1442 9599 3696
3470 5909 2124
4828 2154 2934
2962 4595 3878
8066 8006 3953
4146 4673 2241
9265 6398 2168
9622 4018 278
5015 6998 2313
866 799 3562
142 6332 4656
8717 8372 1112
6392 4876 4476
7117 2062 3748
5966 5980 1704
8140 7579 4864
3733 9215 2881
4755 6223 170
9548 1649 1145
1987 362 2083
399 7664 1288
5905 4149 2902
3245 9880 3565
713 1516 3557
990 9396 1824
2315 4143 3840
509 7214 4618
2348 6506 1115
5907 1706 3907
4860 3297 1019
6459 930 1783
2157 6090 482
3786 9576 2435
4039 9789 4166
8702 4237 2191
2532 7535 4562
9391 5857 1273
3977 7002 744
8181 9691 2168
9337 6785 2151
5507 5018 4953
5805 5800 3739
8307 1900 1420
7350 3162 895
8077 4716 1178
7199 1744 4335
3745 2174 1189
4585 387 1323
3494 9825 1710
6457 2119 3898
6348 1677 3782
6695 4433 250
4534 662 2279
6380 5510 3004
1626 1323 1339
9051 6189 1896
8268 1301 1006
260 5737 54
2225 2150 4358
9881 2653 311
7812 4783 2774
9628 5841 1391
8616 2209 3624
6881 8034 3945
4471 2991 1690
3443 5215 2171
3555 3755 3743
3170 2182 3609
8520 3538 4981
6852 9477 1533
1307 5647 981
672 195 1131
6215 23 4012
7225 2705 555
4218 3173 2060
8551 6313 4664
6269 5624 1775
8138 1118 2959
5840 7805 2037
1825 431 2918
2973 70 4591
9302 9165 1594
1073 9111 3713
3636 496 4656
5920 847 3902
3433 3816 3827
7361 3731 864
2132 7804 1580
4508 1403 2551
8473 5568 424
2619 7436 3057
9937 439 4305
2447 6749 4458
303 4 4977
963 7734 1235
2831 450 4594
7824 1399 1284
1986 8559 4787
4575 5688 1475
4019 9768 2649
9342 6775 310
2152 3843 1718
1235 5371 4228
7611 5747 942
7540 5910 3650
484 3239 1371
3221 225 4513
8614 8821 465
7109 49 4957
4636 1098 3809
5508 193 1387
4582 1994 1811
393 771 3635
8408 8949 3467
8087 5727 4225
7939 5317 2791
8867 5539 41
9628 5550 4711
1588 4975 2747
706 4860 3586
2883 4064 3202
6755 4772 3223
2096 7296 1459
8219 7032 2779
1710 8850 1023
4719 2200 323
5053 3702 4534
4430 5307 377
4247 6575 1198
1737 7978 3163
4272 3168 2424
9908 3296 4703
4694 1746 3488
6187 7358 2101
549 7235 4555
9170 6872 4618
8368 5896 4366
5155 7315 2218
1234 1409 448
6476 7155 3750
2477 7025 2374
1501 8257 3667
3869 9487 3687
8814 5194 1775
7446 7744 430
1187 2623 2284
9420 3485 898
7064 4357 2920
9791 8544 1207
4238 4044 3593
8955 239 2216
7215 44 2399
643 7904 4827
3291 6373 2823
1118 8338 3663
6115 6453 4751
2923 7079 4830
2286 822 1807
2605 7694 1707
5608 8131 966
2309 5967 3190
7926 3024 593
2528 4082 40
440 9053 2797
7501 8289 4720
5716 9617 944
6019 3835 1163
4996 2975 2789
6362 6236 162
113 9508 4421
13 5466 4024
8809 3487 3337
9924 756 1684
505 3312 2201
1198 4028 3324
5543 3097 1025
9638 8447 2648
7105 8783 2187
9864 7271 3615
452 8164 357
6982 720 204
8171 4462 3092
1627 4554 1963
4055 7293 258
833 4551 4844
1299 7998 2531
4648 3227 3175
9172 7170 676
6251 3905 4127
7510 7154 1528
1299 5861 3916
8024 4932 51
5325 4177 3070
8218 7161 3516
1997 8577 1223
4759 8834 4092
5039 1098 2246
2790 8012 4145
5923 3831 521
4107 1783 4951
8243 8201 3852
2836 6852 1698
4230 9370 1410
1346 2638 1118
3357 3584 4721
9588 8587 1305
2009 5145 4614
390 234 3777
2013 3467 1136
110 4742 2238
8379 4236 2877
6879 7428 3957
1164 5953 2179
1809 7612 3112
6399 115 2431
5171 6843 4490
9651 3779 4725
1384 1617 3293
5080 6071 3606
6564 8053 3688
6545 6102 3882
7094 6305 3284
4123 7875 3229
767 9210 2891
2059 137 4098
5603 2288 4802
7139 5092 2700
5253 3031 579
8044 5959 509
4710 9391 4402
8509 8111 4336
2201 9720 4574
8212 7989 1177
7668 5907 2451
4519 2322 1365
81 7063 631
9076 5927 333
6785 9950 1395
9747 8785 3830
3803 8621 3538
4515 568 506
6224 7847 1145
5001 6797 3538
3312 9570 307
4026 2657 719
4209 4049 456
3178 1457 4457
3111 9284 1959
3961 324 648
1777 1835 4165
4306 351 3281
5794 4122 4111
8712 5298 2811
8569 8161 2620
6087 2186 2372
5824 2514 4666
6433 1709 2815
1225 4529 1580
6751 9971 3748
4144 5676 3726
8573 3459 2600
1193 7423 4685
8949 3272 4110
7475 1458 1979
5376 5719 3256
6950 7078 2028
3331 8890 4712
5822 8801 3583
4101 1118 3801
8747 2307 2679
6341 752 1005
9830 9554 909
7080 2112 2161
6956 9875 2512
7709 6896 1378
9697 3210 3223
8792 4652 1126
7071 8605 2965
1915 7950 4833
7496 3133 3557
7887 9250 4967
796 1482 33
2148 8101 632
9940 952 2563
2084 147 1540
8847 7441 1302
1652 2107 1018
5985 1232 4687
679 4489 2883
6270 2810 2497
4434 6833 1499
2465 584 769
6401 5514 3482
6685 3556 1932
9857 3475 2891
597 8551 1276
4717 3090 1078
6279 2100 2647
3941 8822 749
4530 237 1926
879 8102 2572
5134 9753 4318
4650 1073 2242
2615 1004 1157
4638 8670 2438
3106 5677 404
7993 4587 3024
237 9834 1740
4042 3016 4223
886 9572 4629
9963 7628 201
2289 4341 2211
64 4952 1657
1409 394 99
7668 7933 789
9130 2849 1931
5382 3957 1059
8011 7777 1808
8020 7146 2905
5622 4214 3612
6518 1062 3585
2085 7271 2925
7795 3690 2766
5250 5078 4567
1748 4720 3836
1594 2944 3192
6656 7012 867
5563 4047 4753
3557 9455 1045
9948 4362 1469
7580 835 1138
1130 5664 483
1609 3402 2087
3646 4088 4665
828 7154 1292
7742 8840 2708
8261 2964 2360
7314 7752 1548
3526 9256 573
2156 9879 4946
711 3621 3686
1833 9838 899
2425 7235 2840
9821 3971 4648
5941 5161 3785
1434 4715 1481
1380 1467 3453
3063 2904 276
6415 5328 4900
1455 751 32
4523 4119 1554
6453 4115 1767
6427 4375 2377
4112 3444 1314
9231 6855 4819
1522 4143 1208
2560 122 462
7592 2461 1353
7232 6520 4098
3915 5228 1288
7566 8333 385
8311 7307 4468
5236 7903 872
923 9856 1789
3086 8854 3049
3572 647 117
714 9633 356
982 6930 1735
2302 5605 4215
6948 7796 3654
5418 4647 3298
6056 9036 3385
1975 7855 1358
9056 5063 3789
455 3953 2370
4492 6900 1775
3608 3011 2352
6202 5795 3385
8656 4670 533
5475 4860 3366
3288 5454 992
7627 5121 4056
3342 5137 557
8432 6003 887
8187 6486 4661
6334 5881 4640
5913 9501 3346
5360 6747 104
684 3746 1794
7335 5157 1258
2987 9328 3238
4457 8451 2100
2288 1446 72
9239 2617 1508
2095 5342 759
4351 5546 2893
7863 9631 3017
3243 7424 1069
3765 7940 3249
6770 738 2237
1148 4665 1180
7039 5028 1754
940 3029 3866
757 8931 635
3615 7973 1272
2931 9672 4584
2338 1996 133
3281 5926 1218
5101 3116 4966
2503 2722 4976
6050 539 713
5007 9302 3229
2180 9125 2133
419 7550 3544
9693 5380 1624
9887 891 4471
7665 8822 1741
4817 8172 3301
7502 393 413
7181 8286 1277
5090 4971 3271
7060 6424 3091
9954 5056 4604
3636 7068 40
9258 5067 1724
8487 6692 4142
2601 5832 135
8673 5357 2748
9490 2961 2738
6998 2706 4677
7810 3020 3089
6231 9266 1199
3452 2338 2683
7338 2602 3997
4014 4983 3383
8852 9924 1357
7759 898 2216
7659 2897 1577
3947 4150 2060
7052 6818 3259
1726 753 2896
1640 4886 4912
6329 1424 4480
789 6200 4205
6485 2765 4114
8993 6326 4260
8548 7714 1388
4453 4105 4949
4174 311 2014
5901 1366 4261
6999 5308 3417
1420 3760 2456
4474 770 4600
8851 3733 1928
1662 8920 2029
8920 453 994
6472 9491 1562
4388 7682 3448
9594 1116 1108
3333 8093 4046
9870 4058 4997
9028 38 746
2584 2620 228
1257 6316 1762
1569 8211 3007
2955 509 49
2511 3939 4751
1628 5960 1245
3543 1199 1597
3970 6471 1777
1090 4769 40
9726 9065 1454
1303 2751 3974
745 3007 2003
2002 8999 4873
6986 7928 1535
572 1841 1499
5696 9902 149
4012 1600 3740
7961 5246 3268
9425 225 64
93 1723 4767
1297 7584 3082
5615 3482 1427
4817 5061 4339
3906 4213 1792
8360 7880 932
6106 1191 2561
4664 8074 2495
7132 1888 931
7621 959 4526
7408 176 1093
7907 2304 4367
3053 543 2085
872 763 1945
8514 158 4468
3311 4637 4653
1868 2928 1679
2748 1855 3117
206 409 3070
9835 3517 1458
4346 1246 4476
3824 2274 2870
3062 7387 3149
2624 5913 1209
703 2687 724
3608 1830 809
7154 7656 4621
5674 4753 1357
8669 3524 1372
6328 8095 218
1663 1367 3285
7306 8282 908
1850 7094 3837
8798 6740 1112
9794 115 1471
5240 1570 2729
3093 8309 3253
4203 2773 3542
7248 3831 129
2795 2803 335
9394 4896 686
7918 5537 1710
379 4635 98
5914 3233 636
9966 8550 2303
1216 993 2808
450 7329 2641
5238 43 4323
4250 8221 2621
2683 8974 2386
6764 8018 3659
1020 3812 4068
8260 4104 3574
7406 9993 4032
811 113 4581
3722 388 3683
6434 4466 2410
660 5566 4178
3805 5274 2685
127 1379 4076
2677 7239 1369
7447 9747 3627
3971 2253 4494
3070 9252 212
1930 8964 1936
2137 178 2958
1768 1474 1292
1035 3166 2095
453 6998 1602
6280 8751 255
1195 9773 324
5961 482 1465
4961 679 3287
5157 1052 542
7685 4475 3889
1272 1453 3776
803 6436 2225
8859 5761 3604
9285 7137 4180
9111 6644 1600
1467 2679 2086
917 7337 4950
413 5044 2440
8896 1314 2019
8886 8539 987
9462 1023 1019
1635 4495 2747
6666 8189 3295
7614 7192 3409
1166 9575 2772
2117 4390 4625
6538 474 790
7928 639 4656
2511 1549 3686
6916 5020 2713
1230 7916 3824
657 2112 1250
3369 9095 35
4121 5734 1885
5002 7407 4136
2656 7215 3772
2227 5285 1554
2437 971 2895
9634 2991 4360
4387 8587 4621
9103 7770 1932
5910 8225 4087
2861 7513 1405
9956 3115 1761
5561 7743 131
2677 4176 246
3976 9426 4121
6568 6941 1602
9935 8659 2526
6293 4688 4373
4685 4367 1109
7453 4070 4797
9129 3809 2615
6437 5682 1073
3928 9876 635
9061 9058 3411
7437 6639 1361
2548 7754 2040
5463 3698 1923
5107 48 3199
2589 926 855
6734 6948 1593
4027 4426 485
1911 4289 1092
1505 6134 3264
3215 4184 2813
2900 6809 1735
6572 2807 4327
9119 6874 1491
3557 3194 2986
7526 526 2321
4520 4363 2981
5948 1920 2511
3332 4438 2380
2413 1377 635
1724 7654 2782
4344 9434 2171
4800 9300 2724
7832 4732 1366
1327 9080 4354
4903 2943 2460
6202 3893 4143
1796 6014 612
2644 1822 1008
6682 4474 4024
2844 4123 3174
4723 2916 4806
9768 8210 3623
2843 4148 3613
3347 5295 1757
8655 8123 3070
9337 1937 2951
3929 34 501
7613 5178 977
4277 6038 617
8667 3608 2278
7866 9319 1454
3843 798 2783
7627 9137 1406
4261 5313 1611
1248 421 4122
1503 2298 2057
6627 4912 1955
7838 8766 3146
2752 5055 1685
777 1163 2201
6811 217 3488
6893 9672 3189
1871 433 3094
9747 6770 1986
7305 5071 4974
1678 2409 524
8501 8045 4897
605 6320 2771
146 6958 636
4362 7172 685
5734 9524 74
1677 1760 1350
5217 36 1137
3129 1333 3403
722 26 2084
863 3067 3938
2704 9140 4433
6809 8379 1859
2189 1848 1415
984 9079 3204
1309 4329 4490
4839 2310 3047
601 7570 3237
6237 9904 3709
8278 4280 1343
531 1010 553
4684 1388 2280
4418 2235 2109
6426 226 3897
3650 8000 1390
4041 8736 3467
1109 5799 4742
6032 2779 4251
5276 9813 4913
4477 7486 2652
7709 7156 1748
8024 9974 4128
2792 9716 1882
470 5570 2576
8174 7829 4709
7687 9843 4380
3423 6388 3634
7119 259 3843
5109 1633 331
6045 9611 1790
9916 4466 4387
1693 5184 37
4599 3766 4668
912 3872 2794
7104 416 1093
8695 5825 4519
6714 6276 3486
247 6867 1733
5852 5034 3834
6435 280 3983
5351 1341 1405
1426 932 726
8198 4767 1062
6380 2706 1121
6220 5092 2341
1700 8624 192
2140 4545 2829
9542 4806 499
8220 5718 4969
3836 5269 3321
6119 3938 2756
2580 4528 2001
7710 7424 4840
5420 623 3664
6837 5939 2644
7516 3661 3981
4128 9177 2889
2534 5410 623
2792 2794 2712
9024 4758 3435
7503 9708 421
1348 8057 2660
2783 2585 3935
9649 2869 2243
9217 7014 2685
2655 3424 3256
8132 4174 4791
9236 864 1165
986 3671 4236
5561 4410 312
7170 15 483
9179 4296 735
5611 9344 673
2111 4634 1176
6796 9244 2621
7696 5245 1814
8902 5582 567
3304 9965 3950
6145 4057 2734
2638 4658 3418
1152 5116 1072
7116 2745 179
4442 975 4188
5802 2305 184
6518 4031 1676
4316 6678 625
1129 8637 4906
8162 8611 4064
3094 7353 1180
8540 2941 3133
5723 9883 1545
3580 8316 337
4699 1677 541
7880 1393 3151
790 4017 1658
3791 1001 4134
6122 4782 2305
1422 8669 2469
4092 6875 3522
888 2961 131
9910 3263 715
3645 7720 4533
8852 791 1298
1094 514 4755
3936 6807 3978
6769 8170 3750
7598 7453 1968
6816 5604 3737
6184 5097 2926
5711 4895 2711
953 3408 2050
8261 1815 2711
4097 3310 2935
1819 1767 414
2289 6255 1674
9407 5163 3044
3365 3850 404
8804 2216 1575
4087 3089 674
3371 5983 573
5100 8520 2580
5510 466 3806
374 2347 3085
4102 284 3541
2271 6923 117
6316 7209 2306
1738 5240 1011
4865 5008 4154
7823 7159 1288
1759 6882 2341
9215 4008 2089
2225 7424 4743
7431 4083 447
2855 9554 2310
879 7156 4644
5360 7831 1384
5650 2748 276
2583 3750 2960
8310 3379 3719
7570 1829 1318
6131 8948 1481
8798 4333 4348
9164 9872 694
9695 9657 2459
9885 5869 677
6292 5469 4771
1101 9567 2264
5137 6448 2402
4891 7087 2060
5266 2365 1952
9571 96 248
4224 1188 3035
2783 4966 1280
8623 6155 4060
8820 5987 2706
4188 8088 77
1132 8226 4817
7699 7996 4908
5679 738 1024
4935 6156 3699
712 3743 3470
8029 2347 2816
728 2100 4125
456 938 2537
1256 7560 3962
531 8114 1977
4421 6936 352
4066 1734 3389
1601 3630 2442
206 7984 4813
2089 1438 3157
4394 5735 3944
5302 2907 3997
5657 4728 1468
8238 3296 1029
9200 6547 4014
8226 5545 740
5817 855 3465
6410 8537 4163
1150 5693 2938
7669 1799 2664
5976 6813 3412
1326 6903 3397
9169 9539 2471
706 9267 1963
6890 3915 3179
4110 6673 116
5597 9317 3036
5137 1956 3386
1909 1175 1795
3392 9617 2738
6804 3078 1535
2157 4272 3043
1222 8368 1218
6114 6470 4973
6620 1103 4862
2107 1335 1191
7039 9298 3695
5110 9142 3178
9498 7964 4534
4983 8611 3947
9356 8314 4969
6690 3247 699
9365 6960 1839
957 5693 1328
8104 834 2129
3356 6368 4676
3001 2956 2848
9230 1287 3457
4103 2181 1926
70 1974 1099
7908 4613 3321
9607 163 907
7993 6397 1670
1768 9927 742
9349 8231 3484
3993 7646 140
8587 5944 2834
3706 6362 37
6882 2456 1424
3156 197 3386
3089 5706 3418
7707 3376 2891
8033 7451 3062
6415 4740 1362
9961 8533 2535
1063 30 2441
137 578 1779
2610 7680 1665
302 3571 1045
5055 8581 1427
7282 4990 3121
3391 5322 1044
3756 5595 3385
1324 1899 4562
8435 2478 106
3978 8848 28
7033 9546 2700
8283 6767 1137
1099 9210 2744
3274 1049 844
1538 2680 4117
1287 7645 3969
9877 491 1713
6411 6945 3154
6442 3744 3214
4976 7866 1436
8308 1206 2018
2594 6785 2674
9527 8444 2293
5509 166 1577
3294 8050 404
2834 9850 2279
505 3685 4019
5918 3583 2827
3242 1763 1646
2544 4111 2810
2066 7343 2704
6792 7399 804
9536 5608 389
4088 893 3025
6599 8213 3726
9100 1009 3737
1098 2061 3261
5402 2486 2327
4785 8877 4945
1183 8200 2913
2621 9820 4140
3898 8317 4119
2772 65 605
5374 1979 2266
9619 7648 3619
8137 6777 2198
9410 1462 2016
6552 1390 3345
5767 7216 3391
5675 2255 4163
2728 2193 3169
1778 9297 2686
4405 9233 195
2146 9219 2498
9206 4317 4755
4857 3108 2098
5240 7504 3935
6705 6473 630
3894 8885 4392
7158 5623 2785
269 556 4773
1481 6021 4869
5679 6558 3634
8447 3072 1161
3412 9245 2987
9685 3084 3143
250 1917 4745
4665 1424 1264
7531 502 3401
6272 1737 4604
5360 3764 3357
562 8700 4037
8763 681 3591
2225 11 1146
476 3661 1759
9020 8996 821
1092 2587 94
9467 6994 3245
7810 7022 1801
7256 2685 143
3266 7271 1832
4837 4099 4123
3666 6149 2963
6889 7913 8
7536 1648 4746
41 5693 3323
5340 8034 2352
3175 9649 3343
8013 7836 279
5204 4270 3204
7382 3296 4924
3997 1243 3216
4116 9781 47
9672 5598 2217
6974 9007 4364
8112 3949 411
5796 8478 4118
7024 8745 1021
952 2635 2708
3479 1548 1120
9663 2885 3461
6874 2093 2591
4458 8115 4165
797 535 4617
5370 8448 424
5011 231 743
4814 6325 1001
5168 9967 3825
212 669 210
1152 9501 456
572 7385 1718
8504 8297 2624
4221 6430 3613
3797 5063 4065
4637 3997 3293
9379 3800 4701
531 9084 4952
4526 1714 1726
1758 9410 4352
5209 9424 3097
8156 1108 4290
3588 2350 895
3295 217 2869
4813 2061 4437
4147 2869 2937
1110 1696 710
9550 685 1609
5789 9849 2460
235 9467 2407
2720 9460 2316
1033 2972 2569
9252 7347 4831
595 3739 1143
4045 9139 4443
7334 6860 3836
6376 7048 298
6344 2708 4290
9457 5245 582
3309 5074 137
3480 9243 3854
9013 3569 4373
7555 4698 2378
3185 349 4326
1637 8364 1611
6675 3912 1320
9313 3350 3668
139 2955 3153
6256 3970 4177
2733 72 3866
2005 5705 2531
9162 1308 4514
5336 1920 1823
3657 1727 637
7698 8345 3400
925 5588 3586
7357 6651 3706
8082 1171 4858
2237 9153 4528
9941 2208 274
3730 967 1279
8694 7273 2619
7173 4420 275
5857 8249 1522
3903 211 1714
6842 212 3098
7174 8008 4341
7899 1814 4872
2781 4362 4892
7735 2866 3097
5302 5596 3813
1050 3102 3317
4617 9440 3394
7809 4239 2978
1552 5065 2592
3749 7415 2920
2911 5823 3633
4922 4868 4246
8713 2395 2648
2285 6869 4945
9395 795 922
8529 5985 854
1687 1838 2578
7090 7804 2046
3804 8903 2821
1221 5239 3768
7009 4699 3445
8100 607 3017
987 6778 4359
151 9969 4462
3314 8257 1717
1109 9550 1830
4246 7109 2652
991 2907 3973
5243 8341 3509
845 4073 2452
5637 6173 1661
3949 3384 4428
9471 2469 2001
4925 5891 1134
4569 5259 3704
878 5554 632
5190 5525 3855
8691 2186 3297
3151 8772 4456
123 3318 1362
4412 2381 3801
1452 6185 902
8607 6384 1317
8376 6190 4752
7580 4111 3944
6847 2946 1767
7690 402 1714
9117 5644 2287
7693 9179 3637
3037 6770 4314
1572 9351 1551
2012 2539 1466
9370 4596 740
2878 3652 1143
8362 15 3210
3038 5710 1972
9498 4107 777
8221 5906 2250
5598 6030 2280
1055 8833 1346
5214 8827 4341
3916 1401 2141
58 838 1903
5687 6591 1841
458 3326 1299
8275 2468 3532
7779 3125 2674
4960 148 2527
7319 9495 4479
6230 5902 3630
1642 6989 4127
9571 7154 1141
1513 3189 1211
6007 977 4297
6845 2828 4423
6681 8785 2571
6323 4786 1723
4883 7180 3168
828 8582 4410
2864 3455 167
9447 2785 2962
8919 7198 1451
8530 9797 2372
6472 7648 1749
6437 3429 640
6498 3315 2000
269 9078 2405
6347 686 845
7685 2583 3229
2494 8423 117
3860 3399 3320
5105 9972 403
8447 4652 4093
4608 9354 662
1479 7096 1963
4163 3646 284
3747 1556 501
1604 6360 3376
3848 6149 3536
2931 2354 4294
4491 5944 2607
5013 1185 2377
43 8739 2714
7433 6199 1248
2667 9419 2884
1244 1705 16
8379 5115 4318
6995 1307 299
6269 6792 359
985 2992 3191
100 4852 3432
9685 288 852
7244 4290 2749
3264 8374 868
6221 2197 2559
4545 1189 196
6822 6371 4028
8940 8918 2359
5233 7710 1810
2416 1247 3528
5720 917 1456
4486 2504 1733
8598 9375 1598
5677 4359 2083
229 7551 625
1108 250 3802
2810 8451 3071
392 2767 1998
418 5669 250
6973 7106 3642
1544 4138 4431
5567 3833 1822
3263 1999 4093
1320 4173 3729
9419 5190 2924
4185 1081 1399
9222 9050 1359
4795 9486 1457
2565 94 1474
8317 8992 592
5841 2965 390
8339 9609 2902
2272 1813 3609
6430 8970 30
1969 2587 3417
9949 7046 1362
5474 745 2684
934 7818 1868
2226 4563 4917
1038 3795 4922
4838 3909 444
4047 2765 2994
750 2758 3985
4105 9836 3256
2489 3927 4597
3774 8287 2308
4844 774 1901
7894 6438 2907
4208 3448 4884
9568 9697 2180
2529 9210 2920
8594 313 1566
3682 430 4283
6731 4172 787
4710 9119 3371
4027 2097 4840
766 8443 2616
333 5450 469
4462 8374 4060
1733 5481 4789
454 5160 966
9127 2052 1732
7645 7999 1396
1716 972 426
7918 4147 2367
4213 7709 4690
3792 9306 879
1175 7727 1023
7936 4119 81
484 3283 2099
5841 6463 4325
8259 4539 4342
6490 5399 3988
3409 7845 2407
4556 9811 3100
6633 6177 41
7249 2213 1796
6451 6200 476
4787 7699 2158
1696 2424 55
9147 1730 4451
25 3161 3575
8466 9735 1727
8209 2520 2913
2175 8740 4798
4620 77 2508
3538 9516 2024
5980 1916 3295
298 2240 3244
9956 5383 3958
7227 6118 1085
7054 6860 4593
4745 9157 421
3555 1616 3501
3216 6559 3850
8572 1138 3768
5162 2448 2144
9068 1098 2036
5542 3999 3994
6315 4384 1284
9991 8440 1885
3607 187 1714
5863 3937 4911
6007 2222 3254
684 8551 4402
5664 3083 1482
9831 9156 3834
3878 4755 248
1523 1377 2081
9869 8009 2496
7459 5391 2231
8019 3304 3683
7589 605 2257
9641 652 4718
6832 7517 4375
1111 9882 2540
5973 6379 2756
9420 7852 3693
3817 9987 3154
1541 513 1644
4109 347 2811
7702 3368 3289
8870 9511 792
838 8501 166
4806 1794 4071
5140 7033 2277
3515 519 3882
2646 1705 4120
8294 7476 3719
1119 6952 4721
9636 1652 3172
5247 8295 3790
2966 3794 3361
4050 5049 575
1945 525 2161
8815 5436 3602
9108 6874 3681
1808 2382 3155
5368 7816 1310
8998 1092 4533
2352 9614 964
2723 8037 4606
8749 8337 3007
2696 4231 4731
9543 1048 3313
423 8680 2394
1637 5696 4590
5484 6027 1584
7621 3717 506
4556 3514 3734
6821 3329 1016
8677 5257 3019
9264 6611 4048
357 8078 1010
7130 4185 2092
8969 1564 2220
5004 37 40
968 4452 297
7283 6055 3362
739 2441 1954
2015 834 3464
5117 661 3642
9949 7967 1302
9573 6735 4294
2643 2891 4603
8246 5409 2503
2520 7429 1689
4380 4237 4823
7953 9432 4909
2444 6141 942
9774 7871 1597
6734 6682 2636
4519 7296 3001
8335 7560 4590
3987 7935 549
980 5285 1537
9616 2340 2905
9668 903 3524
8119 7529 987
9146 5305 1598
6574 33 876
7790 4742 1839
328 4213 502
2585 5737 3089
964 765 2405
1981 3292 816
6701 6501 4049
7616 5769 1210
7869 9 3587
1810 2551 3670
9431 7679 841
7193 7044 1745
5337 151 3363
4843 2923 3757
2576 9330 4977
385 4818 1726
8384 8974 825
7980 6671 3784
6514 2219 1376
7182 567 1179
5697 5111 2020
1177 6492 1902
9413 1093 2610
8360 5062 3449
4468 7905 1034
5496 6857 444
4632 6290 3829
8394 2581 368
3345 7140 176
6402 1761 2624
5749 537 1514
6436 1059 1947
4216 483 3861
3709 1533 1107
2535 908 3539
6289 7193 3568
6651 5291 2347
69 5313 1920
2928 4550 1285
1866 6748 4631
4547 3625 2744
3664 2730 4101
7116 1200 3821
9013 197 2996
9077 1110 1965
8508 524 2728
7423 3675 1531
1896 3663 3098
7267 9140 4589
6305 4859 2924
5443 6099 1093
6697 1805 2583
1952 494 3609
182 5698 2994
8154 137 2984
2563 6119 296
9209 6528 4355
8072 4373 2370
1517 2075 1565
5630 9612 4773
8948 9655 3556
2839 5209 4599
6506 9776 1233
6539 4038 2570
7059 408 287
6273 3065 2743
5666 1030 3000
1431 7906 4812
7319 5951 619
9585 3289 3889
8535 4103 4817
5481 3569 549
2828 7443 1622
4376 4115 2739
8682 325 542
8069 6932 1307
1834 3233 2203
6830 1461 3250
4542 6171 631
5240 2436 3536
5494 4067 1239
2312 2089 2144
7367 641 4179
1552 39 879
4419 8651 886
2749 9549 3627
1184 9148 4385
4464 713 4552
9848 4113 2018
7330 4948 4537
1956 2224 3292
8443 1801 3994
9854 4091 68
232 8539 149
5302 8437 4439
9711 9961 98
5401 8320 343
8953 1978 2194
263 3155 1775
4630 412 2785
546 9058 921
790 5555 3086
3626 5591 4246
7079 9688 4836
623 3020 866
3865 1122 797
6732 6796 4657
4971 6848 181
2246 1230 1317
4761 7047 3671
6914 4231 1182
8285 1880 1221
5680 9273 4291
3115 6496 1301
844 7488 2192
8343 9175 2159
9581 5259 4906
1226 2820 3185
73 9481 1218
7 4009 1836
1294 4255 3545
6052 6836 2900
8117 1965 3438
6401 5806 4023
8393 1581 1730
371 4676 4708
5658 939 2484
3852 8213 4668
6489 4762 823
6519 4434 2882
646 8656 3159
2362 9233 2646
3113 2132 1042
3704 376 3865
2420 4443 4527
8015 6316 2087
1540 3053 3386
1617 3564 4658
5964 5948 4015
4117 5252 4458
6502 1942 4129
218 5290 4129
3278 9447 2011
5116 592 4245
3592 6045 2223
4575 2306 3882
8437 8690 2891
9250 8941 4178
2047 9658 1409
248 7100 3139
6109 6240 1607
2912 6069 4899
6795 2327 3756
7136 2674 1138
3932 6788 4415
3865 1358 1426
7700 5578 1890
4166 2011 4362
3372 9950 2822
5557 7705 4596
536 2637 1100
8420 290 721
7444 8145 661
438 6889 1065
9241 4852 2973
290 2187 3167
9361 4690 2192
7451 3657 2989
3498 4547 783
4618 4042 600
502 3554 1526
3904 2026 4331
7064 6995 3840
9389 818 3478
6914 7968 2106
7711 7898 1113
847 1598 652
1007 4837 13
9032 3775 4173
4101 4045 3837
9139 2841 3230
292 1391 4475
7323 7680 3897
5665 3632 1544
4628 2334 1092
5316 3469 4846
3702 2124 1098
4320 2099 2950
8069 7813 3695
2973 7470 3738
4132 5932 3653
5555 784 1351
1747 8538 4306
5640 3058 764
1635 4619 4312
5062 7077 286
3723 6200 1554
8703 3773 4772
6491 8752 4008
8880 8282 2440
2889 259 2338
7571 5426 4816
9182 4040 3019
8240 9733 2549
7324 7779 459
6280 9440 2003
9662 2910 4311
5576 3954 1072
894 2461 2599
5087 6673 666
6876 7769 4851
4748 6742 3647
7409 8607 560
8516 9330 4234
7119 3526 3394
1284 3683 4704
5334 4760 2688
9597 2212 530
1880 9179 2747
7179 2833 1882
5442 846 716
4600 7546 1752
8099 7985 4678
6922 2255 3286
3222 8276 4780
6210 5784 2393
9219 8084 3808
9342 1407 3922
9076 2518 1108
333 720 4507
2020 380 248
1596 4186 1458
8267 6681 3410
9767 945 3237
2985 5238 703
5272 8002 2649
9603 5573 883
4151 9546 351
9257 6513 3648
1608 229 4189
129 25 2173
5784 8435 3963
3004 4471 1284
2858 7926 2401
9652 6456 3470
5727 2105 2437
8458 3250 368
5657 1883 3741
2036 9606 3808
2544 5437 524
2949 3557 2098
3369 3850 2684
3801 7078 3796
6113 7331 3966
8154 7279 1743
4107 2131 3179
5485 8716 3950
5286 787 1695
1140 148 2454
9671 7169 4910
1509 4206 9
7705 7821 615
2987 8355 245
6765 1398 4723
9770 577 3944
4328 6460 3220
6755 9899 4076
4472 7775 1242
1476 7527 981
2789 4748 1887
6033 6390 3467
8199 4013 414
3572 2517 2853
3231 6338 4693
6090 2365 2969
5339 8716 3650
6221 8021 1695
5245 172 3888
9178 1533 454
8179 2881 4282
3669 9754 2438
7557 6324 2196
6802 1179 1503
6207 1444 2133
9984 9953 1677
6633 3875 880
9389 6469 1443
7231 5468 3232
4884 4188 1827
9504 626 4777
5216 1042 4958
5519 6442 3285
3566 270 506
6453 3290 3196
2377 1935 441
5876 1265 3186
4243 925 3649
8362 7574 455
4922 8215 886
1481 3350 2982
3201 7805 2019
9901 6809 2990
2622 7909 1337
9759 5192 4758
8914 6431 3610
7549 7681 502
5482 5907 2443
8467 9711 4791
605 7769 731
2984 9630 4958
6294 9977 4927
1574 5335 2396
8996 2999 3918
155 813 1043
9402 4051 1777
1718 3475 1055
6407 8344 4686
3195 7716 2145
6892 322 1283
1054 4091 3560
8929 8777 2353
1240 5893 4094
7897 1369 1110
9953 1104 4312
4356 2830 3068
1034 9673 2894
6777 1392 3875
7139 5973 2753
9141 9830 1283
2541 3606 3020
5923 2124 4480
5294 9115 4017
423 7162 1598
94 2479 1212
8961 2905 4984
3650 3859 2924
2354 8899 3595
8636 8156 851
6136 3176 2874
9807 6716 2461
7936 2566 3364
8622 5075 4087
4359 6756 2270
5897 5258 278
7452 2472 4260
4020 1682 81
2013 9021 2896
807 8623 4476
804 8844 3934
5178 6604 2544
5744 418 2773
8895 1820 99
5243 8679 87
1783 24 4605
9110 6888 3986
9740 8058 2130
4155 8184 3566
1300 9638 1738
7316 8706 4490
6992 6175 1589
6293 4844 3184
5414 3968 1797
3833 4920 3639
7252 4530 4703
6691 3749 1628
7856 9456 1212
2559 7051 1395
8224 1875 609
5651 8 1486
3581 7944 2378
3387 9001 4086
4012 4723 2566
823 5294 1349
1889 9835 2374
142 5234 32
4136 7753 1070
6827 432 3918
9235 6997 1343
9751 1245 2210
5822 9625 3988
7387 3870 3357
6187 263 4687
8726 5195 4757
1881 9936 4561
1525 7193 2442
7941 3798 3186
7140 5977 1680
7228 8662 4319
5735 8584 3690
4906 8289 4880
5674 5934 3709
1908 4009 928
8769 4147 2150
4324 9845 3198
1057 7129 1992
9248 5245 1484
5553 7846 2056
7822 7810 3960
4549 3883 3593
2585 1300 1161
3641 8316 2246
8441 7456 3641
6048 6283 596
1333 8983 4611
8505 7685 2721
6116 8073 4855
8812 3619 1040
3070 9742 332
466 978 2652
9653 201 2619
4696 5745 929
7178 3770 3112
5277 9019 2985
4659 531 2643
9294 1100 4683
3671 4542 2482
3029 4758 3349
2059 7689 845
2207 3087 4998
3838 4046 454
6658 5508 1940
3312 6092 1596
6036 7738 2571
9589 8875 165
9344 6487 1282
8253 3045 984
9738 6608 1
8607 8029 4589
8008 5328 3856
8261 9044 1199
7800 3118 3810
6961 4055 389
9633 7681 3733
3596 9519 4223
4051 7165 3153
6748 446 4664
8184 9328 4085
8245 5339 2745
182 905 2395
4545 5960 380
7269 2301 4921
6549 2573 4996
445 1338 142
7232 3789 1491
2417 6631 2914
2420 7350 4234
2594 5662 2373
6321 3892 129
5448 4985 643
5754 6969 4095
1983 1108 3759
7242 5234 1666
9569 9029 3624
2696 4554 2587
9070 1483 4836
9061 7542 281
8290 8205 2492
117 8107 2698
5167 3284 4511
36 5973 1604
6420 5549 3910
2325 7166 4273
3554 6077 273
7429 393 2861
1344 3111 373
6696 9928 3404
7347 2976 532
2105 8761 875
5203 6359 4486
3970 9056 3686
460 3000 3961
8531 5465 1839
7369 9325 4561
2549 1829 2366
9396 2795 2541
1383 3648 3876
1694 7855 1978
41 6981 1575
9279 579 4336
6094 8694 1768
546 6684 4582
4273 8222 1673
6964 8452 1013
6936 7258 1327
3259 8777 3234
6972 5504 3390
752 6538 3890
7876 6084 2867
9242 5828 3678
3989 5359 2381
1646 49 2609
7240 7887 1072
5796 195 2406
640 2930 2689
8735 8227 4491
1059 422 4429
5245 5330 4331
7332 2478 1731
5613 7936 4128
4783 5894 3872
2440 761 4313
348 2505 2361
1870 268 2346
1403 6059 486
7649 4963 4751
4009 1915 3327
6209 225 4285
1947 7014 939
1408 5624 3005
6265 7155 732
3784 4661 137
4513 7216 2919
737 689 340
5109 5500 4522
4929 555 4537
9620 2257 1066
7824 378 3328
9350 608 3150
5081 9944 2522
3964 5440 3581
5706 8293 334
3690 6451 1730
9214 3564 3306
4798 7982 1148
2699 4987 2973
5328 8355 797
7938 628 4293
3619 3861 2863
1058 4862 1508
4270 4458 3334
6576 4059 4977
577 665 286
4257 5848 1735
9694 8991 149
4476 9013 4455
6834 8123 1358
5180 1711 2471
167 9426 3085
1793 7168 418
9250 9495 4113
7337 3453 603
8156 227 4834
8209 1895 3261
6656 8737 4596
1681 3651 146
3765 8938 2409
6221 9875 890
2959 9003 786
5977 895 829
6242 4135 2667
4278 6698 3155
2514 6057 3598
3795 1830 1269
5720 3588 3455
1769 2084 3616
6593 9723 4101
7412 6466 1411
2650 9568 2906
8162 9574 2532
8000 4589 2981
608 9099 491
9241 8283 3698
1961 7638 1897
3612 1467 2760
8127 1540 3476
603 4550 1414
6269 1351 2172
4136 7336 718
6838 5455 303
4340 4300 859
6061 3036 3524
4280 4651 2827
8195 2350 4912
6784 9765 2342
6047 4209 708
9393 1876 1796
7584 9137 365
4166 9747 4146
7947 7021 1107
342 9878 1552
8971 3151 3640
4039 9735 3213
5329 2699 2560
2844 7786 3416
39 7960 2305
1983 5095 3577
4284 4427 28
2791 7132 1016
3118 5772 1567
4627 2538 2667
5787 5594 3158
1414 9125 1618
2349 7049 1249
1446 3404 4370
4191 2013 2950
5647 1186 73
9431 5760 2238
2171 5931 1159
7884 5558 55
6025 6585 4434
8246 1011 4183
4487 8611 1409
216 7186 1281
7713 1176 1240
6410 3082 1684
5027 534 1511
3471 8007 4338
1725 4067 1241
6663 7698 1298
7394 4054 1998
2533 6708 1028
7353 7326 3519
7192 4774 3559
5500 8300 4168
2025 9513 2400
6304 8805 3657
7500 4820 4781
2474 9423 2372
4398 9946 1589
1194 3297 3417
8011 5678 4055
2572 6607 3350
8267 4270 4945
74 5412 1884
6624 6925 3598
8214 3428 1530
520 3135 620
6501 2022 1691
1758 7924 3688
9779 242 2798
3986 4954 338
3397 9086 4375
3630 3103 1636
1668 5224 786
8390 257 864
6521 6599 2291
8856 185 1291
4088 6936 1108
8810 955 977
9781 3638 4103
8659 5986 1589
1179 1807 2897
4522 3948 4616
7930 8915 773
5889 7941 2016
4261 1418 2602
9499 1383 177
6186 6984 101
8193 6885 1503
3861 6226 2894
976 4746 3254
620 2312 3362
2860 2351 2548
8101 9047 4958
2159 2369 2760
1716 9015 1200
6983 1626 2005
5527 706 3407
2054 1065 495
8673 4736 272
1267 5293 3933
9534 8133 145
6466 2227 4289
1053 608 4624
7825 5796 1507
6924 8699 3242
6855 6130 407
8739 3513 3431
9049 1522 3206
9128 2686 932
4766 687 3626
3703 7717 1606
883 8609 3715
1355 4596 1620
9479 293 1598
164 9875 1271
428 852 2796
6408 2901 3259
648 7903 60
2904 4661 4035
4676 8415 2674
7354 8575 4377
8677 2814 518
3785 2756 3784
3742 8731 961
5409 2852 1251
9765 3394 1417
2214 9419 3716
2861 5373 2097
609 1837 2431
9710 4076 4512
4845 8016 3014
4778 3845 699
8288 8798 3292
5100 5914 4917
4395 7446 4474
853 940 3896
9404 2845 2209
7020 3550 3276
6735 9808 4287
3967 7832 2871
5889 5988 140
4589 5508 4458
3997 8841 4038
5912 633 112
8188 7614 257
9520 888 1543
1893 7271 1187
1556 1274 1860
5940 9626 4099
38 4632 1581
3432 3874 902
6140 6891 4757
6889 4335 151
1892 798 684
5118 6647 254
1484 3275 1711
5355 3040 59
7123 2725 1427
6278 893 4646
3392 1265 3177
4527 2137 3165
6530 3714 1894
1916 6211 775
4797 859 4504
2558 3117 864
127 1045 3895
1404 7354 992
9864 9536 2418
5184 7620 2049
756 5479 903
9891 9382 2966
472 9078 603
9797 190 47
5451 6767 3613
3813 5867 1289
6835 3700 2989
9799 6047 713
7730 7081 1955
5922 2983 2161
1792 3929 231
2458 3042 4320
6166 7846 802
890 6502 3394
5349 6937 178
2761 4830 4761
2746 3166 3001
7303 7213 3636
4711 1329 2466
9502 718 3009
7713 1400 4083
5523 3139 1239
2105 8126 4041
5699 2674 3226
1999 5175 4317
7611 8562 4294
9744 1889 3286
9074 4084 809
7820 1734 2599
1856 1533 547
4228 2662 2156
1900 2575 2399
8204 5107 2985
5002 6823 3602
3552 1218 1671
7269 1218 3850
4320 1514 4698
8 6715 3296
9783 5262 2542
5201 876 4447
5765 7792 41
3146 4164 61
2002 1487 4039
6607 1463 3781
473 6339 855
3379 602 929
1696 2059 3703
3493 8720 1816
1482 8558 720
7455 2659 243
4004 5208 3852
9619 6237 2930
6912 4252 101
502 1042 4668
1045 5196 2382
2127 6534 469
7171 9059 1217
4766 1230 1008
6900 4590 1686
4443 2826 2482
1142 2000 2077
7750 5195 2390
6484 7151 1184
4501 8653 1195
2079 3749 512
6970 4814 1035
1200 1298 3463
8375 4287 3280
898 3675 4248
9791 5696 802
5536 2438 1951
4572 6923 3203
5219 2406 530
8114 4696 3480
4212 5320 1543
3827 1614 3549
4429 9510 2577
156 7047 277
5301 4718 848
1574 3492 3898
1707 3666 2381
6967 3966 862
194 8132 4451
9807 745 3962
8774 7016 4724
5263 7419 3079
876 1826 4567
8632 3726 113
4493 1744 2644
4559 4644 4002
5020 8164 1970
3901 4382 1826
6080 9973 3841
4073 7078 4940
7828 564 769
6988 8224 2952
2559 5944 1978
1253 7924 2620
799 4163 34
9232 3510 3882
303 1353 947
8492 5365 3260
9126 9376 3668
4401 292 2937
2771 9251 175
5366 5804 267
9813 5736 3958
9347 2509 4114
1104 8693 2187
7322 2511 3200
6524 8279 407
6499 3366 4968
9922 2816 2360
1260 6979 778
1480 9778 2838
4413 577 3124
2908 7994 4201
424 8364 4365
883 6451 4115
3299 1458 1006
2459 1929 3772
9544 5443 4938
2286 9083 1217
2624 3435 1978
1332 3037 2698
6392 7963 4083
2244 5672 19
3509 8504 2819
7027 2019 3479
2864 7544 952
4279 1506 1553
4575 2858 4070
8102 3090 1180
3302 5169 4030
3809 8029 2084
2947 1658 2536
2474 194 4991
4139 3033 285
7197 9730 1954
7883 4274 917
6055 8326 3731
1073 4710 1176
5609 825 2698
9282 2227 2704
3706 35 4708
5966 5880 4485
8055 8099 4980
9943 3665 3239
4839 2984 4003
3454 7542 4793
5705 7435 1221
3645 8529 816
6918 1170 1046
9551 2434 697
3921 5253 850
1670 1206 1961
3399 831 876
481 7789 2689
3075 6110 364
2918 4262 3318
9449 4569 4304
4724 1697 1397
3459 2284 1034
2971 3737 1394
546 9137 3966
4084 8580 2636
7774 970 4715
4987 3394 4791
1717 4072 3933
195 8630 2894
9205 7202 4254
3360 7859 1389
2029 3689 915
6950 9074 1523
2302 6156 444
8451 106 4883
3426 7313 554
6101 1748 1900
1220 7358 4452
4941 4422 4904
8920 9160 2019
8852 51 1617
7278 4559 3586
3789 8908 1011
1568 3659 1712
7297 1002 2050
9418 4367 3242
2769 5016 3001
5130 5055 256
7202 7999 125
254 5257 1906
5833 5274 4160
8499 2132 1675
4322 9040 829
2036 8375 225
9099 2935 4626
3806 8478 2638
949 2232 4383
4592 8063 3943
9692 9065 1360
5580 8445 3984
5801 3591 3806
1149 6080 3492
4829 1643 2631
3847 3544 273
7311 264 3124
6733 6817 4043
997 6579 1747
3816 1484 819
9389 1131 3529
1528 1709 4836
5445 5520 1805
418 9747 2007
8029 3367 935
3118 4188 468
3774 7989 4038
1264 7643 69
3521 7956 4688
3460 450 3393
1597 8822 4758
2246 833 120
4698 6079 4239
2123 738 3907
2357 1581 3205
2990 4428 3677
4891 2080 2446
7071 9156 2212
7834 3994 1208
5901 5263 497
6956 5381 1102
9429 9927 198
5493 3585 3151
7227 1960 1060
396 7377 1302
560 5662 3906
8990 9917 186
3836 5140 2629
183 8800 809
9312 9903 3395
8840 4309 2275
5272 7134 2676
7318 8824 651
7327 4317 2412
3038 550 2578
4264 909 2962
1391 6060 2670
6878 7935 2299
157 9240 1428
794 1917 3225
8166 5176 4927
9777 3976 291
393 1172 1836
4218 1285 2484
545 5719 4415
854 6350 3922
313 9353 592
4175 4452 3551
5887 5068 4253
4216 91 402
222 658 2407
612 368 2400
6755 4175 2940
4127 7568 3155
8657 3457 2423
8773 7220 2876
2791 5919 3329
310 4621 4519
9518 9912 1164
4620 6493 3482
2204 5181 3634
6914 991 682
3152 8689 324
7708 9870 2715
1296 1461 4155
1836 2795 875
6292 5781 1450
6109 981 4562
1925 6031 4638
5405 9857 185
5050 3936 892
5541 352 3598
1157 8147 2104
1165 7091 2249
7881 7933 3173
3091 1663 327
3747 2560 2028
1992 9567 3757
6586 7730 475
2656 5934 2518
6156 1632 3386
8354 4161 2397
4555 6221 4864
6871 4634 2994
8275 9944 1475
4117 5051 689
8884 3734 1518
8331 1102 722
3966 7273 1041
4454 4571 4040
9759 2574 4738
7496 5318 4708
1512 4360 2453
8687 9424 2505
327 81 4706
5071 6299 2784
8919 4179 3320
3844 9503 1268
4738 9180 4122
8099 9177 150
7808 3996 3920
6509 7820 3425
4172 9374 3851
3371 7418 4352
741 5269 2034
4492 2425 2873
1827 9222 817
8814 7447 1005
6937 2077 4410
9365 7313 2512
7234 7130 3750
7086 6964 3280
939 1337 4820
1974 9853 1555
5976 2681 3118
4147 2067 2806
9451 3450 928
7345 7130 4747
8130 253 4350
5816 6888 3666
5219 9423 957
428 6140 3573
3482 9686 3406
7945 760 2483
4546 7296 3912
7885 1818 2226
557 5823 3689
7668 907 1105
5983 299 701
5897 6037 2311
4195 4623 294
8818 5254 3755
5304 2165 3033
6380 3546 4020
4232 4376 4503
4408 5848 2758
5518 7756 3198
6717 3449 1983
5542 4448 1506
52 5471 217
9261 5594 1768
161 7361 1316
7707 7702 1072
8650 2341 3890
6374 9368 2679
8315 9114 4080
986 9098 4761
4467 2581 3493
6604 374 1924
6713 6941 4999
8852 509 1536
7613 7129 2509
4328 8863 1413
9831 4677 1611
5904 756 464
7896 9882 3262
1681 7083 2908
3668 7834 4062
7651 8609 2098
2286 4557 4023
1739 6882 2359
9244 1058 4804
1830 6383 1582
7017 9534 2734
355 7712 1423
5621 9951 1442
5640 591 812
6360 9935 606
5712 6997 3903
8686 1015 3936
8349 2325 1706
876 7835 378
346 8583 519
3222 3534 2523
9494 301 1159
3416 7869 2455
3796 2913 3541
9407 2876 2284
4610 1600 4524
61 1479 3108
9457 5774 966
1933 2859 4689
4923 6889 2154
645 4051 559
1752 8886 1276
9065 7571 4912
1547 4311 3561
5852 9668 2859
1571 1345 1189
450 3089 1889
9222 975 3011
9875 6304 3541
7089 9497 2080
2526 3552 4702
4752 3094 4569
3404 7891 2927
4702 2605 4341
8206 4913 3154
3970 7766 3927
3953 5021 4505
5316 879 1996
159 2937 3675
7780 2238 650
7437 9428 1675
1222 6570 1298
5861 763 2704
5775 3241 1294
6955 7266 4968
2386 4553 2501
8372 4031 3817
2352 6464 4575
7559 7985 4827
3941 8359 4314
9328 4397 4871
1298 2809 4314
7146 7248 1358
8297 7988 3934
4212 8156 4411
6284 1367 427
4826 295 3630
6216 2709 4890
6179 6240 2569
2992 4615 822
5189 7963 1806
1217 8417 412
2305 299 2341
330 4323 635
130 7539 838
9286 1131 1104
9750 4584 2043
4071 7477 461
2949 6919 2986
7172 8668 817
4769 6482 1819
5858 5207 246
1293 9542 1717
6062 3424 517
1301 497 933
5296 8374 2476
6051 6482 3629
3690 1501 1794
7817 942 380
1074 7555 2255
9293 3122 756
7389 5889 3399
454 8186 1911
111 3029 850
7295 3491 3713
3491 3867 4879
7881 725 684
93 1600 2371
9268 2814 3390
2563 1257 4519
2589 2609 2139
254 1 3408
1267 3419 4295
6246 5482 2212
9724 6985 3301
868 2802 2565
1392 4437 2045
5593 8888 340
4534 7716 684
1050 9127 254
533 4961 2777
861 1358 2588
3971 1147 922
9374 5373 3330
952 2475 3948
6655 9837 1561
4489 8100 3971
9944 7160 3418
814 5363 2103
8231 5444 3081
2452 5190 3869
5733 134 2240
2771 2940 2537
6565 4275 467
6337 9677 2159
8195 6799 899
8061 5529 2113
1734 8490 1306
8169 8175 896
1897 4916 4602
9143 1591 3135
909 6047 4558
345 1239 4650
8179 5411 2901
8029 688 4561
2791 6578 4030
8985 6249 2672
764 4303 2219
4746 1497 2450
4571 2251 2135
2374 6625 4045
307 8684 4414
992 5677 358
1061 5380 1015
3724 7180 4193
6800 2896 3365
8353 4129 3640
704 4805 1172
4174 1028 3367
9231 8272 954
4830 2455 46
7295 6261 4416
1287 7194 87
722 7031 4382
1274 4336 1802
6978 5897 4725
7739 2525 1849
9764 7659 3207
6735 1716 389
5126 4121 996
7520 1368 2642
618 479 4050
7084 227 659
7490 5699 909
8796 97 45
7352 7753 4536
4102 2933 4153
4652 6024 2971
7480 7156 841
8674 7010 3959
7900 749 3551
7010 7997 1076
1512 9897 1306
2897 9064 1906
4905 9604 962
4242 3363 88
9697 2474 908
5937 2595 3707
2895 5956 3976
8761 3638 1608
6927 7599 2297
891 8583 4721
1675 2794 369
5657 9715 4785
4384 4695 3812
6407 9681 4370
8839 479 743
2889 2706 2804
6635 2114 499
8718 3541 3400
1573 238 4583
8842 627 1219
5860 8042 316
1144 6609 1380
774 6524 1974
7498 1020 1856
6089 5522 2882
1730 5210 1010
6413 7178 3104
1259 7136 3387
2485 9380 3325
5688 8875 3249
3159 6320 446
2175 5894 1995
6155 8412 4000
3080 2364 497
2427 2912 2673
4520 5891 377
9004 321 3173
4394 300 3598
9161 7587 1674
9156 8159 794
8778 3278 2356
1921 916 417
73 7160 3191
5285 8845 2400
8442 4705 1974
9233 3791 224
95 4532 3528
1015 3688 2566
6784 21 4372
9981 8134 313
6288 4520 4631
4013 7705 3056
87 4663 2316
7659 834 2580
9084 3974 473
4305 7698 121
2072 8004 4340
9452 386 1310
7462 6970 2154
6034 1860 1541
71 782 2627
818 1937 4469
5370 8043 2691
4895 7900 1719
8882 8322 2
8879 4632 1475
7941 5037 200
6271 2620 4183
2696 8214 2667
43 7281 1342
5643 5156 1833
3011 215 3035
2294 8785 2956
1195 5236 3030
918 1918 1545
5398 2572 2072
7669 1320 753
7171 9058 4180
7765 5661 111
5921 2000 1707
1972 8693 2190
1438 8403 201
5879 1516 2372
1668 2083 181
53 8070 2116
683 4503 3062
1109 5426 3505
9510 9891 1744
3543 2523 3874
6671 2382 3135
9203 9367 4784
4345 7341 1853
8371 7626 1664
688 9295 1236
6056 2919 1669
9875 793 3076
839 6012 3382
3255 6741 372
7191 1326 1219
4942 2016 1668
7818 3361 4996
4867 1418 1122
5127 8768 570
9297 3634 3525
6379 9479 2353
3107 7056 2437
3400 7004 2867
3194 1376 2509
5162 9767 2294
6108 6892 4522
1922 6031 260
8897 9562 2619
1783 4809 3126
3812 1766 4376
7335 9020 4743
7846 6731 1870
3929 759 1055
3251 128 2304
2550 3443 1972
3637 8489 4303
3920 1698 4670
6333 66 1190
5314 443 1258
8120 264 2118
94 397 2543
4016 8950 3568
6218 7024 4220
4967 7656 329
8186 2503 3185
701 2624 3802
5152 7809 4148
9928 6856 3495
3318 6771 4125
474 5847 1681
7954 3170 4342
948 9089 4308
2412 3297 1556
707 9244 3772
484 1529 4987
9515 8880 1391
4826 7604 4096
825 7646 2965
1626 8579 3246
2270 1709 27
9231 8306 3392
3082 6615 3772
8640 2848 4141
1114 6940 4461
9404 6344 93
225 6199 3269
8260 8578 519
2615 7968 4817
769 5104 1339
6053 2815 4459
4362 6183 2643
8250 380 3460
8944 1230 3684
9777 2198 1285
4677 1652 4995
7476 9904 3628
137 3554 1011
676 9135 511
8702 3475 2166
9154 71 4474
5664 4234 2109
8695 7471 4514
9396 729 2226
8748 4041 1577
4177 6823 2608
8834 6179 3751
2219 6338 491
2994 1637 1774
1150 8263 243
6919 6922 3400
4876 919 2623
9926 9469 3904
4975 3646 200
8703 8170 4553
141 3467 3647
8585 2834 2740
3951 7189 876
2076 6852 4309
8642 8134 190
4707 1315 2734
5243 7972 4428
1612 3849 3602
3281 1275 2325
2737 1956 3916
5541 6352 1127
4425 7872 4868
9867 4514 2065
4034 3217 912
8139 8923 1303
7365 3703 320
5764 7824 3347
7122 2209 263
8648 5061 115
7217 8533 2247
6569 4146 112
1883 5440 3623
7356 4821 3329
6327 2275 958
9828 7959 4187
5187 7003 2810
2051 5178 2815
4926 2452 2156
5473 9211 3457
6584 7445 1430
9996 2927 4691
9946 898 3795
2654 2216 3441
7736 4445 358
7101 384 811
5151 4256 854
3730 8466 1341
7180 3823 4564
6670 8807 4306
3582 3876 1106
3324 8788 4963
8597 6394 1130
2541 5867 2072
6933 8208 3452
3059 9224 3378
7057 1423 495
3713 5904 3289
6110 8146 2202
9087 848 4584
5114 3289 4020
1297 5003 4749
2636 6724 1194
7881 3798 2996
66 6533 258
856 1264 1218
7011 6759 2338
6395 595 4797
7109 1236 2333
9910 594 4642
1369 104 385
9786 1742 3521
6426 5826 4857
5293 5061 2784
5095 4073 318
895 1574 3888
8502 4403 3278
2134 8043 2443
2560 69 2579
2963 2138 2785
9009 9348 4149
7499 3235 463
8176 3248 1294
1785 6744 3251
6119 6551 4666
1736 751 3666
968 8719 3310
1076 1932 4053
1527 3496 2072
15 2405 2930
549 367 3336
4419 2885 1210
7510 6889 2108
4017 5080 4713
5023 6781 2773
2296 7062 2918
997 5240 1577
4660 8177 4017
4315 1303 670
6737 243 1286
8328 6127 4695
5773 3149 4501
8806 8167 2813
5884 9822 4596
8086 5184 4619
3068 972 2133
1142 5640 2648
2681 8673 1350
3742 814 811
6543 4485 1893
335 4032 1097
9881 8110 3752
4575 4831 2354
3723 3733 1192
9718 5064 2827
7480 8606 3511
8173 4626 441
4832 7740 3723
2121 4289 3223
4488 7877 1232
8354 3458 2424
1683 9222 84
6718 7383 611
356 527 4887
9376 7246 4580
2846 8320 1353
9485 9337 2029
1081 6213 2128
2148 1984 1055
8237 2074 3471
5824 8289 2857
9903 7697 413
2948 4656 4225
9701 1170 15
5609 5959 3847
9236 9387 4653
1451 5925 4332
4276 3745 2167
5746 6207 2870
1916 2414 1827
4699 3351 2173
4509 915 3829
439 8423 165
6789 3546 583
3921 9681 2694
9999 4791 1956
5286 7369 4423
4415 5343 169
7742 3428 1012
2556 8569 1340
1201 1650 585
2989 6446 2528
2493 1550 4186
1289 5232 2098
4302 8122 4536
8277 9562 1782
7608 7466 425
7988 954 3031
463 7273 206
6078 327 3295
2132 6305 1781
3039 7270 3316
2937 4183 1657
2129 7002 2742
7422 2505 28
8126 9934 4304
861 4183 4023
656 7885 4206
3958 7224 4951
8472 8171 4053
5387 2671 1564
9648 7121 1599
6370 9268 892
8506 4924 2966
4540 4386 882
9604 8934 1840
8305 5936 3706
9317 2516 4320
2712 6549 1203
9907 292 825
6871 5765 858
5172 9884 4730
5138 2718 3946
4654 7312 4452
8095 1619 2959
5431 3668 1582
3355 1157 3654
9406 3730 584
3492 4894 4056
5398 6273 521
6930 1552 3808
6217 5910 415
2334 1844 168
334 710 1406
8170 8656 3475
5041 9225 2923
8549 7603 463
81 5751 989
2051 5334 1863
8400 875 3456
3166 1565 23
5421 3535 4063
6276 9798 1706
2795 9114 3832
9429 2748 4080
4701 6304 1535
2932 6475 4224
7794 5197 1593
1455 1256 2851
2679 4262 1691
8831 8060 1098
430 7282 2664
7308 9872 1580
1589 5086 2456
4113 9973 2193
1884 9727 4625
6153 4426 2586
9415 6297 1441
4304 3317 4530
4553 103 4708
2311 8079 3660
1219 5812 3691
3744 6783 4325
5429 90 3643
963 5250 900
8874 2556 2864
1452 1942 251
3137 1468 4353
7119 7420 1070
310 7812 2910
9487 1727 2244
4551 6115 3394
7039 1264 3344
6593 7522 3084
156 1511 2728
894 4428 1922
4458 24 665
16 3037 3213
6095 5606 3716
6201 4982 3781
6064 6869 3235
5943 7503 1578
2281 9632 3905
7859 4929 685
961 5530 23
7097 8513 2658
344 2488 1977
3992 893 2433
6983 3044 961
5089 7950 192
6851 1600 3074
5479 3609 3792
3600 207 2638
3339 4855 1351
8899 9771 1
8040 8653 576
6846 2440 4742
3316 1022 4715
6190 1825 2881
920 7847 914
827 7075 3262
1994 6509 4948
894 3608 3551
7530 945 2717
9440 960 2206
1940 1959 3770
9406 7688 3630
9974 7057 1661
1702 9739 4713
4670 6756 3631
528 9301 3173
797 9003 3779
4442 6884 568
2436 2450 4957
8376 3587 151
8406 8029 4433
8471 5094 3843
7410 9227 4417
8330 8269 1255
4193 3551 3730
5705 6607 4351
6417 8812 3530
2899 7323 2078
8228 3070 1920
200 585 4669
7213 1061 2658
4216 7997 2728
9673 5815 131
1894 3185 1771
6302 7410 1241
1439 1075 2684
6256 7308 4276
1083 4538 146
8776 2611 4381
2990 4813 3324
5055 9979 976
3931 7362 654
6883 5342 459
9304 4563 1374
3549 1733 3062
9339 6689 1932
7687 8825 703
3648 1935 514
5973 1740 4200
1221 3953 3123
9506 383 216
4518 7210 4868
789 4978 3541
5001 4610 4903
4288 982 2844
8951 1063 2692
1609 9909 1825
4177 2551 4052
9170 9250 763
1190 2630 3556
8763 9773 446
345 8200 3490
818 6926 4282
1189 4775 2526
1322 7027 3496
6369 1573 843
7813 7644 1247
9983 4559 1337
32 6704 3841
821 9127 245
5608 8501 2824
9082 2516 2295
190 4177 3930
7938 9656 2641
7932 2894 2334
110 548 1889
962 3232 685
5988 1056 4260
6776 1513 3665
5694 9658 4575
9975 7130 1459
2495 5080 2489
7671 6870 2163
1647 9994 2216
9663 5672 4146
3471 2967 2973
1233 9815 4691
620 1355 83
2232 6611 1904
3477 4298 1097
2374 7259 3984
7757 898 4355
5363 9457 2507
2710 6924 4147
2823 3846 2953
6074 4324 1627
4558 4195 4410
2979 1497 1975
8562 68 961
1977 5133 2777
7819 6642 4932
4529 1632 3037
1681 3452 4471
5939 6036 2036
2573 3355 3855
5924 228 4131
3534 9990 4055
3968 1923 3792
5236 2733 2620
2451 3610 1206
4567 3845 2058
2371 1572 1676
9321 5725 3954
9438 7085 2670
7162 2716 4520
106 8041 1617
3648 6124 156
201 6886 2122
5336 5342 4287
725 4994 4248
2796 4794 342
7796 8864 1305
8509 6210 1534
5985 5690 4273
7220 2944 4724
3101 7402 191
7008 2576 2959
8300 7586 1783
6234 318 4290
991 6016 2885
8822 2178 1114
6849 2352 1662
1354 6697 3770
6115 329 521
1382 6063 1622
2222 7360 201
3523 4927 782
4679 7271 3906
5529 6221 4464
8344 6904 1733
7988 1470 1937
7202 9668 4816
8800 7742 65
8601 508 2727
4066 8288 1510
8841 9557 4512
1232 2880 1230
3653 6395 2705
7420 5959 1600
7974 6372 2211
4721 5442 933
2597 5368 3142
2534 2769 1255
197 8874 1684
4597 6682 2101
4404 2154 4818
9269 6334 1000
3435 8483 466
7332 1231 4580
6161 726 3544
9343 9709 1659
9915 9811 2155
5568 1216 303
6296 8671 1636
8498 2489 1155
1156 6244 1194
9539 8459 3095
241 5015 1520
7942 8304 3058
8116 1733 469
4021 6906 1562
204 5903 3086
9805 5456 3402
2886 5176 284
9523 6280 2459
1201 2296 1756
5228 2754 4482
8662 8950 4772
27 8985 4215
8503 6284 255
8606 1123 752
59 7543 815
4625 9762 1429
3347 6557 211
4005 6782 4189
480 8316 2734
9148 8283 2345
4277 4456 1716
7994 2200 926
3250 2847 3536
8099 8122 3414
3480 9159 1833
1190 9622 622
8262 898 2494
3816 8396 2434
3943 764 4844
7683 9338 4000
5397 6157 4200
4283 2893 961
9098 1991 4556
539 1076 4306
7741 4575 3791
2721 9803 750
3742 1716 1008
2613 6331 2923
7221 5065 3176
120 3558 470
2148 3481 876
2177 1182 4009
8647 1856 3669
277 5053 1456
4005 2302 4047
5156 8616 4461
9034 1505 651
8733 5201 1367
396 6791 1792
398 4287 954
6243 5637 1068
7430 2743 3247
1465 9064 4641
1686 158 4709
5638 3690 794
696 304 569
7531 9862 1482
5306 1055 1848
6503 2783 1279
3194 8900 148
1231 3527 3677
524 2893 245
9268 9175 746
9777 5107 41
1224 4542 3180
6349 1349 1936
6602 587 3813
8115 2340 4022
2567 595 2313
5971 795 4681
9034 117 3555
3353 5748 1874
3948 3388 2969
446 1835 3296
3071 6901 1082
5332 1117 293
5116 9440 2230
6190 1958 3976
4001 581 2976
1222 5536 824
3390 3626 1029
480 9694 3243
7260 3326 452
9609 2454 2404
1 7827 2535
1529 3301 2769
9290 6874 3399
5528 3913 1938
9231 817 1822
6289 3691 4240
5929 7872 2277
3286 3625 4957
1657 9634 2623
8263 318 96
453 9054 2445
1670 6420 1161
6179 7997 2954
717 1515 2541
7053 8511 1976
1987 4390 3206
5942 89 146
3688 9462 2095
6064 5910 4186
4758 6365 2356
2643 960 801
8224 1729 4898
348 2301 1750
2771 35 778
6148 5702 862
9831 8557 4486
9895 114 3326
259 9729 919
7972 5718 265
7478 5628 983
9476 2646 3194
7560 7752 2903
342 4596 3287
1542 6413 1307
2381 8441 2325
3215 9897 3534
5665 6962 4407
9143 8176 1349
166 2329 29
4212 9104 3983
1316 489 1863
6282 5560 1864
4658 7993 3086
4839 1448 2069
4775 2337 3843
1884 9536 3587
4840 5523 1785
1055 4859 2977
9510 6032 2910
251 9173 418
814 2378 152
6988 9547 2868
4997 7708 1604
5163 6958 2084
2215 7357 1139
9723 4164 1665
6763 1521 312
9997 406 4633
8531 2613 2139
5298 928 4273
1907 4327 3528
4868 7240 338
2471 3245 3428
98 7203 2422
1840 8060 486
7010 208 1372
2841 5947 1391
5498 5292 1657
1315 3083 2086
1528 7374 3451
3055 3059 4473
461 9437 2838
4901 1134 4029
6061 4356 259
1576 6363 2027
7358 592 2876
9000 4393 4543
2698 9071 931
7300 3079 1673
3461 6653 847
430 8899 1341
9585 6935 2900
7111 1787 1120
997 6271 2334
6331 4551 3349
7856 6160 2128
7594 9093 2914
6265 2778 2711
782 9094 2143
5783 949 637
5008 4060 4699
9508 9253 1272
5835 7676 128
9504 9485 1398
8431 7076 982
135 2363 4268
5641 5487 878
4110 3906 4332
2508 5281 2733
2309 183 2017
3041 8872 3354
5527 9247 966
8793 2001 4611
8668 578 2859
3042 8684 1681
9907 699 2776
3190 247 3548
8011 3593 123
8868 3686 435
3719 9208 4320
4743 304 857
7057 7778 3801
6583 9707 1166
1067 9530 1008
284 5380 105
8021 1663 4741
7507 573 4931
5799 7946 2403
5022 5707 2273
401 7151 4843
1906 5069 2026
8353 7448 3556
7713 3395 4525
5000 4025 954
5200 6105 3385
8115 6956 4984
5152 9821 3784
2678 9227 3090
2950 6700 1857
2688 7796 1790
2742 4333 1871
8012 702 1562
1291 9354 331
5348 6702 3322
5261 1789 2176
1030 3826 2525
3132 345 3673
6507 8492 1890
2462 9458 4154
7273 6302 4484
1406 7068 274
5803 1421 4777
1692 7713 61
2623 4391 1525
3895 7008 1969
7232 4101 1762
7577 4085 4376
741 1103 1785
1232 8610 2153
3158 4706 615
3087 5643 3945
1954 7167 4601
2341 6783 1019
1071 1780 2351
7557 6254 1398
412 7294 1680
4183 7557 4413
7888 3751 2817
5112 1983 2299
5302 5717 3421
5002 7406 1590
1052 1600 3248
8386 8745 2678
9706 2885 3314
6593 3791 3879
308 226 4469
8563 9902 2200
3663 8991 1593
742 2041 2443
8962 5995 3883
8308 1704 3315
6119 7103 81
8504 8675 387
4335 1122 4164
618 2127 2305
4658 6588 1513
9105 8632 1397
7081 1074 3829
3362 4297 3093
556 8931 3748
3564 7109 1652
1281 4291 4621
3197 1534 4230
1398 3112 3699
2190 2485 4829
3300 8521 57
5005 5560 56
3755 53 4298
3765 4541 4651
1834 1325 3292
4689 8029 3379
4179 9513 1515
7819 3237 4595
6670 9092 785
3333 3831 3892
2154 2643 3993
9148 1691 4574
1231 5960 2830
3400 9496 1519
5980 8255 4383
4080 559 1433
1447 3278 3257
7973 1039 3344
841 3907 2002
8251 5093 596
7758 8537 3728
6613 218 1266
8370 8079 2538
9795 235 3868
2619 6777 2056
8695 8336 582
62 5546 249
4066 9628 722
6839 7876 4400
1221 2844 4351
8367 3986 3640
9987 3627 4930
8848 5389 4648
3658 948 4557
2543 3011 3671
8468 1579 2244
6974 9374 2854
4094 9724 2595
4015 6909 4834
8463 2435 1991
2856 700 3594
2742 4923 4192
6788 1624 701
5581 7074 1305
3787 851 3186
8164 9052 241
1057 9437 2290
6319 8048 307
1386 4537 635
2464 9197 8
4183 4830 3585
1723 2596 305
9205 3302 3440
2099 4668 4494
7314 5039 4128
5402 6597 1523
3507 7351 4461
9112 6975 576
7858 3626 1065
7407 7523 3337
415 6815 1543
5436 1085 1968
6678 9131 4662
9537 806 3496
5893 7774 2391
1219 6764 4864
8991 4112 1797
6802 6630 1997
4040 7792 3044
6823 1402 4155
4462 5792 1814
5614 7894 3711
7891 8125 4298
5934 9221 1132
9984 4531 2779
8275 3829 3392
1207 8777 4203
3143 7205 2390
5112 8869 4634
2722 3114 3092
614 4621 1070
4401 4374 2658
71 2988 2879
6388 8135 510
2546 1974 3928
8471 2835 2727
9629 9099 4478
1173 6520 889
55 3836 3590
6734 3413 1326
9651 4780 21
3650 8321 254
4981 3504 4022
4185 1475 1285
7160 8993 79
8396 6149 2612
5226 1968 125
8585 6769 833
9725 7577 26
8126 8231 1696
3385 1311 1925
2095 4980 265
2727 7716 3008
9634 4766 1488
5881 701 541
6611 6119 3673
5971 5978 2617
7778 4936 4272
6193 3476 1217
9097 1167 89
8116 52 2793
6460 971 2764
5153 7845 1722
8574 4650 949
832 9375 3316
108 469 3536
6218 1907 3343
1095 5617 1587
1299 7217 3101
6649 341 1348
4805 4782 3069
6170 9843 3794
9664 1497 4181
1386 4806 1745
3770 6341 3700
5376 7506 2724
5930 4306 3222
273 6299 4560
3121 4396 1480
6847 350 3054
3184 3857 4300
8954 2578 2542
9961 9647 3566
9640 6557 3090
822 8957 945
8419 7639 2624
8479 9109 297
4725 1769 2369
321 3161 3433
3654 5010 4313
7289 4261 2734
1725 2262 3198
1981 9236 1976
7375 926 1350
2591 9950 1707
360 9841 2386
4821 3529 575
2675 1388 1617
4500 5300 2707
7201 9939 4888
500 670 3895
3039 5613 3286
6346 9126 3975
2148 4088 471
6251 3436 3434
5709 7319 4317
3245 7242 604
6066 1788 431
4666 1622 1935
6536 7957 3731
7917 6220 3987
9932 5919 4752
3305 2107 1087
4445 9854 3138
7855 3573 3834
1303 9655 3455
7727 5138 2691
7398 9545 969
2165 493 4955
5009 5480 2163
391 2674 4409
4551 4884 1667
9172 8656 1133
6177 9633 3661
6613 9362 2285
1983 3859 3184
6338 7977 2209
8944 8534 3494
8293 9901 4777
6403 9871 67
8509 7846 4246
6944 3800 4628
1289 4866 1002
8834 3921 2651
9569 625 2338
9992 867 2306
4768 4266 3822
4568 3051 3753
873 7417 1129
5935 4917 2234
5629 2466 3936
9186 6749 523
997 9856 2737
4137 7537 1337
9004 7786 2272
898 7477 2602
1480 4025 1016
4137 6255 60
3919 7353 4474
2758 9156 254
3741 5146 3391
8572 9803 4992
1886 304 4587
6096 8764 4054
7869 7521 4
7695 5869 241
1741 3135 4717
3530 9840 1421
5280 6450 3702
7833 4988 3232
4011 1507 3926
7903 1098 4250
6606 2970 3329
6658 7203 4322
6736 1146 3308
3808 3710 4602
6427 3401 4376
1955 3961 85
3242 2333 3360
2127 4965 4225
6903 4966 224
9994 4142 3297
6496 6000 2268
9290 7970 3707
496 5124 1844
6457 4865 2204
4070 4205 4614
5512 4706 846
2161 1784 3810
6230 2791 397
8861 514 625
2893 8700 2045
4172 8317 1340
8726 149 194
9653 2668 154
5822 4032 3157
5264 424 2367
5814 6543 4298
6984 6861 4905
646 628 653
9848 2775 1790
3082 1465 2590
2179 4922 120
4462 2012 2567
7473 5358 4211
4372 2382 3787
6932 8474 3419
1526 2859 3936
7357 9349 1617
3956 3706 1959
5385 7141 2546
2534 326 768
9034 4386 2102
5250 7335 3226
6196 1375 3393
2871 9425 2982
869 6789 2305
1070 227 1752
1274 8759 2515
1032 7976 2013
2958 6683 3020
2302 3472 2095
7012 6053 2966
4611 7036 521
2088 1008 1806
8874 4594 3370
7454 2843 3569
4264 4959 425
1247 9863 4203
2832 8358 4929
1876 4916 1722
5471 3473 2783
4295 2951 2809
7041 2054 4366
6927 38 4068
8375 1387 2033
8303 4648 3725
5457 1195 2006
4215 710 3795
4476 1445 4121
5198 302 3067
8776 2270 2134
848 5665 2583
4414 6843 2879
1279 2148 488
6578 378 3529
1780 1568 2858
9697 7443 1791
7202 2548 2689
3905 17 1901
1946 5170 4384
4470 6202 2535
3733 9763 2051
4447 2092 4482
269 5249 2083
276 1002 4788
2701 3452 881
9420 5815 392
7736 9178 4068
3980 247 2804
3095 9532 221
621 3930 2225
3427 3050 1304
6363 2329 206
5420 5968 3013
5672 6268 1210
8273 4940 4973
8156 6086 3151
5654 7251 4476
3598 3759 4869
3980 9869 4756
4739 3400 587
483 9475 2877
1301 8839 4134
8330 5791 3645
8961 7207 4348
3060 8672 124
9271 5572 3951
2950 8351 1985
9895 7302 4247
3253 198 584
9189 9871 4608
7080 5920 4822
8562 4790 3312
290 7387 2395
5594 6873 1290
5232 6179 3832
58 3427 1283
7331 1628 4377
8316 7327 2922
8526 7405 2689
875 9498 4524
522 2165 284
7956 5593 1040
747 4130 3280
9591 769 3791
4710 3410 4760
341 6535 2128
8732 4118 3933
8108 3115 1375
678 2441 2441
4184 4405 107
7826 3858 830
9406 7926 662
8870 6 990
1107 2963 475
3208 6513 4001
2945 1179 3235
4139 2053 3552
1352 6427 3401
6886 4498 3961
1085 478 4004
9390 3602 2840
2997 7257 2799
6886 6007 1108
408 8908 2032
1743 3158 94
84 1232 3165
1311 8599 1813
2924 1484 2708
2594 9318 383
973 8065 2419
1138 6278 3093
4387 3453 309
9008 6189 199
4862 2430 4557
3852 1579 3259
8040 2298 1739
2141 4926 3130
4130 4600 3885
1895 624 3120
790 6446 503
7046 7441 1941
8051 7424 4329
8710 2695 594
4188 2002 4452
1931 644 492
7522 2636 4982
416 8253 2108
7715 8733 381
1715 1556 3737
998 5649 3201
4447 7617 3511
5423 8836 3035
7447 5974 3686
9708 348 1846
3685 6528 3778
5246 9651 2290
8015 9882 681
339 9553 4784
3562 7914 4336
4626 8846 3295
5152 2658 1780
704 8815 37
4735 5174 1754
3171 4334 1737
406 4321 4462
2852 426 3793
528 35 193
2521 6433 3839
5726 5530 2146
7318 5688 1658
7113 4761 733
6953 3454 4334
2285 5595 661
1705 7718 1156
3314 863 1577
5717 8305 1343
1470 7777 1436
6361 3688 2034
478 8914 434
4230 9066 107
8769 8446 3517
1295 1758 1363
6018 8226 170
4957 4989 1898
984 6517 2610
7609 7925 1040
1519 1637 1094
7294 1753 3316
8462 1731 7
9251 8696 777
7436 6808 3514
3817 6020 1055
1396 5469 1248
6852 7929 1655
7399 1876 596
204 7405 54
6470 8751 3363
8617 7096 2246
6867 5032 827
4764 7744 1927
5733 9943 2547
7007 8999 4664
5499 3136 3823
4781 3043 2809
2824 5202 3764
7278 6223 4411
9550 9333 4025
7903 3622 4691
6126 1448 3179
6320 557 1840
2639 4082 3936
493 1635 2172
278 5782 507
7207 1256 2877
1599 9992 3113
3645 2307 1832
949 5029 3995
8049 2473 2759
9683 6857 617
1498 5921 4986
5645 3767 1886
8275 4771 751
6447 2059 4749
283 7117 1518
8970 8337 714
5257 6694 3258
877 3162 219
9432 8767 476
5756 1373 4277
3530 4309 1639
4491 9296 1678
6675 4090 2636
7128 8641 502
8557 8171 3629
4076 4659 3992
2375 4829 2135
1541 6953 3800
6351 2363 773
8794 8040 2378
3955 337 3335
4686 8188 2470
2137 9874 1647
2294 6403 4328
3870 4945 4281
7913 396 4949
2822 9563 2750
1707 6891 1383
9177 9653 332
9117 5114 2855
4338 8621 1265
6187 2291 3589
7811 3370 1829
1672 3067 2766
8539 1575 1071
9181 7617 3223
6593 3652 2179
115 4196 855
7247 4133 2141
7661 6968 2795
2983 2114 2486
6568 6571 4228
5424 1881 3377
9711 2916 546
7809 6073 592
7559 1709 2028
6087 2352 4534
4867 5369 2135
7442 477 2680
116 376 2904
7202 4256 2725
8626 713 3971
6815 6873 2560
8760 7530 4241
4884 1884 1851
8939 4091 975
2929 7473 3570
761 8116 4390
3848 3219 2869
9939 4688 4430
2891 2089 2099
5936 2077 2351
8865 8794 973
6338 253 1549
5973 4068 2534
1767 7982 3473
5781 5102 3338
1747 4293 809
1690 9481 895
534 1635 2400
7577 3643 4655
1302 2775 4727
8297 3855 2568
8516 4102 2308
9175 134 812
2206 7515 3890
1203 2219 3625
8025 1722 2636
6310 8223 2770
3188 9856 37
9677 1574 3694
4616 4446 3994
9337 4135 115
8620 32 1576
471 8812 4876
2621 2729 4639
732 6592 2142
1587 9912 3188
5337 9107 2421
539 2532 4629
4015 7611 3448
4125 5274 1039
6815 5226 4548
7416 2121 4299
233 2762 1950
9013 6305 2624
6877 2923 3392
716 219 4542
133 5981 4749
8908 421 985
8612 9039 4190
221 113 2027
0 7 2722
3196 7472 4408
2519 8948 3255
8583 7848 1313
2532 837 1562
165 7443 578
1006 8886 513
6948 9356 1394
2724 3359 4836
7657 6200 3208
2741 1848 3001
4409 1132 2855
1110 9477 4599
974 7296 22
2078 7443 1099
2730 9737 2526
2534 9152 3350
3549 5441 4407
3894 5019 4783
2744 6397 1641
9165 9545 4429
7984 4412 2653
5753 9977 725
868 9984 1154
3763 3928 2945
5951 8592 4131
5708 7463 1217
8445 3621 2151
6553 3531 4225
9977 1596 3561
1337 9828 220
5736 5262 4548
7999 5991 1704
303 2450 4809
6707 1413 2228
9587 9854 468
9989 4876 529
7022 7667 4640
5369 2569 346
3065 7605 4881
8323 1570 2252
5378 4313 4436
1325 1163 4608
1982 7753 1325
8410 4580 2763
8455 4929 4392
7924 4431 4808
4218 703 362
9442 2855 3448
3012 9054 4234
6518 5678 4425
362 8081 1519
350 914 4567
368 5824 3743
338 1316 4669
8154 4673 1723
5272 7313 2634
2406 2111 2705
5633 6121 3455
8195 401 4483
4399 6952 4914
217 23 852
5561 9209 912
2092 3458 3115
2496 4476 1534
4807 4676 3961
609 76 1110
5651 1902 4688
651 6441 3674
2277 5050 2207
6962 829 2946
7750 7939 1306
4706 8727 3926
7936 4732 3753
6329 3978 446
8706 3483 2731
7200 2163 4396
9883 485 775
930 605 3421
4093 4375 3770
5036 1318 4137
235 4327 1103
746 2522 1286
3190 252 2589
9235 7810 2821
7482 4082 1760
7089 9097 1534
8212 7867 3098
5639 7361 2949
5852 5685 1137
5437 8338 3389
9133 5304 3148
8857 5899 201
6982 6299 2191
8207 7814 4302
2749 6567 2539
8358 7749 914
3672 736 421
880 2879 2814
5772 4279 3320
4342 5579 2043
3910 4681 3644
8351 5720 1117
9584 4350 4168
4688 4715 3729
99 4696 969
5101 6092 289
5389 6318 1737
3208 7903 331
7002 9885 2744
1735 1075 4281
1711 9675 3227
1976 3241 4382
7223 5963 2853
5336 9238 2289
2679 2919 4710
8593 1690 1565
4032 2486 2366
1254 7540 3785
1427 1326 4259
95 1768 3092
7233 7549 2413
3173 6209 423
4325 8937 21
9717 8515 2719
9889 2543 3593
1627 4231 1830
6809 9395 2223
7705 4143 4952
3366 5009 3932
6396 8466 4369
9540 3477 4143
6847 1335 3203
1485 8625 3937
7526 6276 2516
5183 8577 457
8841 4799 1549
1331 6787 2606
2663 1103 3663
9246 594 227
5263 3173 531
2198 6879 163
6070 5219 4015
4901 1017 1147
8708 4947 2753
6018 8810 3620
6937 9391 2630
6133 9261 771
2794 6811 4226
1482 3721 285
8126 8493 1981
7389 3435 895
8523 3961 2856
9527 5030 894
2802 3865 2144
5370 9551 1413
3306 2890 3030
8459 914 1484
4734 5693 2616
8191 1270 833
6278 2935 3812
4423 3402 2728
1682 4636 4891
2057 8426 3373
3295 2192 4062
896 2520 1684
1632 7613 2101
545 2125 4299
1216 728 3116
47 7939 3178
3807 4861 2243
3405 3401 2293
6801 33 1487
6149 3408 2013
6007 6522 2276
1209 6610 1469
9706 8966 4058
618 2802 2710
2469 1550 2950
1444 4407 1866
5750 1561 3890
2141 3243 3124
8312 5994 357
4312 5111 4391
5958 2776 3183
840 2321 2014
5469 4707 3856
2519 2760 2102
582 5235 2951
3885 744 3323
1259 1899 1849
278 69 2182
5989 8697 4951
2215 7754 2981
2705 3216 2196
843 8299 4029
585 6128 3432
9214 3694 1794
5479 5996 2931
6583 3929 4171
6072 9667 4546
1037 8614 1261
9118 4270 1720
9237 7188 2434
8681 6382 4751
9183 693 359
5656 5891 4001
3416 3316 4298
54 7550 1031
6652 6362 8
9470 4733 83
4980 4126 3736
6066 429 841
7454 5154 128
5458 6756 3209
5685 5295 4226
9752 637 3259
5293 8763 3252
9678 8140 1091
2683 3308 1387
4742 2976 346
4129 3935 149
1003 6542 1959
1049 9406 861
609 7038 4618
7689 1650 2018
6255 3967 2785
9694 1286 745
4935 2408 405
2522 8971 3260
1782 2188 1184
3543 2584 4537
6736 1976 2209
32 2156 2356
5404 4881 1118
2386 4280 4872
2559 2798 2354
3929 366 1218
3791 2154 457
247 446 791
3124 2120 3667
8624 9889 1404
8922 2639 2169
3863 5454 503
9601 8000 4647
1570 3822 2750
3772 2650 4950
5287 6236 955
7941 6731 1506
9640 4598 4256
4502 6683 4000
6157 4683 459
8804 9766 3722
7509 9503 2973
3531 6159 567
4506 56 4521
3100 4 3809
651 9788 441
6424 4030 1946
6172 897 1056
7948 3075 1000
5478 6931 3850
2684 6904 565
8026 3240 3518
3064 9628 1193
4775 5263 4901
8932 9374 3856
7380 7452 1602
8911 2986 2464
3182 8232 1280
1049 4577 3541
2722 9732 1311
2715 3048 1316
8684 3655 1613
8553 1355 1613
8193 5331 1447
2676 3563 2768
9853 457 3153
2368 7951 225
9517 4772 348
1571 4553 2452
1219 2814 2552
5544 2628 1520
9670 2536 2062
6056 6354 3628
430 8559 4648
3612 9425 1858
5709 566 2291
6799 2560 1550
3221 7521 2281
1850 5773 1612
5603 9057 1920
3395 8557 3661
8330 9543 2992
1305 9984 178
5576 3969 265
9491 4390 2788
9197 7900 2961
9345 5661 485
8335 3033 2830
7815 2115 1844
2980 3130 115
93 7897 37
9167 6903 574
9134 7139 4940
4972 8240 2442
6452 7477 2336
7641 5735 1378
1605 4405 4487
4089 6008 3120
5948 677 4555
6242 9361 1118
2283 7505 6
2829 5454 1067
6045 4328 847
1811 1017 3015
5817 6725 1458
4968 1174 1171
6927 6687 3652
6895 8313 215
9332 4346 405
5129 9313 3296
4951 7927 291
4069 3283 3476
4368 2793 2368
5323 3253 1277
384 7047 2623
4434 3685 1149
6684 1100 2417
3615 4888 481
3403 7839 584
5656 2447 2184
3114 1962 353
9972 1064 2746
6738 8740 2028
494 5982 1973
1278 3052 1340
5954 2677 3292
4516 9608 3640
4615 7176 4498
7594 1011 3563
7181 6247 2380
4617 2675 4148
6776 3813 304
7646 490 3770
8588 1299 326
1133 600 895
2215 4822 2376
8580 151 3047
6418 9928 2436
2110 1716 922
8343 7903 2519
9607 323 210
4578 4197 4786
1139 895 506
7197 2777 1576
1169 4807 4670
2834 504 2321
9313 9845 1704
266 6787 2369
927 4340 702
2131 1202 484
7510 657 2249
3390 1229 240
5701 6069 77
3555 1444 2986
8555 8414 3734
9005 5185 319
6341 6803 127
7055 7288 2931
1896 4379 951
4339 8558 1868
5661 1179 2721
6605 344 4644
5753 1973 2178
2155 7501 3885
847 2557 533
5615 3773 4423
6361 1881 858
5487 2001 963
1298 7117 1427
7714 1576 2098
3404 6058 1580
4313 1832 293
6437 1720 3456
5334 170 2087
8174 3060 2602
5697 3529 996
590 8139 1639
8179 1218 1532
2385 112 3594
2376 5274 261
8941 5016 2629
2896 4925 164
8991 8479 3580
564 9989 3511
9715 2102 2602
3772 3846 3339
638 1624 123
9540 9422 1947
1218 9679 806
4405 965 211
9749 8275 937
2699 7400 907
9621 2223 1514
8459 8532 3666
5011 1259 2748
9685 4208 1229
5831 4336 1571
4880 5419 361
2435 6638 3493
4269 2846 3926
3978 8725 3552
9752 6450 3583
4562 8989 513
1360 614 2739
1148 2802 4633
2222 7673 1216
4441 3096 158
6980 8072 3857
8154 8464 1914
6314 7463 3759
8316 1091 95
8080 49 4184
2207 4119 441
8246 9988 1828
5873 1363 1794
3129 1590 2912
7444 9442 1462
897 9206 1477
4078 7082 3157
1374 6346 1344
264 1349 3656
2474 9660 2666
1919 2300 3125
6572 949 4606
6856 9608 3468
1808 1432 164
9087 4437 14
3921 441 4653
2957 7823 3204
7920 3544 3376
338 8661 3420
3744 3387 1791
9555 9757 2839
721 6408 3204
6625 8081 3508
140 5576 2902
324 8620 218
604 5566 399
9968 873 4493
3573 705 3409
3060 5909 393
9675 8274 293
5758 6074 3532
4833 5105 638
9585 9402 2359
1106 2077 2141
3460 6844 540
6429 789 3046
210 2950 4885
9574 9994 347
7212 6536 756
9523 1927 4135
1795 5087 4396
3448 6767 4042
8550 4317 4997
235 3883 1098
1534 7371 3625
4572 9232 767
1948 7835 3568
7190 5453 3043
381 665 2287
3084 8088 2778
3261 1723 2724
7303 5806 1084
2905 5279 430
8820 4059 4579
6449 586 1621
9555 964 1745
6955 8121 2385
9096 7034 3622
5899 6482 3867
6016 3332 2663
1228 5168 2035
4238 8090 2331
3308 9805 1120
8134 17 4245
1714 2798 465
7507 8940 367
422 3399 4036
8843 1458 18
1895 50 2041
2347 90 4119
2494 3921 2107
1586 6635 79
9785 402 4726
7602 5693 4007
8523 8761 2897
1864 6562 3266
1382 9216 152
8170 6492 2136
5118 4355 4909
786 4598 1830
9666 4733 3266
1227 7113 1158
2050 2767 3820
7273 2166 3536
1714 305 2790
4400 616 1388
6251 316 1476
8572 4952 3378
5827 5424 4791
2328 1491 4346
9629 5194 3139
8862 8309 3283
4098 9439 1780
3145 9584 3685
4496 5771 1559
9936 1038 4361
698 2887 1912
8865 4817 4559
7223 6727 691
4976 4975 2090
3667 3679 3615
3798 6188 304
1014 8390 2698
7182 5561 1825
7665 9877 2507
7254 6428 1771
1715 8661 1785
4176 2944 4690
262 213 1299
4677 9726 1360
7982 8801 2801
2573 3320 2420
6545 1284 2600
1136 2615 913
6987 8059 3304
74 8569 4986
6699 724 727
323 6194 3500
5199 8284 3652
8225 2622 2544
2120 6054 3454
5906 9049 1072
9447 3580 4562
5400 4104 341
4924 4826 2759
291 3810 4705
9019 6543 1587
8634 3252 2079
6176 6390 4938
371 8571 982
4218 4820 4974
8700 6411 357
2251 9912 3314
5418 3688 1502
9107 3652 629
5645 3299 182
7854 272 3820
9845 1710 348
4775 8632 4065
8460 6960 188
1240 5880 509
8447 3701 1956
4540 5222 578
2938 9931 4324
2440 9877 2061
5686 4478 713
8322 3419 1633
8129 9176 4268
1770 4985 4026
5039 2370 2868
387 7501 2528
3643 8623 1089
750 3276 4873
5825 975 455
7262 8329 3505
7327 7314 2728
5473 9 284
5256 3114 2611
7932 6287 489
3603 6430 3706
3423 3559 3188
1113 4409 1481
4148 7729 2301
1385 5837 764
7119 3668 1228
5177 7155 3406
1054 4509 4165
2560 4332 1984
6825 4943 4471
5603 1231 3635
8642 2653 3684
5925 8117 3884
3325 985 3169
1119 4266 3204
483 1311 4036
4176 1408 4879
6190 5022 211
986 1006 4819
2540 5364 3378
8368 3313 2704
9838 6989 1036
7309 8524 2044
9123 7763 3913
7840 6265 2691
4271 2 1099
3676 4876 3860
1989 4638 2823
1875 3166 3701
4465 106 1047
8711 2676 3426
5833 7070 2801
2962 9340 1825
6167 7842 2966
6365 2928 3722
6059 4125 2794
4234 227 1920
4996 9570 4180
9378 4043 4957
7355 5918 2933
5394 3880 3272
4888 2777 1485
804 9476 2147
7176 550 2718
4211 4259 4055
6516 5866 4132
3291 9999 92
1115 9211 3838
6309 9939 1347
7311 1022 2233
3932 8379 4426
5425 2404 4256
7384 1028 2894
8482 3823 2224
4366 3681 202
2153 9551 3819
3933 8996 2605
5091 4428 1448
4592 994 1277
4252 8775 61
4940 6951 4224
8604 6311 4571
766 8835 3698
6562 3266 2089
2852 7989 1357
5035 7195 3813
1697 1825 2876
7297 9009 3737
3170 7871 4400
1393 5593 3332
2008 6613 1285
1064 8008 1734
6194 7761 703
3842 8643 4058
3235 1033 2391
328 3530 618
9325 1922 3259
6965 6805 986
6950 2778 2546
6506 8938 4283
9456 7071 3929
6443 2822 623
8228 2271 1476
5112 7609 4666
2971 2063 2111
8094 6632 4523
6940 7208 348
7468 1679 3215
7260 1507 2193
8500 9351 2944
7540 9989 1155
5471 7472 4398
6071 2826 1576
5168 2479 4896
8237 903 213
3098 4789 575
3648 7233 1960
4114 5588 2207
2106 4685 3919
1570 1072 2834
5155 8485 1522
2961 1084 4566
1855 9269 2730
1380 7284 755
9890 31 3695
426 7123 3738
7735 7003 4963
3234 1916 1717
1592 6409 2440
5123 3994 4535
3218 3164 3279
4849 2643 2858
5282 132 1827
5910 4011 1992
2864 1450 271
1642 2629 2764
4913 6610 3696
5365 9760 566
4787 9491 4824
9917 5868 4677
7356 7720 347
3808 1561 3933
30 5904 3512
8730 2063 3029
9041 3214 1529
673 1097 2178
3545 5402 2512
6076 6362 1581
6488 7714 4181
8447 3775 3580
8201 7103 1928
6870 4920 2556
5069 9495 4160
1918 497 3308
3178 2167 3380
7347 3160 4625
2287 444 3089
377 4501 1152
9511 4825 1203
9991 2296 626
1467 2865 2182
7321 4303 1741
5590 821 3530
9864 7918 4436
2776 979 4718
9486 3392 4118
7866 2201 973
1546 2267 152
3531 8382 1238
9700 8278 1573
9625 9761 336
1717 6047 22
6021 5724 2442
8029 6976 645
7120 9155 499
6361 8402 283
3890 624 2543
504 100 2677
4425 6881 4267
277 1298 1644
1941 4492 1731
3936 6820 8
5860 8087 2147
3211 3043 839
1764 1961 2819
4359 9409 2723
2130 9468 672
7765 9752 883
9770 6208 387
9867 1088 1925
6214 4797 539
8029 6820 2597
9322 2110 149
6039 9403 2480
8880 3342 3260
410 9339 224
1221 6890 4259
222 1759 673
5575 3550 3411
295 6307 2392
3444 9969 2453
5962 3204 2186
9957 8075 1701
2066 963 25
9558 6783 274
1909 6088 1610
5484 3300 238
5878 3611 1467
5634 7078 1416
5050 9184 4480
9201 8839 143
4922 9763 4059
707 4337 3374
4526 9033 2708
5287 5837 797
6627 9341 1723
2670 4633 259
5455 7380 2370
1634 1319 4635
3356 6055 1631
9286 1608 13
3841 8406 4745
1205 6495 3280
8152 7218 218
5902 2542 594
8312 5443 4132
6205 8694 351
4278 3098 4966
4266 2365 4833
229 535 4218
8701 9616 1171
5350 8844 2658
7930 8420 1638
9973 8918 370
3141 7835 195
3511 7408 3863
3377 1352 1257
847 6032 4521
9092 6709 4644
5011 8509 2907
3362 1008 3744
4128 8527 3759
9031 1272 1548
4199 367 4854
5719 1926 2243
233 5233 470
1177 9069 828
3977 6328 615
8098 548 20
609 4524 4217
5862 4987 895
2214 3150 2055
8295 1696 69
9546 4659 2666
2710 5215 2678
4079 9374 3156
2393 5295 2959
7067 1283 2225
4406 1656 1273
9240 8881 3650
1003 1026 480
3125 2116 993
5461 2386 4824
4190 1767 4066
7066 1795 907
1576 5044 4220
3836 2581 2053
619 9812 3328
5616 2220 3370
1251 2158 1012
6357 6765 4617
4891 8458 722
988 30 631
1053 2698 1697
3592 375 1005
6877 7450 4749
6251 5525 3021
6392 7613 2014
3059 3627 4493
3148 6360 4137
5036 1629 2404
3946 5034 2307
6440 2783 1436
8278 370 3987
4322 9875 457
5141 3272 4198
9361 223 2808
6016 121 2215
2651 8596 563
7143 8903 1896
6508 2496 2715
7300 8058 1468
1405 430 4112
8035 3031 3825
4697 2003 413
6106 9551 652
5731 7545 4691
8338 1377 3057
5563 5507 747
9040 5111 4858
5853 6030 1372
6949 4194 2022
5200 2302 1129
1573 7928 1625
2100 9038 2503
2319 4333 4297
7856 2811 4641
8761 978 1328
368 2538 624
7519 2823 3146
5150 1742 1999
4304 2385 269
5117 5498 4020
8449 1822 2001
1748 4767 2973
6221 2247 3055
3721 992 1792
990 2269 2299
1070 3598 129
249 1893 927
3455 1079 2308
6951 4953 2519
3029 1370 2311
4068 7618 3917
8227 455 3042
5502 2262 1091
7838 7770 193
2078 7002 435
5009 9230 3821
6545 7750 4782
8489 7370 1506
5759 6600 4847
7144 5008 638
1042 3468 2849
252 7337 3560
4750 6231 3701
2750 7327 3301
3112 3567 4627
6731 8290 216
656 7256 928
1736 4631 4089
5147 781 2918
3014 2099 373
1558 1082 1180
7923 134 2310
2332 2106 3026
9337 3660 1929
2265 3444 4522
1404 4989 1903
3476 1830 3329
1218 7067 3327
7727 5036 2519
6771 9539 3986
649 7991 938
1835 9889 4318
9503 5414 557
1801 1928 3032
8095 8931 3717
2103 3930 4776
983 3231 4053
1924 5275 3023
8450 6564 86
2978 6591 2470
2133 3444 3304
2912 4953 2777
8347 8810 2340
6165 9515 1692
7306 1133 2304
7564 9034 4071
5675 422 4253
377 5848 3765
1072 1105 4078
8660 4229 2514
4572 804 496
2558 7984 2134
8338 9869 2093
2785 4524 2514
3785 7234 4977
3356 6652 3193
7008 854 2348
5071 8826 3255
7512 1912 980
8823 8585 623
6670 1111 4310
2765 8024 3609
3608 4847 3649
7596 4722 4818
6842 7178 4243
4778 6142 1028
7582 3851 1986
1676 8462 4260
1713 5204 3403
8118 5359 2334
1980 3499 2746
4543 5765 2815
7179 9784 3742
489 7541 4925
999 7801 3621
905 5058 3058
5527 3448 220
322 1167 3973
3208 1701 2148
1709 2479 3857
2819 5758 4815
2873 1776 1503
9415 9080 2928
6257 7336 1042
4232 856 3005
5996 5602 1332
5349 1713 4081
7686 4730 4357
5819 7062 2628
2556 6611 2524
2550 4418 1770
7172 5043 1266
8278 2215 1261
387 3028 1042
840 4508 597
57 6854 2397
9352 6648 344
7497 2653 3081
5578 2562 506
1750 4564 4207
7558 6871 386
6737 7395 1900
7194 2789 3064
549 900 4699
3909 2634 961
9387 5611 3193
3196 2938 486
6135 17 3461
5691 682 3252
9311 6361 930
5501 8863 4259
4152 4465 2878
2074 3562 3252
4096 9508 2166
1182 1695 224
544 2795 272
8810 9334 3075
8055 6617 280
4873 958 3375
2355 4013 1528
1582 5940 982
7639 5161 1021
9868 6165 3873
9670 2929 4724
6680 449 2764
8569 7051 2898
3839 1320 2217
3470 4431 1460
2940 537 4058
764 4698 1778
1288 741 3731
7494 2758 1360
2349 9197 3824
4158 9788 2724
8301 9280 1577
6557 7973 2401
2693 8859 3257
540 1344 3983
6420 7719 4341
7376 3496 4118
8453 939 968
1701 1044 1693
542 5735 1411
9511 2464 1703
8677 3645 2983
2693 2423 1724
7626 8090 2748
724 4419 2348
8589 491 3257
3967 3065 2163
4565 9015 4993
6539 8992 2051
6713 567 2284
1796 2774 3426
1717 6488 3002
5322 5095 1064
7652 9593 2029
3217 9633 4677
7681 912 1084
1978 4879 3121
1268 6316 286
5109 7759 3114
1193 826 1220
7000 6008 2159
4812 1352 4809
729 4344 1626
8016 7617 272
2735 6790 3756
538 5409 87
3368 5265 3388
2758 3893 3696
3061 4492 3253
4399 5332 3255
157 4818 4402
5853 1415 697
9587 9718 257
6628 5246 3219
3855 2882 1525
6623 7949 4958
1167 1890 631
8050 8334 2759
1868 2944 2848
9875 2807 3721
2925 9530 633
6642 9778 2386
2287 2389 1072
9943 2327 2853
4042 8950 2108
1158 9043 3630
5412 7838 3198
1419 8027 3320
6133 7939 1326
2619 4232 2983
8532 8527 1930
7143 7092 116
8186 9589 4585
3543 3848 2316
780 8417 1647
3186 7731 4189
3574 6428 921
5761 9442 1496
6374 6793 4280
6648 6267 4241
386 8881 182
7886 9647 3025
6833 5503 1955
833 413 406
3054 2344 3970
5973 221 1653
6703 258 2302
7706 93 1273
9180 584 1924
3639 7415 713
4339 2326 914
3537 7737 2365
7365 2892 4087
9318 3730 4742
2874 2357 3340
8246 4560 4675
5369 4260 1293
8171 6825 1032
4036 4039 3238
9406 8368 1756
2315 5068 244
7722 2848 4220
1400 5662 4116
1717 6823 617
8211 417 4830
8293 504 4914
8753 9196 512
4305 318 1703
3786 6455 1450
7169 2401 2202
4950 5395 1041
3042 7928 2945
9867 4243 1115
6384 8004 1906
2193 7935 1471
3037 2419 835
5167 5706 1951
2392 5244 412
1578 6428 4739
3073 3045 4643
7251 4155 2962
1582 1398 3233
5541 1122 3458
69 8956 3269
2842 4852 4857
5324 1740 1842
3265 9520 3484
6981 76 2794
7606 5303 1221
9420 6653 3237
4994 7846 539
1531 8389 703
3476 2205 32
7429 2540 1584
9393 1944 4776
1429 8803 2156
6547 5400 2990
888 6730 1781
7088 9507 4167
5574 1037 3099
7505 6889 2955
5819 9510 617
9780 6211 3379
9589 7255 3326
1006 3011 1130
3232 6197 2251
5019 9373 4697
5692 1706 2371
3841 7377 38
4406 3229 2064
2540 4862 4974
1697 6850 1273
7042 3236 981
8150 7666 3846
4449 4479 1212
2967 2377 810
3046 4940 1075
1764 9672 3929
3142 8408 759
9442 462 1906
4216 7270 1672
1703 7433 2677
1653 512 1448
9681 5985 4428
3873 9167 2679
241 8292 1686
3852 2757 3883
1656 399 2445
5145 3395 2643
1434 3564 2604
6987 3305 2415
3689 1072 3601
1275 9919 529
6237 3772 1603
5705 4279 3656
1394 5873 2134
3459 3983 4145
2725 5302 2480
1765 7942 3361
8921 9362 1153
2410 534 3261
8837 2178 4667
9697 4173 2794
9028 680 1424
8392 4974 2840
7550 1941 4561
6842 9386 820
9243 8425 699
6999 2883 3025
4806 9779 4957
3202 1749 2478
5279 4076 3427
5549 1635 1641
3555 8475 3553
1818 3654 3394
7634 4764 3163
1339 7062 824
7034 177 2611
4467 3948 1856
7416 325 3966
3881 6267 3848
1281 2081 4081
4254 7927 34
6842 9920 3071
3921 1279 1427
1769 7428 4331
9745 4957 4
6354 7390 1151
9733 6982 3657
2307 862 2236
1459 9086 3523
2780 3201 534
1732 6177 3636
9043 7409 2569
9145 6309 2113
8051 4235 117
1917 9953 1179
5957 5644 2022
1977 7422 2744
5344 19 2134
6407 1684 3560
1838 4832 1917
8871 4454 401
3714 9879 3818
2059 6203 3906
5509 4609 2832
7209 6851 4825
940 9533 2411
1458 4227 1062
5829 1012 2889
6427 3221 3348
921 3572 4174
5408 5277 1315
8308 8566 1525
3110 1898 1722
2434 7004 3983
8384 3541 2529
3320 5880 4390
5976 9485 886
9936 7589 3819
6705 4050 4197
5930 8385 3210
9430 2425 1162
5473 4419 1857
7991 6668 1607
6896 6639 1447
8234 8148 795
1258 7560 950
7163 6077 1739
5611 9780 2727
5686 3199 4961
4412 6050 391
6963 9308 4272
5519 8233 1053
9943 4319 4409
6766 3857 501
9940 9400 3783
2465 8528 2733
5329 4533 995
7318 9509 1675
4902 3593 698
5115 9272 973
4314 2603 584
5836 4135 2540
543 9499 3289
7579 6379 1205
5100 2336 4508
5910 8103 2144
540 5066 186
6062 2603 3973
7622 323 1648
6032 4120 3784
7061 6231 1897
819 7418 3618
9344 9955 4002
5250 1260 4
9548 461 3238
5793 1613 2318
378 7989 1390
3743 4595 3344
1680 5940 343
4455 1938 513
8176 817 4206
2505 9233 1242
2279 862 4814
2351 5205 722
3450 464 36
2938 9586 2916
733 1048 768
4978 7228 2104
7303 2891 4688
898 5692 3033
5275 2073 1972
7890 8257 1539
457 4136 4052
5651 7865 2400
5133 6172 4458
4639 4645 1118
6261 3799 1603
3452 4024 4572
8913 5038 3395
5613 1084 4676
688 3394 2384
9198 3274 435
9161 2258 2414
1461 3415 338
1925 6917 402
6645 4172 2155
9529 672 1650
5998 9272 1992
4762 1945 3976
7930 3185 1671
4664 3829 348
7436 1819 4482
2488 1636 4353
2614 1507 3137
276 7107 1543
9322 2702 1801
1098 8652 3082
7558 8536 930
1391 446 4457
995 2527 1930
8874 9127 1975
6539 9456 3930
102 2300 2916
7368 9963 2593
3928 5860 3466
5072 4430 523
1138 9924 1551
5712 4783 3698
3028 8574 3201
4079 9696 4634
6424 2663 2509
272 2569 1897
8228 4299 1179
943 3694 577
7780 5652 617
4281 5255 83
9948 727 4928
386 3133 2992
7852 2268 4270
6165 3957 2786
3859 9442 735
402 6274 3939
3710 3607 1746
8514 3019 3643
6291 5242 1773
4841 8851 430
2916 4914 4723
6376 6409 4270
9418 2806 1929
9131 5934 4488
5653 5426 1495
445 1203 14
1833 5966 2541
4960 5049 4511
5079 8049 4872
2313 64 3659
4440 932 3002
1717 9000 3820
228 3092 1104
2786 1682 3704
7475 5377 448
2194 5642 2058
9781 8677 1976
9407 1219 214
3421 2882 52
4494 1733 428
3760 7975 1076
8326 1107 449
2460 9788 3719
2823 9755 2799
7340 5353 2927
1874 2551 3534
3516 7590 458
913 8091 4975
6985 3466 1703
378 2960 1298
5717 1695 3826
6342 7035 3580
8725 2855 968
2690 8013 2341
6846 2627 809
3406 3507 2482
5970 9455 2848
9203 2901 3011
6518 5741 3259
2615 1047 4752
2803 9796 2672
9801 538 4780
9286 4979 2433
1230 4891 4084
5971 3408 3597
7005 3210 3702
9103 2873 2858
6839 4785 4162
5798 8903 3510
5107 8154 3580
6843 9560 2934
5296 8137 3983
73 5268 964
9187 6665 2993
856 6493 3801
9815 9520 3388
4588 5523 546
1629 6128 4800
85 5128 1126
5429 6763 4122
7477 45 2543
2714 6959 2150
6191 8184 2926
759 8936 386
4905 6511 3337
110 6385 1806
8310 3007 4134
6083 518 2423
1674 6840 1166
7613 5410 1
2666 452 1294
2957 5482 1432
1800 3021 1837
9192 204 1430
9516 4615 2175
6262 2202 4036
6193 3989 2656
1571 4811 4191
7602 4318 4835
7721 1500 2582
1598 2155 4894
5387 4518 3029
9180 9802 1970
8948 5130 1832
3719 5431 4098
4805 9346 4990
9878 1090 3550
9672 5692 1826
5704 9831 2784
2345 2186 4507
7757 5270 649
2125 114 4681
723 1077 4491
1471 8135 2474
9423 7495 2044
1036 2007 652
4704 9948 3468
3912 3439 3471
417 9249 4447
9996 1577 441
5152 47 2309
5279 9915 3191
1671 7410 2206
1009 458 2967
8040 6013 4259
3406 4288 2383
5859 9837 2233
2753 1458 135
4910 2669 137
8338 4823 736
8416 3063 4468
6669 5251 2224
9343 590 3812
8965 7257 1426
5315 5389 286
6115 5092 979
5481 1979 4967
788 9400 1680
7503 6056 3668
7632 36 3628
9490 6210 243
6585 1518 3472
9616 4515 924
3461 5980 824
2815 8879 2151
9119 3358 3112
9845 5130 2950
9633 5971 4409
2623 7936 3794
1009 6704 4777
2152 2235 3407
9814 1809 3069
6367 9229 2063
9798 468 3564
341 8580 1459
8148 6958 1020
318 176 1391
3691 5801 631
2252 444 2121
5987 9606 3144
9560 1796 2739
7689 3366 2138
9845 4282 1595
9215 5670 3467
3283 3350 3905
5874 9291 4194
4400 9703 697
3977 8857 3880
8662 8159 23
1851 9194 4226
1451 1432 983
3776 3828 3877
9995 5337 1310
3415 3310 769
4357 3852 1364
4513 1335 3623
204 7623 806
2368 8022 4123
7948 9858 3410
3931 4025 4178
7951 670 4200
1123 3145 1411
2829 827 4158
2321 2966 444
5001 4619 4253
4812 3919 2606
1838 9891 4021
8436 9204 804
6805 4184 4802
5787 7795 913
563 4766 1157
5582 9686 140
243 3053 4188
4827 2688 1091
4505 1597 4085
716 2038 4417
3656 1567 1955
8100 8064 2260
3434 4217 287
3672 971 2797
7749 9403 1398
5441 1488 4080
3657 3653 2015
5692 8528 944
3811 6692 4103
2675 2658 385
1338 5483 1278
7970 6855 4531
6029 4714 3310
2878 1332 758
6313 7400 72
877 6833 1345
713 8423 1122
1732 2174 2195
161 7488 3093
7089 4660 2768
3491 6371 1249
9421 2095 953
4017 5450 360
1645 1718 1965
4437 4199 4963
6176 8876 4752
5344 443 4833
2172 9231 677
8628 4674 4168
9592 9723 2102
5832 4449 4784
4554 9728 3598
2306 5763 2415
7638 2403 452
4732 8019 2054
5023 2057 883
7336 5910 3375
3783 9322 2107
9614 31 2154
6295 5334 827
4644 4932 2119
4999 6891 2975
7946 5070 4234
1117 4790 2607
2622 5194 1103
8382 8369 4376
6453 4882 3105
5210 281 4590
3757 407 2049
3903 1346 3897
9143 4812 1272
1252 3892 4883
1604 3666 3579
9983 8179 2788
4270 8633 1793
3516 7990 3973
7925 2170 3616
1998 5931 2060
2483 2674 2109
1893 2689 2600
24 3335 4318
3449 4506 803
3048 4718 3890
2251 2956 1881
7459 2395 357
7283 4874 564
9817 7913 2831
3547 7823 404
851 7038 1936
2641 3845 4881
9898 9126 4551
8020 7471 1719
3704 6108 1305
1588 10 4350
5594 8674 1550
7537 5991 2920
8946 2936 3401
3708 2606 718
8641 9889 2304
6054 1639 500
9122 8574 2840
8313 9239 4739
8452 1529 4324
2006 1633 4929
4428 2971 4599
1967 8141 4590
3852 4674 1106
33 6745 2091
3108 3284 4819
5229 5560 1541
5057 3202 1537
4649 9237 3718
1618 9761 3644
2090 206 2216
827 9258 1768
3035 4768 1216
4538 3210 262
400 1327 3765
3685 1828 3082
3157 3629 1096
4806 3725 32
8450 8158 1399
5009 4169 3934
8236 3917 4693
465 7961 974
2217 1369 1369
5993 8122 4422
9634 7072 4917
1279 816 1201
4969 1826 4661
8243 2935 3857
2667 4603 2383
5897 2891 306
7219 6289 4674
9550 1263 2914
2348 8854 1725
1396 1474 4633
7594 8077 4152
9441 5846 875
6983 6646 2936
923 1746 4382
791 862 3051
4522 4862 171
2358 7647 3585
6387 968 960
2071 3641 798
6372 2254 2782
7722 6027 755
401 550 159
3532 6323 3367
8805 5714 3863
5115 3918 4798
7778 3879 4495
4425 7389 747
8958 4415 3000
8239 1221 3182
3717 777 1445
1755 2851 4852
1274 8781 1303
3145 6669 1587
7775 2197 2706
1854 1529 1142
9760 8540 257
3368 1416 432
2526 6236 1253
3808 7219 202
5946 607 3143
7444 4830 4563
2857 5741 1312
2497 9433 1309
5341 4609 3223
5515 4564 4050
6161 3646 630
7086 9861 756
4864 6071 2900
9751 877 1691
6305 5543 1846
5816 4622 1299
3342 7224 1305
4188 7159 3475
7403 6291 1030
2742 6706 3948
6387 1210 4039
4982 7212 4818
194 4546 2914
5494 2721 1170
4820 2796 355
5898 9787 3497
4271 2413 3001
4734 9900 3686
8722 861 3076
4453 3758 3951
1361 6523 328
3097 4752 4191
7959 3639 567
1778 7015 381
2012 5701 3114
5623 3842 4638
9879 6070 1517
1506 1570 2605
4586 3007 2090
79 1530 2846
375 4278 1751
7623 996 4299
6813 8979 220
8703 8384 1974
5544 8639 3025
5771 8235 1839
6998 4273 2628
4307 9205 3673
6112 7355 4706
9259 7915 2130
2178 5725 2396
2654 9517 474
4968 3489 3151
8686 2745 3912
5351 6612 4220
4191 9587 4053
8650 5370 506
7423 8560 3532
7884 2970 2601
3810 929 4191
1752 5464 4342
93 8901 3311
7193 8559 4878
4285 6113 888
1761 9870 1823
2600 4643 3382
7902 1163 4610
9722 2528 3803
5508 2802 1773
7194 1728 167
138 2406 3016
6318 3121 2607
1208 9166 3981
5748 7412 456
6000 3340 1484
680 9219 2013
6164 1250 1813
329 1066 2364
5107 6674 2242
1775 7903 1292
9246 4734 582
939 3462 3502
8078 5375 4347
232 6350 4656
3639 2518 4296
9689 4360 327
1160 1497 3737
1271 3106 278
4070 7938 230
7535 1660 4334
4333 6751 3760
9683 935 4522
7622 7800 1918
7795 3541 865
6818 9357 1174
7330 5653 4994
2775 8033 2536
6779 775 691
706 265 3275
9982 7250 3856
4785 844 14
9738 7568 451
1032 8415 1765
2167 6068 3263
6246 1168 4458
142 6191 769
52 8628 2775
3992 7434 336
106 8185 511
338 1642 51
2452 2301 1085
1912 2773 3243
9168 3574 343
5220 1569 293
1997 1255 4474
1116 6206 4640
3210 4400 4818
1833 85 3130
7589 7149 4245
7812 1061 325
1800 4613 2498
1300 1336 3487
3758 2940 4577
2454 2487 2973
1836 9296 3123
4215 2213 4834
5396 8304 3164
1991 7088 3655
2389 1778 516
7941 323 1278
5353 4148 2470
9749 6397 2590
5354 590 1287
4512 2567 686
8491 2325 2668
4315 8599 413
5428 7644 2829
5385 32 1398
4823 2320 2064
2266 6863 1764
4015 6140 1470
3721 1890 3793
5248 4710 4123
7252 8154 1024
3183 2517 20
2532 272 3282
1476 3380 1068
235 3851 868
8585 6804 3684
6968 7573 2295
5033 8487 1370
2914 8360 4008
9087 178 4088
3199 1012 360
4903 7084 1888
512 9479 3168
6838 6412 3680
7159 2861 4651
6198 518 1284
9972 7113 2555
9993 9801 575
680 4210 4037
2015 6799 2440
9754 5368 2106
5254 8226 2169
4991 6668 2820
7664 7566 967
4016 7376 912
5645 3236 2087
2741 7628 4113
9535 3471 1430
8538 7606 1762
2392 2843 3838
6186 6983 2625
4211 8753 2372
2098 8185 2500
9732 4745 3510
5002 5615 2254
960 3098 247
457 2544 821
4919 3828 3152
6811 5347 4616
4815 5883 1649
9078 9062 1411
3523 2235 2039
5007 5454 2005
3577 5719 3176
6835 8432 1327
2170 8582 4905
6805 5977 3968
6038 4968 4955
2437 86 1812
8964 11 927
3306 3813 3824
6499 1199 639
5987 7486 3948
131 1626 2546
1460 1887 648
5834 8656 885
6233 2519 1736
1132 5794 1994
9986 4478 1315
8991 1201 927
5868 8935 3791
6635 5535 320
9451 1051 3084
3309 9832 3675
5968 371 3024
7195 9920 1124
1978 6072 528
630 9889 4561
1515 1017 250
9474 4338 2416
3620 247 291
2279 7527 3999
3691 2266 116
6145 5503 3253
9271 4736 1197
7314 6767 1546
9070 139 4311
2836 6269 1620
2702 6448 3648
6835 3708 823
1437 5069 2020
1296 1006 3759
5565 3746 4889
8240 7794 643
4527 1782 2181
3046 7075 2391
2195 9698 1809
503 6166 2108
6249 1835 2305
3256 8293 1653
8294 1036 3384
8146 4922 1101
8850 9749 2564
5089 837 2915
8721 4659 3888
4252 4032 4569
9567 4797 4003
5505 2188 4164
9657 7935 1327
5000 5467 4974
7507 9239 4554
9660 8899 1463
3066 4714 2785
5649 4834 217
4580 2480 1001
349 154 924
4918 9691 3273
1940 1794 3877
7299 8630 2636
4583 6090 1711
9271 513 2838
7211 8952 3116
6296 2098 3532
9741 2895 1761
3881 9281 2773
3952 137 267
2094 5675 2878
3200 9745 2742
3003 6049 3280
3377 7445 3994
3574 1728 1440
5878 2590 2552
5933 8697 4010
523 2015 1810
1556 1916 513
7289 5751 999
8036 3893 1690
5977 9128 1607
6738 2327 2409
9226 2889 1019
5519 1417 2784
7024 9488 2532
5103 3609 4532
8117 8972 3897
1145 7497 561
3784 5302 4986
3534 5710 4207
9576 1373 463
5731 4564 4412
2852 5419 3549
2605 7928 1745
6955 4597 1632
3311 2042 3527
1350 2526 2
9821 2313 4501
6892 8741 3897
9148 4804 1255
7735 7887 2708
1685 5152 1821
6504 7204 1121
772 9665 3602
5795 591 3145
6152 9712 851
2104 8954 2571
6484 8486 2701
9263 4510 2387
1289 6887 2340
9369 3876 1684
1627 1372 714
5240 6250 4440
5205 5114 234
2787 6337 1026
1628 8485 339
6441 160 2012
6698 4093 1391
3782 6051 1003
9008 5330 1407
2369 9743 729
7004 5801 3269
1528 3264 507
7212 3939 4224
7172 1286 2384
8374 4737 2633
4439 5044 1629
485 65 3803
4788 5520 3693
8006 7682 2384
1984 4808 3442
5674 1642 4108
3440 1590 3289
4005 3287 1434
6011 3632 1985
7103 3225 326
5447 7483 2894
7591 8284 3111
6616 913 3713
956 3061 2758
380 7479 3128
7007 6991 366
6333 9430 2926
315 8447 2958
2424 6988 671
774 6895 4202
6713 6102 2836
3427 2227 3158
4172 8133 2222
1757 4254 526
2959 4456 115
4259 3202 4660
7142 8526 2323
8434 3446 2608
9552 6353 411
116 87 551
9046 2545 64
8415 7999 866
6348 3550 4352
9034 1994 4854
3531 9530 1189
7811 1330 4640
1557 8289 4854
9432 3610 4580
1733 8753 3915
9894 2106 790
6771 5447 23
1594 8597 607
7624 5931 3741
6897 130 841
8379 524 4260
7062 7201 2617
2050 2066 3371
2149 5016 4892
1417 5468 1055
8492 3683 1377
8361 1758 3308
7151 5521 659
7987 8015 1646
1272 3378 684
7551 4745 4665
4030 1895 1961
5343 2254 4006
6991 2987 2824
5614 4047 4030
6931 6060 513
1520 8497 1045
5250 7164 3473
5530 1806 3141
3514 9767 899
7467 2777 3841
1566 5402 2064
8762 3183 3387
2820 8765 762
3198 4707 996
3838 5468 193
3077 3304 2321
6590 202 3879
5098 9711 3407
8274 7224 2669
7304 4940 2423
7010 5165 2496
4144 8828 1167
1882 8442 4002
3566 9137 1450
1732 2082 2703
5340 8357 4451
8021 7718 2290
655 5756 476
3570 1066 2789
1086 3407 2543
6213 6118 442
8936 6812 2648
6850 9218 3513
3590 8937 4018
4366 4803 3927
8060 1281 1872
5045 1421 1355
5561 3905 4249
4078 4319 715
417 6945 3020
7515 2217 3650
6907 6265 3004
6910 2572 350
6897 8172 404
3871 9943 1910
3506 6158 3610
7978 7440 2097
5101 1555 275
9153 4127 1663
9591 7686 1000
1834 8515 1524
900 200 1785
4511 576 2012
5494 8374 1501
7820 1857 3979
3245 2215 435
3459 1306 89
7162 6510 3233
4611 7136 2947
1580 8217 2186
7780 8335 4164
8165 7651 4309
8996 8388 2495
5728 8201 4028
5824 7622 4760
7816 1397 811
4788 9810 710
7505 9856 2407
6827 1098 444
6153 9648 1450
3691 9356 2903
1579 339 4415
3345 2177 4041
8466 6516 3216
8523 6973 4441
9935 9360 4303
4942 2393 146
342 3751 1535
6312 5422 496
3740 814 2596
2290 4284 769
1583 4465 1380
644 7257 3335
6126 1559 1827
3538 5526 1457
9221 4624 4917
6120 7805 3582
869 4074 4668
6841 1157 249
8846 4431 4647
2696 9676 3915
880 4931 2600
3375 8544 3475
8892 7278 3264
1144 2350 4652
7350 6736 4022
6172 2495 931
3213 5493 2458
5257 6619 560
4599 3713 988
5643 3233 4196
3132 4983 4576
9443 9601 2972
4014 1087 1461
827 522 4259
5435 9453 349
5108 782 242
2873 4582 852
7391 524 1761
6626 4121 1502
3991 8043 2034
3567 1271 1676
4897 2442 2551
1025 4789 3604
2030 8398 4689
7902 6447 1331
1226 7869 3843
9921 4822 1156
9989 2910 808
574 1697 4056
2224 8122 2192
8879 2185 663
5581 1423 3934
5522 324 4017
9296 6911 1933
1313 3684 1178
4486 989 2249
9613 6381 658
6877 5226 755
9999 6494 3213
2813 7887 753
4527 5749 3967
844 6948 2593
8704 7102 4157
7141 2669 1755
7236 8380 3048
7349 7577 791
7587 2014 1458
1078 9424 4840
9350 3194 4957
1415 8071 3111
7836 17 4010
185 23 1041
2805 7185 4731
6945 2634 2267
5014 5518 1500
7249 8286 2378
3210 1 88
3594 9935 4466
8142 8203 328
6882 4699 3471
5578 9241 2520
9778 1436 4428
6792 8893 2491
9847 8375 3986
4452 9866 1585
2923 126 1717
9524 2313 1367
6194 9058 3299
8211 7713 210
3391 7707 3007
6097 8046 4353
6029 4701 2685
7931 6332 2657
3512 69 4752
2348 4270 3429
4716 3360 148
8278 1828 1823
2112 2459 1420
5669 7544 3037
312 4238 623
2263 2680 3454
6442 5012 1955
6118 49 4686
4607 5164 3030
7266 3807 804
4693 9340 1235
6945 6912 1453
2383 4149 4025
7182 7020 20
3300 9100 1247
8229 973 3943
1151 997 402
2367 4179 2590
8611 8653 3511
4470 1854 3767
9626 3920 4898
9879 6375 3919
9880 4007 1834
3327 4026 4141
3206 3209 4318
7309 7038 4538
8394 3444 4520
6529 8552 4759
8672 2451 2831
8400 2011 3666
3447 9130 3553
8823 1679 3104
5711 2957 1164
4087 5449 305
8047 9882 1931
7863 8903 4019
3814 5896 1091
1867 9498 4945
8565 410 3088
8460 4188 4890
6617 499 1614
3417 4740 1446
9736 5748 472
8866 6465 3799
2522 2527 3346
7109 3032 4380
1444 926 3683
6621 7214 3743
7279 8819 3386
7260 3750 4930
7899 1232 4365
1107 9974 372
5879 9440 3587
4337 7048 4108
9407 9314 1866
3558 540 2962
3531 7961 2299
702 6954 1293
4199 2298 3178
1922 906 1929
3958 2480 2291
9111 7737 4081
3077 6382 2869
1780 8653 4396
4485 9923 910
8790 6698 3224
1328 3464 1157
9507 4933 176
6557 3902 2985
7742 2989 2167
7653 6602 1671
9820 9023 2853
7795 2415 3251
8575 5288 283
184 7619 1146
9056 4899 1857
8325 5814 4299
135 442 4743
9646 8371 3513
7105 9313 1320
4386 5128 135
5353 1061 2190
470 5086 4123
7654 3661 2825
9950 7991 3070
4476 3697 2352
5268 3847 3127
4811 9262 3210
1643 1007 3993
8183 9402 4958
7284 7479 1167
2449 2632 1159
7033 5037 3104
1385 5304 1983
3882 559 86
2420 8139 92
2225 7540 2977
981 7802 3437
7706 7158 4613
3985 8806 318
5229 1773 2066
5871 3937 4540
6182 9737 81
1917 7124 4225
1152 2538 308
8158 5603 53
895 414 3298
1325 5701 2998
8679 5675 4657
3588 9591 1285
2353 4233 2099
5223 5831 3573
5549 2993 1738
2973 2083 786
4975 8783 2533
4581 1374 1553
9368 9414 3061
1399 7327 3294
9240 9825 1631
3417 848 1954
9037 1296 2596
7109 9564 2680
9621 681 3946
217 5721 3567
9793 6051 534
213 7067 1710
6737 1834 522
2296 8501 3971
4772 672 4117
1852 1046 3715
3125 407 3079
9468 9848 1878
8689 2380 568
4512 5144 1085
8932 7222 4256
9551 9871 4755
9258 6496 1106
8279 9441 1922
121 3065 4527
4700 924 2955
2367 1224 4117
5884 775 2625
6280 855 4585
3109 1750 4678
1572 2453 3346
874 4303 4476
5798 8655 4647
6898 5340 2159
9037 1113 4489
4453 4462 127
9735 3961 4454
7010 5786 2522
7521 1136 1530
8185 842 3054
4153 8361 3747
5014 8675 3867
605 5509 3270
6235 2509 1844
449 774 3044
6430 111 4788
5058 4459 3206
1770 5909 87
1595 2269 1812
5480 862 3417
6467 6143 3082
7090 905 2950
476 5716 171
8377 5910 3053
7500 7015 2702
7941 8811 4707
3485 7803 4694
4073 9562 789
9860 5052 3994
4367 3698 3782
2489 9288 4863
682 3124 2668
2497 1354 4641
6350 299 4854
2043 440 1132
7464 6923 2229
8144 1167 2528
3068 4115 1867
2758 1321 826
1216 9517 403
2142 7157 3413
2189 3842 3973
7373 3148 4524
1786 3591 2043
121 8802 1994
1601 4311 3031
2662 4094 4021
8749 214 1699
5057 6322 1777
3212 2960 4219
7257 4329 1257
5970 6829 2621
6609 9051 3217
6781 8707 280
5466 9073 334
514 812 2952
9112 9433 2865
3526 8920 949
5367 7686 3052
870 1516 2573
4416 3618 4453
5456 7439 4428
1745 9172 405
7878 7439 2243
1746 4621 4346
8513 1875 2848
1870 4832 2221
7007 6657 760
9775 9730 2795
4137 1810 3721
1527 582 31
6662 5954 3400
2318 6480 3203
7015 8787 4533
5931 4759 2570
5448 3849 3269
3601 8153 4066
6972 7103 2954
9903 5770 4912
746 2763 1873
4514 4613 1088
3817 9192 838
7010 2965 1512
6245 7029 2207
8361 5074 883
8626 6423 793
5112 6306 1313
8989 8466 1915
6617 3570 2746
8806 979 3065
3385 3289 711
5910 1344 1636
1265 3227 2831
7061 1862 896
7279 78 1343
7948 8302 2372
7779 3074 2434
5025 7475 4733
3136 7300 1400
2878 3713 904
7906 6230 624
9996 6673 4568
2629 2787 2837
8556 8950 2795
8563 4478 1615
1968 3530 2574
8119 4987 124
8646 7330 2519
7323 4487 227
7399 3199 4998
7809 2481 4708
6879 1709 3991
5688 6673 2798
7197 7947 4832
9367 910 3153
2043 8303 1990
4737 4301 1224
5387 2036 708
8290 615 4894
5181 4271 2735
5131 1276 4793
2065 4741 856
6047 2119 4210
7077 3881 2550
8964 4114 50
1092 6978 714
7396 785 3119
4127 9942 961
4985 5012 2666
3479 4021 4033
5726 2936 165
1578 5888 3123
1566 4523 3567
1788 6219 2448
1254 5745 3884
3733 3076 3893
6970 8482 2213
118 1452 1652
4376 1174 4026
8303 1127 128
94 7978 912
9401 6133 3948
1673 4900 2825
1665 5105 4775
5872 1616 2292
9542 5884 2678
8719 3103 4446
7968 3484 3143
8995 594 3826
2864 9744 3229
6985 1276 4240
812 8767 2108
3952 8527 4249
1123 6268 4431
5094 8674 1147
7674 2783 1601
380 9740 4950
515 7465 144
5107 6310 2257
4108 5576 27
3868 358 57
6187 42 2144
5859 2037 4999
779 8382 686
8409 7854 1891
3457 864 234
2905 8076 3094
3918 2272 3744
3003 2725 1694
8130 3636 3496
5308 970 2145
3400 2394 3161
734 5438 4794
787 4265 3804
3830 5843 1728
5363 2307 1346
6853 5997 2132
9661 3375 430
5635 3427 4615
7671 3110 2501
6048 1581 1596
5680 9624 3559
4849 2376 3448
970 6223 508
417 9995 4602
7510 2561 3827
4182 181 2575
1469 4233 1986
1875 6336 2384
1493 1128 4981
1458 3278 3558
6015 6879 2544
809 2562 2955
4727 2839 3507
667 690 3382
2083 8847 4712
3000 2740 1552
8530 4255 1669
5898 7577 4991
3074 8810 4890
5229 9390 2463
6017 9212 4631
2739 2549 2671
1045 7906 2284
7964 5276 1442
9772 4436 3648
7510 5822 3262
6000 5155 837
2660 8436 4204
5457 7137 1654
8782 3082 3508
8035 6682 3469
5686 7439 478
3443 1315 27
1282 2746 1046
1169 4020 1840
8451 8077 2920
3444 4288 1463
1207 4936 2354
8377 3514 2751
4727 5432 3720
4727 9238 4150
8624 3785 3482
8525 3280 4604
2083 5931 1235
6089 4691 1763
588 3150 2799
4077 5564 1417
1049 5766 518
8031 3206 2348
6222 6880 175
7086 8725 4703
9258 2484 2096
7704 1671 2933
7795 5257 3402
1726 281 4470
760 1258 319
3495 331 1330
2941 1680 1146
3434 9537 2771
5953 1746 1466
1581 6840 4885
8389 3677 1118
3129 2511 4551
5817 4249 809
4288 2073 1346
6705 3779 1091
6757 2090 933
4832 4326 2617
3324 7779 872
5506 595 2185
5273 2042 3218
8003 8905 3610
8089 9018 4097
528 1285 1022
5782 9920 823
3408 2926 3463
8793 4890 1526
3206 2865 3222
3115 5532 2911
4402 6791 333
3401 3149 3170
9218 3084 710
575 5590 3641
1357 9299 3728
4052 2883 1641
8981 1641 2901
4805 5582 2774
2255 7439 4581
7688 7160 1325
6241 108 1493
3526 5402 3519
4656 358 4779
3812 238 4376
7103 8336 4973
1282 9825 3057
203 7892 4594
7153 8117 4662
6422 9330 4682
9940 9276 1781
8595 1773 4666
2020 9308 2379
9207 7538 2236
6369 1928 1420
3841 1367 4904
143 591 1164
4736 1491 2968
5518 1852 4051
5355 8514 3248
3567 7423 1727
5459 3348 1661
2716 7758 281
2139 8268 4859
9904 6583 3346
7118 8218 3546
8733 6045 4419
4400 3482 571
1456 6311 1324
1098 972 3319
5808 1380 2497
4146 7563 1694
6595 5958 2378
3292 1280 150
5569 5794 3596
8114 1087 371
3357 901 1179
7552 5415 4697
6788 679 4565
8942 9473 2709
8978 6275 4996
7395 9959 1549
5435 8542 2453
3339 4191 1320
3085 1635 2145
9295 4530 2732
2737 1661 1383
5662 8981 3550
743 6951 1139
80 8391 881
9036 729 2233
782 9408 4791
1891 5193 1017
4947 1701 2391
34 5869 489
9148 5712 117
1297 3967 2182
7851 4468 1324
9853 6578 1796
6793 4172 592
2992 2814 3375
4967 7409 1112
5247 4373 1796
9419 2921 2338
5579 3471 4913
6518 214 2370
2072 4153 215
8796 1370 3716
4639 4529 1133
6019 3887 4680
6556 8649 2765
3043 7408 3544
8243 2898 157
9312 1603 4490
8993 1672 1356
2497 5024 3148
6386 2014 2128
2614 8796 321
9919 7998 14
2644 131 4981
7668 9616 126
9951 7132 2023
5864 1663 2607
1268 1225 3844
5596 3493 1932
1921 7206 450
2216 5739 1670
3919 8173 4904
7765 27 4354
6377 842 2527
3861 7662 3921
5662 9016 3775
2950 6025 1625
7654 1415 4034
2266 581 941
5297 3775 1968
3721 406 61
3271 3053 2758
6271 9427 3406
4450 7291 2060
1100 3126 1933
1146 1644 2923
1498 9745 3397
8243 3715 4999
4762 8837 2467
2586 2310 3378
7083 3235 712
6028 4958 1739
288 9715 241
3380 5098 4657
1925 4042 624
5829 6241 2807
3211 6212 3540
8128 1441 1698
6568 5015 3431
3207 5385 684
4939 5321 1383
3010 8438 1112
3482 2280 2664
3544 5059 4191
5259 3063 4880
7321 9308 1735
4188 9766 3329
5821 7178 3737
5165 9007 1966
3624 5677 1445
1954 9952 4065
2 6349 2411
106 7097 2363
1447 2353 1608
1250 5299 2302
670 2548 2525
4280 7540 4121
3348 136 3708
5472 238 877
6551 3224 1162
8150 342 1553
4412 9357 943
4140 1674 136
5672 2054 3117
9915 6502 1647
6773 4875 1370
7609 2503 608
3071 6655 2143
5132 4667 1661
6349 7969 3426
8350 7881 3552
7844 5009 3194
7853 3046 3166
9762 8418 3346
3186 78 730
3808 3377 1808
2172 7998 4596
9013 2209 776
7408 19 1401
6832 7929 989
9879 9284 3153
1155 4859 4940
4638 1540 4425
5764 1959 2525
7531 5811 3461
2018 6812 341
3421 8924 2320
9554 5345 1231
6526 479 3431
8444 3013 1292
8220 7510 4640
5134 6618 587
5027 1386 89
9266 6231 3134
1145 6039 1391
3112 2589 2764
7402 8647 4908
753 8964 4135
5488 709 3470
9313 244 1567
898 3646 2340
7907 1166 642
3014 807 1125
7680 3482 201
2276 3839 4327
5941 9392 2708
1595 2282 4855
2524 576 3807
2497 2411 1614
748 3353 1987
6089 9067 1230
3646 3675 4722
8862 5887 554
1729 1965 1976
9544 8144 3847
3991 8864 3750
9856 2577 3597
9032 7664 3196
7169 8740 1282
4028 6414 63
9033 4801 1494
2133 9718 3140
6686 5390 853
4990 4189 2132
8339 6173 2776
7528 4436 1622
387 6601 1272
380 6260 4325
1058 5069 4564
4894 9273 1011
9627 8286 3597
2313 825 1419
9669 8420 649
1031 3415 83
77 8482 2226
3893 3579 4793
1960 4744 690
9489 9006 952
1236 7176 4841
6720 4082 1598
346 5531 11
7447 4580 4682
5566 865 2313
4634 3916 1400
7225 1586 4839
2721 9345 4575
97 2327 4261
4603 4320 914
6706 1416 3095
9697 3491 3347
2930 4472 477
8513 8621 2708
1878 7009 1906
2174 3940 4145
1700 3208 4015
228 5245 3955
4821 1252 309
3979 7796 3367
2600 2870 3395
5482 9846 2194
2001 5346 1054
5900 8750 1724
8624 5733 686
7071 3838 2580
8078 8470 601
1943 6739 2318
4555 7106 3364
8199 4500 3923
1743 3114 1398
961 1646 483
2912 9894 828
5544 8542 2793
1978 1612 4514
6023 8612 666
1978 871 769
4673 6291 374
2156 3134 3037
4095 5535 4851
6507 8345 1336
8359 9702 121
1595 4434 395
8812 1862 1152
3970 5514 3513
3732 1336 3270
8113 6267 3238
803 2340 3711
1557 6505 4596
9552 2950 3795
8661 9089 4555
4499 7676 4200
7534 1468 4467
1256 3256 4357
3760 5032 4085
7268 748 2852
1453 206 2094
7771 3810 14
9089 501 1514
8473 2696 774
3531 1863 645
4883 8375 1415
5096 1513 2465
3834 342 2245
4842 5064 3128
9291 7609 4363
9645 4860 1202
5368 9217 3381
3621 4920 4749
257 348 750
9678 7398 3439
8617 9978 1853
4042 4534 2947
118 1002 2117
1703 5964 732
1419 3245 359
3513 431 3632
6372 6392 578
7810 68 3172
1741 6352 3293
9115 4384 3390
5092 8822 1110
507 9819 4278
8007 2072 4350
5071 8573 581
8386 1730 4380
6377 9405 3222
9901 2288 1855
4600 4168 2098
913 5350 3031
7207 2329 2533
8166 7556 1402
1358 3644 4676
6716 3211 3308
2502 419 4776
1218 6687 63
4464 9571 2413
1794 7816 1291
3173 1118 235
1024 7190 458
6395 6938 4318
6158 3977 3588
2198 1636 4470
5947 9089 4719
3530 5665 4208
4099 835 2497
7887 645 3000
7480 1447 1302
6824 5204 3181
5676 6293 2280
1652 7018 2585
6472 6385 3438
7496 1558 2746
7510 1837 682
1947 2299 320
8096 294 857
8557 289 2766
8625 9285 1571
6016 9333 3464
8036 9661 1522
6705 2988 2962
5555 2248 2828
7543 6898 641
5725 463 1947
3072 5688 4976
8409 4229 4387
772 8449 3423
1074 8257 3532
8462 3132 83
4143 3344 2296
2376 2638 4856
9878 8126 4426
6121 3553 1072
2029 54 529
3939 3588 4776
8915 9260 1780
157 9258 113
4596 120 389
4051 8027 3444
5647 9079 2534
9293 260 869
4981 694 2779
7088 5453 4
2425 5766 3688
8982 8002 306
9794 760 2662
922 2343 3777
9860 9234 57
4443 6404 1581
6470 9906 558
9746 9426 913
8459 3160 4274
6880 4369 4347
8860 3075 3117
2180 6693 4807
6793 1302 3384
3176 6370 3647
7782 1089 3731
7498 5214 1518
9793 6734 4674
4901 2947 3152
1626 5857 2229
8851 7571 4423
8916 1440 2170
1577 2265 2113
5372 2684 3643
7738 580 2963
625 8736 3871
5535 5537 336
5277 7044 1336
4350 4838 4377
1316 8904 4397
8730 6315 3621
8463 9694 3015
409 1661 1850
9404 1849 4727
3291 8610 3779
1019 7180 2281
1322 4895 1379
359 1658 1973
4529 8813 2537
3470 9045 1430
8942 1231 2545
272 4799 3199
2898 5111 3890
8731 7167 1606
5860 7209 1516
3533 6726 1332
7889 3723 1906
776 8217 4674
188 3963 2506
5218 4861 2539
6500 8192 2321
4079 2926 515
688 9729 2637
4848 9851 3171
9209 6858 834
7981 7544 1542
937 7737 4639
48 9386 623
9357 8207 2285
6501 7305 3436
1116 7624 158
9776 9408 3050
1934 1518 325
3528 5752 3310
2670 5218 3953
6518 2178 565
929 9749 276
2334 8629 212
5676 7432 4837
5626 6121 191
392 897 2104
4879 4492 604
5642 6986 3132
3903 676 3067
7353 2562 4071
6110 7107 1268
3070 356 1342
1861 7389 2616
8858 9310 1466
9197 3475 4624
358 5249 1589
7528 479 963
3716 7833 3215
473 7477 1514
78 3547 1251
4574 8510 4980
3166 2306 1864
7626 7890 2996
6888 8053 3899
4439 6158 3179
8934 5327 1676
3051 4543 957
4809 8279 2318
2559 6857 4601
9901 8327 4509
577 7974 3616
5881 7802 2342
7163 5644 4339
5550 7192 4499
6090 6463 2452
6007 1437 4766
2940 4538 1127
7347 9303 1984
4347 6322 4409
2087 9166 2976
1494 6529 2834
2365 3007 4272
8036 3404 2673
1767 1416 4512
7650 7873 4345
6443 3940 2127
1113 4484 2332
9171 7838 3975
7230 4924 3645
6677 3224 4786
7303 1267 150
3166 1102 4292
8796 7189 1467
8147 7970 4658
6851 897 3358
8836 8282 4276
6258 7177 2317
2862 150 2708
498 5315 3856
8765 4850 3305
2874 2363 571
6639 3428 2146
6667 5414 759
8704 6630 2605
1856 5671 1907
1407 2173 522
4801 1175 1913
8540 2053 4111
7934 768 4356
7047 8339 3500
5159 1770 2077
7154 6715 435
1679 8096 116
5733 9284 1941
6795 7587 304
1753 5484 3028
2702 3014 3176
5050 1275 1096
4308 6321 3065
5486 2526 4925
5919 7967 4598
7411 3205 2599
1879 6215 4449
3907 2286 47
2947 2606 3794
2037 1352 1756
1322 8199 412
980 2344 674
4555 9842 4251
843 522 4372
4161 7255 2581
5453 5896 3659
7960 4040 2377
3548 2452 4591
2956 3750 4968
1118 3084 1044
1086 9007 1975
6813 6393 4753
4303 8479 2040
5870 9627 4203
162 8591 2225
6390 9837 4227
8146 3380 1133
9463 7424 2586
8363 4470 2744
6995 2321 3885
1753 3105 3820
873 2353 2126
4896 6428 4999
8605 4532 2849
9239 8876 239
9861 1004 3110
6541 460 4700
4864 7657 4297
3251 895 3414
2409 6974 2384
6643 5432 4113
8714 9276 4836
9066 8187 1454
4384 4389 2462
6370 3973 673
2331 8682 2295
2290 702 4745
2830 7512 2505
9599 4025 4646
725 9648 4225
1508 1310 1174
2267 623 1489
1212 5590 790
2268 8319 2900
1282 3444 3140
8349 4569 263
5319 4762 887
6352 5438 1354
3767 8004 65
20 8805 3703
8161 7800 3046
1266 883 379
3369 2882 1298
7060 435 3898
3963 4701 3804
8347 4701 1965
2633 6982 3832
4203 8715 2537
6917 4459 1796
1271 1013 1711
2299 3576 1901
8925 5799 2110
3976 7316 3561
7882 3868 452
5824 8978 2809
8815 2851 633
6927 4548 2796
9871 6874 4469
2433 2270 2224
3375 1526 1116
1309 2445 2915
5991 8215 4111
8514 3202 1380
3375 343 3910
8903 1957 2190
1819 2090 2703
7657 339 3380
7381 958 3746
8162 3054 2459
4155 5628 2462
7682 5339 4936
7177 1137 845
3777 1805 3063
6802 8624 3986
3455 1918 340
2138 4890 1289
6343 4844 2600
9853 7032 1891
9369 4583 3502
8656 4697 3041
8413 3501 816
205 9380 120
3151 5672 4545
5651 8248 3902
2215 6193 1560
3071 7758 2867
564 3068 4022
1162 9927 1267
6371 5008 1510
1809 109 1418
3855 9007 3596
2660 8458 4484
508 8005 2044
7122 6785 2520
9324 8087 343
6205 5126 4742
43 1916 4614
6630 4376 1808
3926 5660 3392
2351 3095 4761
5460 436 1411
1198 1266 990
8335 7726 44
723 67 329
8807 2293 1465
2094 902 2941
3863 2150 1367
696 8876 4805
3850 9434 2944
6282 807 4335
9359 8656 249
4775 6957 3138
1161 7323 955
254 1509 2343
7703 8790 1486
4318 7631 2888
9261 1632 998
7980 3136 4651
720 6425 3431
5311 954 3301
8436 8697 4118
5981 7570 3520
634 2995 3809
3225 1984 3480
325 3909 2854
871 2518 2502
5574 255 3227
3264 2074 3794
996 5725 1266
4511 1442 3502
9968 4213 2572
7065 4911 3126
8795 6810 3104
7648 6497 2084
6745 1967 2278
2716 8274 2499
136 284 42
221 1797 1735
7267 4310 1568
7329 8365 2222
8013 1599 142
7777 3936 4159
2921 3120 1479
2412 5326 4442
3653 3656 3940
7004 2694 1158
3425 3855 2201
5398 727 948
5608 4521 972
7712 8090 3317
6046 7566 4416
6906 7161 644
693 826 293
311 5758 4903
1413 2008 4340
6245 2665 2197
8185 9967 1956
3526 3376 2469
8326 9468 699
4672 919 1052
6467 9647 3186
3691 1412 2622
5695 5750 4307
783 309 4124
7879 6070 4082
5545 7551 2692
1614 3473 899
8338 3659 4519
2225 3155 4024
888 8806 2301
4499 4196 3180
8781 5237 136
1726 3244 4438
1435 4006 4150
6010 4887 895
8997 5057 1450
3699 2635 3301
4584 5294 3716
752 1076 3850
7353 4089 1873
7981 622 548
773 6917 2961
3155 6580 363
5668 4825 4629
7969 1358 1507
7749 9463 1909
1294 623 4375
2552 6358 1352
7872 7665 2569
6855 9795 4961
4 7115 181
4926 1897 4141
7105 6360 88
5888 6295 3301
1643 1391 4556
3061 9021 4729
2124 1424 143
7877 5131 4118
7057 4984 1798
5915 9209 1946
366 9587 4040
5271 3657 1624
6183 3247 925
4290 9474 1103
8218 9695 3343
9484 1547 4228
6623 1967 3891
5239 6466 4469
7077 3570 2051
5196 4503 4846
6259 4583 1390
2826 469 3409
9302 9394 1255
5543 5621 4332
3942 892 89
3246 5729 4381
967 9040 3769
6033 6647 2013
4160 4748 794
642 8305 4242
5701 3809 2378
9134 8951 1967
1399 9961 1528
7219 2680 3710
7249 8291 1718
4727 771 4069
9550 3078 1128
8223 1294 4563
1457 6326 3882
1409 8045 3703
1536 1953 56
3701 4661 357
2859 872 4026
3584 7155 542
8160 5093 2617
7454 4287 865
7761 1087 4113
4456 8658 48
294 1018 232
251 1478 1866
3912 966 1381
1924 4526 4486
9646 301 2092
131 1305 768
4050 9350 1325
1784 5820 4576
1278 9506 1229
7636 8061 1207
4367 4728 2047
7344 6889 2368
5280 6183 619
8482 5083 3493
9189 9394 809
6116 8934 1607
3380 6507 2690
7260 5071 3993
729 9675 855
4775 8443 3780
1944 9883 1517
9977 244 4186
3673 3650 4278
2151 6158 2848
6915 1987 4642
7702 8760 4757
6202 8903 578
2221 6176 3303
6740 9507 969
6308 9405 4642
2585 7496 3712
439 8230 3477
6173 5817 3736
4856 8831 3476
6081 9783 3686
7246 5238 4919
7601 8035 3553
7903 3505 4154
256 642 3788
5211 556 3371
8593 2180 1575
4066 7781 1926
3669 9272 1957
4571 7661 2315
1529 2878 3556
8171 9214 4097
6624 5535 3677
855 7319 2015
8923 6030 2143
6596 49 2945
2546 1332 3768
3442 2216 547
4072 3569 25
5443 8420 3595
9182 9564 1372
8321 8606 124
2693 2562 4821
5677 5466 4096
6526 3571 452
8389 8562 4404
3527 8161 262
7186 9805 4769
1121 9850 84
6839 2087 1544
1361 5665 2311
3683 5022 2406
1290 9223 4031
5083 7440 26
8944 4673 4434
6504 7995 1017
1831 7206 1298
4802 9988 4329
5180 9596 3090
3925 4195 1656
6922 6122 386
4106 1709 3421
2314 6419 3729
2924 4358 89
8281 9942 3109
2686 9169 4035
930 1365 2021
2337 1655 3049
6523 6944 3677
1013 1032 628
8369 7620 973
7614 1821 60
4387 5465 4999
9376 9807 1301
738 7804 644
8449 9965 4509
366 2455 1413
1290 3969 858
9097 9545 3258
530 5131 287
3126 5119 3153
1785 1472 3881
3898 4839 737
7904 4206 721
4568 6679 2830
5967 4915 2685
1407 3003 2027
3382 5574 2984
9617 1228 3400
4942 1427 2859
6728 6654 1585
385 3217 3129
3273 3812 4199
6751 5041 4170
6547 5452 157
893 7314 2414
4291 3420 2668
2938 5194 12
1053 9284 718
6770 5994 1893
6514 4254 3777
322 6436 3565
6996 7862 3977
8311 1623 1704
4337 1056 2531
5606 2452 2245
4513 8971 3549
4500 9567 532
5183 3540 2836
401 9351 142
4349 3216 2877
1243 8531 2272
643 6203 1710
9807 2513 4924
4218 6619 2982
1610 3349 1187
7467 1405 403
565 4902 4775
1699 2833 3517
4591 3858 4231
4346 7734 212
9994 9190 803
9434 2592 141
5937 797 4962
1557 6278 1731
3917 9282 1241
3995 6406 1042
5207 9544 1803
2197 9050 3511
5919 8021 981
1820 9953 1384
4801 9402 886
2293 8369 1736
42 435 3503
2837 3915 4359
1846 8394 1736
2784 4395 2983
1899 6790 4046
9347 1462 4044
7375 6553 1003
9389 7155 65
8051 1398 778
7738 2304 1224
3885 3742 2673
9256 2013 2040
3433 5920 1690
1348 6116 2026
5770 7074 1373
8903 7543 1125
5097 5800 181
4467 459 4707
4156 1696 2183
7312 8133 738
7030 9021 1359
8713 9992 4410
2837 1270 4393
2106 4755 2339
6326 8968 1320
1585 6556 1595
6150 2132 4898
7998 64 1737
8571 7067 2334
7195 3779 1160
2660 3566 1140
2263 4132 1301
7090 3276 3711
9112 3519 3218
8395 1287 1299
5577 4118 853
4810 5609 1118
8543 7948 4436
4589 7812 2845
121 4546 2115
7628 4637 740
7254 6951 2558
3519 4474 2203
1277 57 2820
7507 9604 2454
550 6335 2636
2990 5731 1778
2893 9486 2022
2100 4392 2449
4401 8808 1901
4550 6131 973
9449 9621 3024
5230 84 4507
9890 7365 3956
5212 4322 4048
2232 8908 991
5279 7380 227
7011 6938 1458
5673 8 849
7025 2839 1534
430 4927 1599
7349 7267 1024
4244 4673 4489
7797 2703 2309
8486 4101 4788
2118 7039 960
5709 2816 4251
3894 95 2644
6962 9003 1094
841 9169 386
8334 2876 175
7764 8228 36
9731 8217 4215
2989 2802 295
9507 2119 2920
2898 1884 33
9721 4485 1182
3203 5660 2124
8046 9255 672
3466 813 1285
8026 9519 1071
9625 9506 93
2744 5163 712
372 253 1375
2775 7851 4897
9198 2231 2959
7595 9374 4675
8396 8608 2029
5455 4106 1735
2766 7064 279
3801 2919 1399
4909 805 4514
72 7664 3880
526 205 1909
7883 8751 853
8039 1733 2844
806 6222 4441
5370 2431 2406
6246 221 4148
8357 9208 4797
6048 9435 1325
818 8869 2676
1918 5867 691
3060 2298 4180
6826 6278 373
352 9380 4780
7482 4747 4734
4598 1795 843
7242 1801 3058
9547 1023 1923
6647 4844 4103
8001 4064 3861
2061 5634 176
1731 2391 2590
9866 9434 3491
8292 4575 4270
3338 4408 1879
2216 9246 3618
8863 6985 4017
1219 5492 2558
3016 9289 2784
9747 5308 3973
1338 9527 2475
7197 8137 423
728 7663 724
9833 1367 386
3804 6004 1546
3587 6580 1825
5723 2433 938
7703 2941 1655
4353 180 2773
1419 6108 2626
8733 8901 3555
6888 4056 903
4457 3624 4440
7639 925 3076
1800 1053 2809
4979 2388 950
1841 8551 4098
5537 4207 4894
1878 2423 3166
5328 9513 2751
1926 7796 1682
3813 6453 3195
6931 5004 4496
1965 4564 1828
1444 3571 3691
4323 380 6
1521 9286 4480
951 1918 881
78 6715 2032
9096 2697 1485
4484 4446 1927
2603 6298 2846
4350 9315 2575
1315 8418 4980
8209 1974 4746
7980 8201 2707
5336 1065 3688
9799 1847 2838
4669 3906 3283
9488 9143 335
3498 4419 3008
9870 4203 4374
9739 3357 235
4646 4469 405
8593 764 4984
1138 548 48
6822 9610 2670
6565 8862 766
9877 8778 1770
3083 3123 703
6513 7710 4826
2759 6379 3153
4719 281 1947
789 7322 2843
47 5517 4620
9414 9287 222
7055 4556 169
8452 1889 494
6152 7330 904
940 9424 857
7235 6157 3028
1604 289 2671
9917 2657 209
8852 6266 2689
3524 8172 2370
9489 4448 2899
5855 8732 1604
9731 3083 698
8605 5969 3561
6311 5443 2098
9252 4026 2096
7573 8356 869
2421 6722 4237
8983 8420 1018
118 7683 4571
6158 3904 1441
965 1325 4901
7607 652 1786
374 8036 4303
1977 7606 3472
2106 4089 1416
5358 5495 4351
8917 1867 696
1905 2710 3604
7591 6858 807
5940 1562 4469
482 7370 4120
4359 5096 1039
4313 6373 3837
7122 318 501
4160 2276 2828
9965 7270 3370
5170 8142 758
3008 5547 2103
4886 5735 4466
4936 7216 4655
5781 1437 4875
6405 1044 2083
9398 292 547
4335 459 4813
351 5484 2487
4926 5099 4682
6926 2784 3065
2370 1794 3449
5723 4033 4520
7483 3556 4769
788 7495 3308
6395 6591 3982
5842 2486 2104
4874 2977 116
3942 1700 2628
7877 9653 4864
8090 148 3313
5687 9132 539
1678 2145 2273
6041 956 3874
7170 9022 1916
7136 3665 2682
698 6906 4191
799 1686 4660
2278 2396 3765
1962 6855 3401
2806 3380 4975
3750 5867 1477
6873 20 696
7554 7330 1421
6826 5624 2751
8272 1103 1672
2083 7120 808
3111 5496 2130
2237 7412 45
1347 9024 1049
3503 3313 1087
941 844 1361
5313 3649 353
4512 6538 3859
5060 279 3713
1538 8921 3050
3605 3808 928
1270 5572 3307
4833 8308 1802
5304 6794 1456
9102 7548 2782
3167 1744 4171
4237 8895 1940
3895 6204 2357
9219 2468 908
5646 2459 4809
6798 4151 2981
8534 7648 518
6196 6291 1591
3428 772 1700
2172 2637 788
7111 9045 4207
759 7640 26
1567 8386 1278
1371 5478 2755
8017 4306 718
2192 6024 823
2922 1701 4463
8948 3120 1598
4757 249 639
7686 9421 593
9713 4982 2181
5601 5991 3879
7159 6360 4768
6173 2466 2817
3303 6733 3698
1691 1678 3978
2012 2233 354
3738 4998 3005
7857 4397 1001
7280 5583 3119
5644 2829 1706
95 775 1069
3029 4793 1461
2114 3784 3688
1500 6593 3155
5097 3735 1780
3155 5826 693
9819 7399 1310
1072 1082 563
5189 2187 1325
7240 142 4739
3478 910 3455
7719 7028 2103
2059 777 956
1530 8170 2012
1231 657 638
657 1879 253
4299 6428 294
787 5432 1524
767 5100 4796
5577 6341 3421
8762 6561 2838
1457 341 1641
8983 9784 2936
3449 7736 1488
2219 7526 4337
3769 9399 1497
9837 133 1365
5579 3513 1486
5038 4388 4332
8909 8919 183
8056 6704 4904
7138 5847 3791
7751 6535 2577
5109 3495 4685
5775 9766 1346
9078 9286 820
4199 6941 1934
1194 2722 2421
5611 3874 2124
7431 4286 4768
1078 1248 3328
558 8344 2174
7626 8915 988
9142 2590 1188
2676 3497 2184
4440 9387 2373
4561 7439 2475
8779 4976 4303
5817 6472 2543
4935 5383 659
4300 2901 968
6028 7593 1151
9607 1524 2104
2170 6216 455
7858 1052 1798
3325 9491 699
4420 3838 4384
2124 7220 3304
4614 6497 945
2167 3466 4925
5760 5284 2163
6011 2413 2745
9356 1831 1704
7233 2831 86
6770 7677 3616
3567 987 3776
9201 432 1976
3503 4183 3280
9163 6473 1319
833 7845 2816
3475 9226 949
9820 1428 4770
3117 8994 1296
8470 9247 687
8357 3453 2626
215 7248 1936
8197 4970 4360
5273 5566 90
5951 603 3205
8346 1949 2833
1538 1419 2172
6791 2180 3774
8228 5466 3239
6667 2638 585
7691 6433 1328
7570 2902 2538
3769 8280 1009
4997 4409 2971
6709 5749 683
4399 9711 4936
7411 5618 1668
573 1141 2426
4253 6306 1741
3999 8914 2144
5266 5313 2326
5466 54 732
2049 2331 1146
1202 8539 4119
4864 9172 821
3350 1292 1050
879 5863 4970
4014 916 4536
9403 8526 1919
389 9271 1246
3036 2482 325
2702 5058 566
8188 6991 3339
9701 7187 374
6616 8691 1650
8970 2603 4528
2697 6195 3349
7346 4743 495
301 117 4902
7878 7991 1814
5369 4810 4755
6709 3035 2993
9792 5735 4844
298 1888 1157
1486 3561 2984
5446 3094 425
1936 2650 2770
3633 4136 1627
7072 4234 3186
7037 9527 1824
7618 1008 3492
7791 5378 3561
4889 4759 188
3449 1414 2195
8438 2875 1504
1958 1213 2133
5414 8090 1480
308 5685 3072
5247 3720 1334
1651 6498 4519
5314 5763 2599
13 2525 3175
9761 4671 3010
225 5777 4284
3416 6419 441
7578 2604 1219
9183 8239 2310
9473 9447 1633
9502 2454 4359
9159 6657 3180
8281 9478 4329
238 1604 256
6552 5579 1475
8687 5644 2336
5105 3205 263
5144 2861 1732
6967 1691 2086
1566 7080 1914
7293 292 3773
2652 8136 2136
2282 479 370
5726 867 1501
4813 76 3626
9340 3715 4933
7255 7760 4596
8398 1365 387
4302 8320 3027
9596 1643 2852
9790 405 2940
4345 2796 2425
9111 7325 4283
4629 721 2526
1716 5034 4092
1711 4264 52
8392 8490 3793
7994 9443 2862
1270 5296 3282
9992 9646 1316
2192 9691 940
3269 7472 4771
554 1033 3261
9087 8577 2310
225 5048 3914
6615 3860 1883
187 9532 2539
7715 9770 820
4993 1678 2576
9444 3046 4107
4947 2270 3828
6226 8033 3742
4557 1678 3551
5507 3965 3643
4586 6686 3073
7221 9106 2815
6867 3374 3632
1660 6191 2430
3875 6505 558
1860 1546 3317
8485 6046 4815
6087 2265 2546
1161 8097 964
7049 8554 4047
4928 8039 4487
2685 5152 3333
4063 4470 1672
2839 5319 720
164 2008 671
443 2712 4561
8575 3327 961
4389 9365 554
4421 1254 437
1389 1470 1059
744 1338 3714
5005 7658 2116
9176 1527 2567
7783 9316 3574
1580 9634 2246
2121 3093 4102
925 3049 555
2831 4219 2639
8831 2524 2152
7828 143 4170
410 8160 354
9579 2956 3780
8477 5947 3676
4410 3163 3357
4720 2680 2704
4497 2923 2537
7566 995 1411
6327 1770 2609
4787 6528 3324
7149 9937 1079
24 7926 1428
9366 7522 1222
2155 3858 952
8572 7170 209
8335 6721 1973
3409 4957 2267
5741 3777 4770
7200 5896 384
8993 2824 4666
333 3295 4208
5278 6379 4876
8218 752 1134
9127 4966 2282
31 2517 3693
8479 3279 3440
2160 6201 4524
4520 4850 892
4805 7500 4911
904 4324 2346
7466 5345 672
5672 3841 4019
9922 2731 3284
293 7066 173
8845 2116 2041
8479 2401 94
266 225 1412
9733 7742 4394
140 6901 3947
9048 2276 2197
6912 5145 2569
3318 78 4994
2415 2445 1483
2785 1981 1047
8421 8971 848
6532 342 1678
5246 8790 1779
2859 2449 1865
2726 8108 1177
3694 4996 2123
2264 4389 585
6421 948 4226
3510 9112 4302
1334 4166 4451
9570 9746 2221
8879 2732 1345
3516 3138 1040
2891 8226 2467
6962 6474 979
9858 9563 4646
7286 1328 372
8328 1536 4170
6553 3224 1202
1817 3930 1858
7308 5210 1463
1321 4259 2825
5852 4946 2109
7317 2150 1265
7832 456 421
4327 8452 4034
4315 4165 1355
2868 5623 3707
3287 521 1789
8054 4146 4220
5975 855 4299
3473 7175 2203
3642 2376 413
855 6556 37
9023 4039 17
7448 7987 1993
7122 6255 3957
5954 8318 2915
9528 8500 3619
7971 1533 2599
7664 3839 1854
3811 5445 1822
8217 3471 4087
9663 610 1511
4041 8751 4851
4768 917 2675
7156 9734 2372
7512 6222 859
2765 7591 4297
1962 2513 360
7559 9922 3284
2535 4585 4432
589 9411 2894
2593 2619 2148
2176 7447 2685
6990 1897 3686
4021 7317 1239
890 1292 3899
372 1042 921
7310 5262 2705
5454 6413 3725
7530 4821 3932
4059 6035 917
706 6858 3714
4975 4867 2134
9909 9920 4163
9234 695 4022
2039 6530 4000
8055 8509 4221
857 3850 149
2714 4691 4716
2220 3589 16
159 9176 1757
3675 4958 989
8739 7861 987
5245 5127 150
3210 3180 449
3765 8348 81
3119 6048 2208
3371 1727 2043
7225 3605 896
2474 9358 3025
472 4432 4513
8435 8936 888
8865 8169 2990
9259 9274 3789
3740 2263 1454
9556 2181 3941
8604 638 4837
2347 8551 1928
9421 8839 3245
3451 9469 772
638 6873 1463
511 4529 3514
7536 9204 3398
3219 660 1824
8893 1041 3175
9483 1104 4682
4217 8934 3219
7859 640 3832
6223 8811 3334
4200 4465 2246
9610 1052 984
8940 5751 671
692 1733 2811
4304 2727 3608
2871 5290 2739
7526 3744 121
1678 8259 381
8608 8099 1111
5528 8243 2470
2874 3674 136
2149 2643 3895
2944 7942 3051
2592 1878 2817
2753 7981 1206
3954 1131 988
4364 3630 2353
1110 6325 3144
3831 8882 1300
6847 7569 3598
5986 9547 3598
2160 7620 3611
7637 1795 4685
8338 4507 3338
435 5775 1546
4934 6456 2715
7214 4692 500
6242 8818 1903
4252 8748 3578
9756 8256 4012
1537 6997 2379
6562 2593 1031
9255 1529 4076
7869 3162 3192
318 5335 1978
9781 33 4455
1054 1399 106
382 523 3950
7715 8854 1938
1915 8493 1282
6694 3331 3905
4098 1158 4808
8847 7940 391
3404 3005 1524
5205 926 4221
1449 3258 1892
2459 2636 3890
4230 4769 3025
4343 5734 2324
4639 7900 1314
7269 8498 4050
9825 2862 2378
4631 7175 3766
1242 7464 2555
388 6685 3211
9143 6348 3682
9313 9467 2137
2058 94 3080
1976 3583 3870
7029 9982 4358
2708 3130 3709
6157 1399 4595
2144 5196 4957
3347 486 4462
8066 8483 4045
9236 476 4917
1146 2896 4099
1256 2886 676
2643 6649 1780
5178 9099 915
5985 7116 3918
1228 550 1418
6369 2807 1397
5318 1673 4980
3273 3145 2597
6869 2138 4158
4720 4761 1883
7983 3002 4433
3008 8192 2082
459 1627 1375
5813 2173 479
706 4347 2012
3050 762 4609
1139 8861 1284
8197 1928 1258
4778 7888 3255
6863 7062 3822
8406 3378 214
3157 1597 4016
2776 9776 2184
822 9984 1770
7791 5739 659
3491 7976 3407
8766 4224 4346
1840 4965 834
9756 6238 4053
9230 1632 4560
4760 5346 560
2512 46 4168
4453 6988 2870
4091 8402 2753
1493 9338 2150
642 6114 3303
8840 4751 2843
9534 3507 2066
893 1625 386
7566 5956 1431
8991 7418 4984
7763 2696 1141
5565 7743 2629
775 2109 1432
5510 4071 964
2564 3025 3891
2764 6108 2205
4676 9340 2997
5158 194 2026
218 7420 4724
5196 8943 1086
5411 4118 3506
7690 7214 1217
3894 6146 3619
7945 8522 1567
9232 179 3636
5232 1318 3336
3302 8904 37
6564 6983 1483
6624 7910 2449
213 9975 4738
630 7520 1710
7647 2231 1392
1824 8184 3197
4492 8729 124
3563 6553 565
4681 5830 2488
4109 415 1494
9750 1308 2967
6264 5453 159
5323 8562 2301
9181 4927 582
4444 9349 1472
2077 8810 1835
5374 6578 279
2191 2209 4861
3835 5841 525
1343 7988 2459
8373 6654 1552
6807 3975 4427
756 5736 4415
4148 6417 273
7775 97 2154
3749 5526 860
7977 6137 4967
3136 1317 3585
2629 6915 537
546 8865 2153
5351 6505 1647
1251 4111 3661
9693 6505 852
2941 6911 2751
821 8643 4387
9972 9919 3985
5900 5488 4143
5243 3186 3873
9673 9848 3907
8828 8380 667
6977 6869 4219
706 6629 2704
1278 1718 4706
8997 8312 4536
7297 4683 2481
7778 3180 1481
1368 7777 3708
8337 5291 2404
5210 7559 2337
7815 7571 192
6501 649 4268
5601 5558 4523
8315 3126 2557
8852 6115 3394
4646 3795 1366
7641 5982 2525
1348 1162 2636
6976 5961 1232
7746 7437 420
1383 5640 3137
2651 6385 3285
9248 8810 666
8844 931 3011
2060 7382 4816
2448 434 370
9146 5336 2088
6521 3902 836
6920 4547 3352
640 6549 3292
5063 9242 1647
2632 3911 3972
5484 5389 4414
3450 8441 4266
3303 3684 1858
1456 4315 4764
4079 2534 2930
4679 8375 2660
9469 2696 4110
2848 130 3227
7039 7123 2637
3401 4238 4096
7347 1436 287
9296 348 176
2484 8797 676
1 643 161
3362 2749 3426
6540 6706 738
7643 9186 108
8325 8379 3327
4207 5053 4755
1138 6414 1177
8096 7966 3392
5663 57 1211
9976 4833 1326
5807 1022 697
2525 2180 4702
1907 5923 1650
6036 3322 3740
5368 9592 1281
7883 1196 4853
7602 6473 3231
1904 6159 1370
4728 2233 4965
3111 3483 4347
407 1792 397
7772 728 947
7184 7552 2406
5054 6492 162
8834 3621 2425
9160 6148 2174
9412 1918 3993
5299 156 3734
8971 3312 780
2163 3357 1824
1888 5224 1854
4468 9806 4086
6181 2835 845
8028 4697 586
488 3625 3708
5708 1713 2443
1744 6222 2296
9193 6690 3150
8654 9464 4586
3063 3106 4994
7436 3156 1071
7295 8669 3221
526 2610 4307
4749 6768 1765
5895 6002 2915
275 1114 1157
1087 9834 4643
1326 4301 4851
9661 5701 1059
5268 3134 2760
9448 5985 1939
123 1375 4689
6351 5976 2225
9326 7995 476
5517 4750 2099
5911 9624 4650
1642 4256 2565
2421 1152 38
2241 615 1678
8263 8933 3903
26 7406 597
4045 7037 182
4719 2153 547
2313 1627 51
555 4690 3337
8869 7948 4987
7725 5794 1182
1324 662 496
8622 4659 4516
7071 5139 2455
2872 5686 2713
7101 8474 3144
2329 2995 1355
903 5279 2182
4640 1550 3769
1450 289 2845
6271 8157 1760
9839 2352 1774
6741 9394 270
7628 150 3113
4115 8459 4035
2321 3937 2740
8592 3078 4601
9433 5468 677
7571 5969 1137
891 4983 3807
7915 380 327
5016 8537 1601
119 7318 3201
2125 7571 2038
2786 5930 2809
3494 8948 1292
7537 5029 1770
9150 3837 1278
6466 2642 1045
5526 956 3487
3411 4982 4338
3455 7462 1931
2243 3799 24
1168 4260 3366
4204 6947 3955
5955 489 2040
8687 920 4934
5353 4835 698
8870 5166 1356
1010 3474 4791
8109 1722 358
1981 321 2264
4430 3545 1785
587 5956 355
9566 8837 438
9517 9624 1978
4164 672 4751
6699 323 450
8667 7876 3312
8254 4779 4315
6427 6120 2682
8542 4967 1274
2666 5759 1517
7608 7206 3197
8561 5761 3831
5497 6000 3562
4804 5107 1160
9524 2873 4049
8088 5591 189
1416 9879 1722
2399 5891 1069
6681 7229 2558
9990 4576 1128
3064 2835 739
6952 6314 476
5821 2862 1564
8342 1676 2250
9979 8970 3688
1240 4714 1488
356 3643 2607
7479 8171 3682
3611 1969 1449
4152 831 2375
9659 4020 4239
6279 3492 3073
2401 3752 557
8034 5536 2878
3343 3573 3826
3278 4875 3958
7666 7073 1784
1022 7117 2624
8786 5833 4173
2340 7438 3532
5835 4915 3182
9613 1111 2829
9080 9338 4009
3589 467 2006
8054 8359 2628
8642 1685 2199
5111 2078 4643
8585 3267 3345
8718 7658 3358
1875 345 3769
5132 386 2596
6485 1287 813
5687 5784 2981
1587 710 4045
4899 9751 4465
2009 9214 4270
6576 9925 3123
1710 1415 3050
9089 8646 4983
450 1050 3998
1178 8237 3592
2065 9710 3738
128 1297 1525
6793 8306 1752
1914 5834 3326
2763 4273 1525
987 6395 398
6132 1133 791
6615 7888 3420
9995 172 2813
4352 4043 2734
2493 6643 4520
2054 1100 4954
4872 7331 685
9535 20 1074
4051 2836 4069
1726 527 3882
4037 2064 2787
7400 5987 1148
1973 2964 1967
585 3323 2452
8334 9235 504
5318 6712 2059
3348 1337 3628
2255 1288 471
4584 6473 1717
1092 1165 4301
6328 7452 133
1091 9279 4403
8109 8757 1715
5731 327 2618
4930 4836 2963
3105 1789 4483
1746 3642 780
2435 5882 2395
7262 58 4730
9505 8185 1582
4192 1692 1934
5863 350 2802
4559 103 3683
6746 4164 3956
1795 9118 3151
2128 9622 2212
3143 6701 4492
1812 3104 723
4842 5456 1917
4611 9057 69
7676 2191 185
7219 8715 2050
5680 8487 2270
5394 8776 2469
887 2896 1083
2647 7266 3961
6207 94 1062
1569 9076 446
6939 7107 3973
2072 5500 1449
7351 9676 1573
4648 4168 2221
5748 2013 4824
626 6645 3605
8008 4868 1178
1070 127 4561
3150 243 3407
3417 4533 2419
3275 8027 843
317 8500 2099
2737 5434 3641
5666 4416 1518
3753 7539 1953
5531 3452 2115
9265 7475 1029
5103 8545 3436
8522 8350 1588
2717 2642 2724
3623 5515 216
3018 2981 3665
7306 4285 3241
9488 120 1577
3769 8484 2088
8063 1813 1800
7812 155 2782
8648 8095 4023
5488 2300 1333
2988 1351 1313
739 549 2502
200 2462 1760
4607 2176 387
3075 3704 4465
7840 3453 4531
4943 6110 1722
5880 538 446
2052 1588 2572
6739 3930 4449
3248 6601 3094
6807 9270 2293
3092 6669 2776
8319 6148 2492
1161 9924 4727
7858 8880 2631
1871 3602 2537
4812 5164 2628
4057 2647 4887
6387 8159 4075
3111 8054 2583
9527 5105 1280
8873 3424 727
8249 8906 4304
6453 1782 3257
6861 6554 1881
3995 4905 1514
8391 568 4942
1338 1595 2779
4253 1841 3106
8366 2821 2420
9922 7608 3739
93 5836 2123
9402 1864 579
4270 517 3512
6082 4428 4048
6500 5789 784
2973 6947 3953
4481 9783 144
7504 5840 1849
5708 1660 1641
8413 4067 2136
5991 6770 1346
9261 3541 1811
4947 9840 2665
6913 5418 890
5483 8714 1258
2537 3500 432
9730 4904 3990
6571 595 2803
9299 6994 3666
6689 5964 3546
1372 2748 2238
9249 8981 1790
3770 4891 2116
1599 5116 3129
7958 9502 3150
9526 3353 4172
9618 2453 3045
2703 1653 2346
9755 3665 3879
3493 5551 1308
781 8507 1841
1376 1315 3202
8432 6910 3668
4324 4318 3671
8588 7157 4307
7379 3267 1075
53 7495 519
8714 1419 796
6617 4149 2057
1878 8987 1173
6453 9876 4081
1345 8263 3826
931 1866 2809
3740 9363 4556
7574 4393 172
5746 4454 633
9464 1058 4776
9597 9552 2452
9856 8752 2609
1988 2001 3941
4729 2763 3199
1309 5103 1074
2324 7272 2542
466 4860 2932
1341 2749 1364
8582 5391 4108
9268 3582 3770
490 9168 945
810 3864 2832
7420 4523 1834
1430 9118 4641
1910 606 243
5101 9541 1470
4181 6586 300
1974 2469 4441
5878 4252 4666
9419 7496 1464
6559 3735 821
5487 861 4195
1168 129 4536
7124 7167 3624
864 4399 1060
9472 5882 3678
9810 302 1745
5278 4566 378
6346 4437 1227
8654 2600 1821
5896 9314 4103
4585 8729 4119
7950 6527 645
8810 6859 2315
8493 4627 622
2879 1318 1218
3897 4615 4666
6219 572 2869
9867 3346 4094
693 6420 1198
7599 2346 1850
5473 2281 3206
4429 3436 3126
1460 1816 2014
8491 8744 3885
946 5248 3845
1681 7085 1325
8305 4590 4076
6123 4953 4127
8075 732 432
9317 7055 2089
6747 1931 2187
6149 9393 4997
4580 8428 2006
8397 5774 3318
723 2005 3561
6925 8242 2774
9075 6777 3724
7200 8629 4943
5454 3781 1124
5028 7381 2754
3528 3427 338
3718 6401 622
9349 9226 1709
2062 6194 177
4061 8876 3253
1829 6080 3592
4675 2170 1551
6438 8766 1636
7363 8593 71
3581 7407 652
7656 1192 4505
7099 5274 4409
8921 349 3737
4667 6606 953
2401 644 2059
6779 5535 2478
5350 6190 2602
7112 6387 1812
6315 3436 3201
3195 9042 929
3421 2342 1152
2883 3453 477
4655 2999 794
928 3783 4032
9739 9350 4498
3047 502 2476
8800 7306 4611
3521 8165 377
1515 2857 1899
3291 5491 3665
9320 3567 4050
7719 5685 4892
112 1323 1465
9836 2127 4831
2126 2535 198
1112 3839 1714
7273 237 2342
5260 7770 2189
115 9049 2637
808 7741 2431
9861 1282 663
3700 9895 1274
8823 2203 1609
6741 9499 3462
5114 3924 4474
2421 7088 4596
3674 1434 1955
8991 227 158
3573 4091 4605
3239 3853 3553
7470 3255 3315
1149 4901 512
4650 8174 3392
1254 9925 2364
5976 6891 715
5235 8780 883
8275 1822 613
191 6520 4994
9869 4726 1239
9478 3021 1345
3865 1040 4018
8267 9493 2810
8562 9517 1724
2411 686 527
635 9167 4909
8484 1229 59
7877 2593 1882
2423 2321 4078
4915 7205 4251
3883 567 743
5062 4382 1013
96 8338 4391
3333 5030 2208
4102 2481 2780
4065 7958 2389
2271 4369 4900
4916 1509 4063
8211 5432 4497
4307 7791 4092
709 2544 1763
9564 2139 4153
3109 1336 453
9879 1077 3066
7195 1122 4893
1535 173 2394
3932 9711 3643
9471 2866 1965
5083 1486 231
2499 4928 1183
5704 754 2639
9943 6390 1666
1743 917 3085
2583 6943 4591
4807 4613 543
8981 7676 3835
7076 8847 3400
1432 7684 3504
8736 7174 1532
9224 6832 1027
325 4937 1394
9612 8067 3007
8946 1443 476
1531 5056 520
769 476 4319
2458 5637 4853
2932 3466 388
6339 5644 793
1897 7843 3388
9134 2638 2663
1947 5242 1246
8274 8418 215
689 5078 4988
6824 403 2988
4494 6863 4620
394 6117 353
8290 4924 4808
5475 1427 3889
235 4247 1031
814 4633 3927
3451 358 4291
7209 9157 4449
7229 5430 1040
6333 3675 1320
2709 8555 2084
4842 1894 1909
3780 3146 2635
9043 892 1434
1210 976 1768
7869 7808 124
460 2325 1956
3514 5204 4446
2283 3249 2709
384 7153 1425
7675 5082 678
6062 7755 437
8324 8696 1653
2741 8315 3221
585 4323 785
6234 1637 2553
3682 5598 2291
3601 4987 4792
1839 8241 4689
2477 5036 2835
5167 7415 2346
6893 4834 1906
3208 3777 463
4460 263 1778
722 5552 4486
1332 8206 970
5903 8413 2866
3869 5622 27
7042 2055 4935
2490 5909 4386
547 9773 4891
4521 1032 4665
4120 3935 3631
3208 3902 1751
1101 2886 1677
8689 6242 2891
5509 6602 4518
5587 971 1281
2240 159 4354
295 6131 1557
8912 4867 4063
9446 2506 3686
9732 6055 536
3479 3017 2294
6491 5329 623
8948 3094 3029
9734 1628 2090
7123 1856 1371
730 1873 2174
665 7428 4831
8297 3699 2250
298 90 3685
7287 1236 3451
981 1638 256
9201 3611 900
7230 3958 2532
9942 9254 3526
3324 2868 781
6030 5888 1815
3949 7605 2626
3310 1666 4050
5363 2150 4476
6154 1639 1515
2597 4184 189
770 539 1104
5124 9402 1617
8093 5474 4422
1370 8733 1868
5630 627 370
3031 2381 4593
7748 4380 105
8692 9687 4023
6094 7999 4234
4279 2234 1876
5675 1328 4598
623 2622 3554
5092 2969 906
4941 9591 1143
8724 8364 2433
1190 6351 1905
4561 4676 4024
7673 9690 1532
7944 6816 1629
2469 93 2834
6040 1319 3006
7623 91 2057
5816 3092 1893
181 4742 1796
4098 4463 4549
1828 5925 4646
9213 8380 1172
6375 8462 3854
4795 4769 1807
3916 8068 1690
1825 4311 93
2339 9983 173
3724 329 415
8928 1741 61
3638 9948 744
1150 1903 2455
204 8053 2821
6122 9356 3836
8807 7158 1379
1177 6820 1761
4134 8289 2504
4717 3838 487
5465 3494 2468
4272 7844 2758
5808 344 4218
2421 3755 4544
2383 8654 4369
9147 1596 3229
1313 3817 3746
1396 9522 2680
8444 8771 237
8037 3698 1176
7938 1999 2520
6239 3657 2857
5623 4820 1168
8749 5004 3562
8515 6784 1759
8896 7272 1452
861 3428 1367
3267 8606 1827
2538 2077 3945
992 5114 4994
4285 3916 1152
7813 4792 233
2621 6221 2889
5617 9005 2652
2958 4297 3005
9170 824 1356
3860 4060 989
477 8318 815
8263 5804 2289
8787 391 2669
1522 4147 1931
8457 8551 1441
7761 3693 3999
4367 9473 378
9605 9391 2124
4588 8148 747
8751 1081 1654
2363 4852 313
6659 2454 588
4669 6702 778
3807 3548 2877
4270 7173 1550
4050 7734 482
2765 5269 2639
5687 6401 1565
4764 9001 981
4344 1877 2896
7591 7445 908
9147 925 3688
4124 9249 1107
2359 3088 3513
6784 5908 1120
8723 5991 861
4243 1742 4862
1 8396 1479
7336 4556 2598
7415 4508 3057
6741 5717 4764
9897 2460 3043
291 7992 3518
3118 3717 3892
3777 6807 2364
3296 6123 1890
8117 1838 1481
1607 4784 3229
3997 868 4089
983 950 4979
5384 8690 1689
339 4215 1407
8835 6431 1778
2444 3927 543
814 2901 3307
5881 5239 4073
4609 7816 2165
4771 9882 1640
6484 6446 4019
3733 5336 1178
1628 6554 132
8524 4049 2441
756 2735 4159
9701 7472 2289
61 3470 4794
3334 4366 3205
4581 7789 4911
3217 5961 1794
5504 6382 1343
1723 5319 2385
2450 6828 1094
6777 7447 665
8611 8824 4941
2588 6709 3913
1007 1471 1709
7063 1070 4778
1511 6756 3174
7197 3584 1527
2333 1971 3749
7337 5713 4831
4537 1097 2446
4347 7971 3926
2921 395 2295
5597 3695 1834
7248 6345 4824
7477 9800 830
7130 2255 3770
6533 2463 2239
4008 9430 3354
819 6568 1809
7630 9658 4348
2832 3404 1771
9102 9532 625
7764 8193 4020
3351 5979 3431
3620 3032 609
1776 8251 3718
9078 1695 3147
2326 6276 4699
8617 7820 3587
3602 5379 960
784 5787 3787
3476 4896 2459
6748 8574 2812
32 603 2410
7345 4276 3741
9705 2681 4796
3835 6531 813
6356 6743 1264
9986 664 4462
7289 9395 1088
9330 6450 4422
6279 3806 3497
8026 7420 3504
3779 6146 3160
3773 6097 1050
7784 3910 3302
187 302 3710
5918 6025 92
4207 148 4579
4517 1871 1604
8361 3791 4101
9399 833 801
1086 7527 2600
2444 8913 1074
73 7686 4893
196 8147 3960
9514 8233 4400
6586 2025 4232
2853 6122 3394
1124 6786 3494
4275 657 1402
9048 60 1075
9191 428 1186
2799 2941 2465
4819 6355 3549
1366 6770 2669
1515 7749 2945
9200 7092 3261
6704 3001 3305
5814 8157 430
4894 3578 4461
8682 3294 1615
9353 2876 1620
8553 4342 208
9468 1939 1534
6477 9810 637
7457 6639 2088
9437 9139 2993
7336 7281 2429
2744 7278 1718
5162 9304 4529
4290 905 3744
423 5274 2458
7675 2528 394
2185 7099 2195
6363 5363 1161
9620 6764 3763
9733 4115 3862
1814 8208 4950
1273 7035 3357
8857 713 4016
3806 1875 377
470 1297 3670
9323 7717 3850
6581 6276 381
858 2931 1312
224 407 2048
7046 5045 1072
3558 8382 1367
2236 4067 2816
5235 2960 1156
485 9870 2547
1661 2706 2130
5508 6576 1524
1779 2422 190
2774 5915 2113
431 9453 2070
1735 1306 1550
9325 6598 2731
4275 5703 1305
5395 5130 800
7285 6381 2618
6811 9183 1805
6911 4967 4932
5301 427 4911
2895 6678 1209
8376 7898 3038
8045 2500 487
3139 1627 2350
3219 164 3321
1657 4905 1937
2905 8359 4100
5999 8659 4731
4751 7418 321
9825 9551 175
6791 9792 4713
8964 1862 4522
9275 2106 1828
7739 1170 491
4224 4969 4740
964 8109 788
1712 3662 3459
4159 6945 4428
884 6307 4363
8647 7651 4217
5146 8829 211
3102 9810 824
2330 7546 3965
609 5510 1566
8869 8184 2727
1242 8307 2793
3477 4123 1479
9461 7397 441
3766 9312 3790
8087 3327 1901
8418 52 251
4141 1481 2099
3173 2703 3423
5118 4928 1010
130 4325 1093
3362 2311 115
549 9037 3169
5968 8952 3074
2851 3112 1829
4252 9204 3981
8583 1097 1877
4888 2739 764
1042 4664 3588
4631 6500 3840
5158 7968 1798
2768 5188 693
4101 1785 2731
6877 1146 3739
3111 1412 1455
4584 3704 1226
1897 9522 3754
9378 2520 2071
7761 6529 936
7576 4487 398
3742 5365 1674
613 640 2722
6284 8531 2220
2028 7355 1279
8017 3445 2221
913 6406 4629
8034 5402 2153
1915 3722 1492
6289 3177 46
1684 5241 450
9035 9481 1080
2154 8263 1656
734 9674 1243
2368 1237 1840
3389 7612 251
4145 5274 341
3548 8425 3356
263 8130 1347
4894 3176 286
6720 2285 4128
7495 3075 2248
5488 2023 1133
9395 6048 958
7235 2390 4399
5503 5458 4447
6285 8179 1983
1957 6216 325
2530 7747 4204
6965 3214 2425
8762 7227 3435
5924 6422 784
2183 8681 454
6688 9931 2856
5209 2587 1024
1727 583 4889
5424 3474 648
6516 1800 2738
6264 6400 3867
9069 5528 3635
1713 3456 2197
1190 1858 1069
9954 2415 4395
8514 1099 71
4424 2761 1741
9026 5316 1483
4153 7388 3280
5235 5860 2376
5823 705 4107
5300 5293 2140
8859 8481 2752
9840 8425 360
6340 9400 413
5012 3937 4748
8989 7783 4220
8652 8845 4965
9478 9469 2365
8924 4989 2294
18 6481 318
2393 6359 4750
572 9356 2997
9766 5037 398
5658 2174 863
9268 8624 4701
302 3069 8
8143 7617 4086
3178 836 4368
8240 1481 2702
3765 327 1334
9501 3611 1694
3323 6346 3809
7353 993 2832
2311 9246 4041
9474 2239 2896
3835 8859 2520
1656 2362 3678
9632 1703 1838
2350 6123 1806
4072 2292 2929
8520 9184 4172
4260 284 2489
1293 6921 1416
7966 4509 1453
2246 1592 1055
1836 1446 2672
4932 4449 2540
8425 5742 127
2387 4893 3340
1199 299 578
6371 8749 767
57 8106 838
4043 7897 3970
9511 8023 1897
242 5486 781
4973 6451 86
7321 3117 4043
2817 934 2521
650 3986 1459
4888 148 2325
4970 335 841
2592 1234 3646
9105 5610 3480
3362 5085 1639
6552 1136 2244
5523 5974 268
1389 2562 4916
259 4116 1957
1358 2612 4333
7123 8784 3481
7010 7491 3594
5656 6281 2405
6543 9998 4110
3297 6271 1984
3379 2469 285
9316 4624 4284
1550 6659 4157
5810 3122 700
9540 9480 4887
27 8603 3868
544 1101 2493
6232 1851 4221
7694 931 1341
7804 3742 1061
4366 6388 3782
8817 3788 731
4994 6358 2296
2583 5469 237
8325 8474 1440
3895 2316 2170
3250 6732 4680
7075 4999 3669
8038 3489 1217
4081 8062 1286
4189 9689 1350
9903 2714 711
4046 3776 1133
5009 87 3223
1178 8470 3301
4728 6622 165
5858 6490 4821
2449 7336 2067
6077 442 3002
6662 5874 4292
2751 6264 684
7036 9551 777
3271 4530 1823
8557 1156 1280
5553 9181 386
3037 5243 3211
2772 1365 4912
7249 4426 3894
7140 778 2456
4867 955 2436
2410 4363 890
4728 2399 3412
5162 6147 1270
6920 1152 3237
897 4200 3309
4864 4034 219
443 7187 1313
5006 7586 3223
6340 167 2925
3570 1175 1785
7875 8665 1719
7572 4651 3914
6164 6223 4942
3674 8076 3870
7889 3038 2500
2887 4209 1384
7908 8355 2556
1181 2886 4414
8053 6753 869
2189 8268 1185
6990 1730 1307
4580 9555 4536
7562 7344 4992
9293 9835 2348
8274 1200 4775
5105 609 3335
9034 1995 1455
7505 5685 3291
1478 175 2411
603 9159 3485
7736 3074 1174
5302 8539 3218
8246 4360 4266
1175 494 3101
2616 4520 3770
1216 6343 2847
6416 3182 4387
6870 5192 570
2987 419 2755
4306 1816 2907
2109 8230 216
7921 8211 3450
4905 7611 3961
127 1860 3444
9523 6149 1135
270 2473 1962
3163 6230 1029
8054 496 3278
6081 3999 4586
1182 3414 3869
8848 9714 2712
6342 2254 1653
5370 4827 1851
5987 1111 1333
9640 313 2552
5888 8928 4636
6809 3589 4517
5800 9880 2981
2260 4753 394
5563 640 469
4547 5177 719
359 6539 3124
6675 207 3059
9112 8413 363
9480 5172 4660
2562 4276 1730
9489 8255 699
5519 8626 4190
4033 2671 1272
6138 8013 460
2761 1814 880
6745 8894 3199
6592 709 1317
8830 9982 1491
8596 1535 2108
8288 9928 3227
5732 7118 4829
1548 7900 4522
1808 5993 2115
9050 3080 3146
1420 1129 2589
3953 9137 1806
3646 6190 3184
5007 4667 4836
3223 4632 3821
4619 3747 430
3813 4824 1161
7048 7629 4484
4394 5589 3242
7114 1057 893
5391 5736 3269
9212 1263 3352
54 9769 3137
5035 942 3032
7188 8378 4042
7009 6840 225
1247 7716 4464
2581 6240 786
4657 7718 1864
279 7413 2396
8867 466 1225
7477 9806 4080
2192 8130 1658
205 1832 4813
7001 9579 2497
6476 6110 1250
1731 7785 2394
6092 6415 2575
9107 9535 4474
8775 4364 1601
9060 6942 4605
4847 4969 1855
9133 369 3210
8560 4483 872
4975 6125 3820
9429 5794 2845
7446 3227 4530
1075 5608 3475
7405 9471 4880
7681 2146 4337
1317 5632 3477
1374 3081 175
2049 3713 1321
7881 6597 1767
9745 1479 3231
4654 9866 4091
3377 9467 3694
6443 8575 3800
6281 6004 4779
6693 4841 4093
1791 8736 657
7902 5839 1860
4361 638 4760
7082 1764 4705
7228 5639 930
1426 7953 2590
6867 3574 2320
4576 957 3379
816 2496 966
570 9639 830
6272 2991 3550
6804 6876 3936
2663 7453 4132
3914 3517 1435
2912 6214 1704
8063 3267 534
9248 6767 4233
2856 4990 1585
6888 9528 4098
1168 2069 379
732 7053 3873
9114 7352 1294
6915 7514 988
6069 6913 4792
1413 4943 3840
243 1194 1292
8896 3463 4809
4186 5845 2398
1287 6256 2259
6334 446 3994
1761 5753 346
18 7070 3223
5689 2717 4495
5433 3280 411
517 4265 2686
6135 7691 4172
6554 8748 2750
2987 2458 1242
2064 856 152
6305 5676 3919
7401 5010 945
4864 4458 1111
920 1359 4159
41 3455 2337
2358 20 3102
9002 7654 1418
1108 8185 225
4597 7029 3423
8600 7743 226
9142 1980 4006
6353 2320 1019
1320 7106 3961
1780 2405 1927
667 4345 3192
5619 8313 1852
6508 5976 4947
9981 8837 19
1573 6657 3401
5864 8942 834
3680 6912 3340
2681 2737 1255
631 8899 3082
1031 451 1142
1646 3893 172
5955 401 4677
6241 3870 4934
9398 4263 3973
9021 3181 2414
8678 8963 589
4359 6496 52
9150 2383 2131
7273 4947 127
7674 9280 2479
3401 5091 2554
4671 1849 3827
6045 6170 3517
6316 1463 4919
6527 3044 718
3645 2789 1932
9563 2958 3060
162 1876 4811
7918 6300 673
653 3183 1103
1676 6423 2783
8229 75 4557
7529 2458 3101
7798 555 2720
1240 1875 1839
8587 8768 1753
1012 9874 152
4433 5597 4183
1433 6466 3852
3057 9846 676
9842 3982 81
4441 2115 272
1434 9197 2996
9596 1006 2866
2622 7833 1862
1819 1281 4505
7184 6448 2877
6735 8049 1522
3043 4499 881
2565 8366 3192
5494 387 2035
8459 5115 1023
894 1571 4645
5798 9518 4952
3059 2615 1486
4335 9589 1460
4445 4174 2160
448 6553 3540
1404 5662 4700
2896 2096 1100
863 9681 4020
6307 4545 4427
6334 1079 4520
3082 9188 1377
5709 5528 4817
1946 4827 1798
2892 1218 937
7907 2792 2289
5735 6184 497
5637 1262 4193
2865 908 4319
626 9050 3391
1865 7403 4206
34 8622 4051
1818 3272 2787
3669 8491 2515
7247 3215 1226
4344 2539 488
5865 7606 485
3658 7058 2981
9317 6128 4756
3060 5176 3918
421 8069 1531
7855 9425 1288
9852 30 2145
7052 9438 4408
1178 1138 3585
2349 1407 1868
7866 838 1484
7063 1168 3137
8014 1513 3165
7783 2963 4076
876 2475 1188
4791 1298 311
2713 6845 1328
1597 271 4379
3382 217 4503
3383 3057 154
9481 1419 2490
3708 2000 4729
3895 8780 2091
1089 5398 2031
1480 1122 4229
9733 2744 1883
879 7893 1895
1305 3774 4818
7580 2337 4652
8863 8511 3866
2942 8669 3690
7558 1193 1724
669 4958 1153
3807 8314 3843
6539 8262 185
9625 112 116
7932 7518 3498
4615 2576 3774
7483 564 4967
7577 8681 3017
2444 6112 2015
9617 1075 1542
8576 5286 2527
1115 3699 1004
7545 4278 2051
8800 5490 995
9542 5875 2071
4607 2792 1827
3361 4263 2094
679 2870 3056
9116 8294 2971
5428 1041 77
8610 8601 4967
2494 1694 3635
1572 22 4287
7423 4480 4387
5326 3987 657
5563 9860 4878
7100 4709 3252
182 9160 3675
2207 5549 2056
8182 8124 4084
5416 3869 4190
8962 1938 3686
7124 8796 1841
6038 3110 1060
4511 7726 4293
1305 1834 95
1939 6997 1239
1870 9954 4262
9324 7869 2093
4668 6904 4757
3301 1474 3433
9171 1455 2826
1200 6362 2355
1882 309 4043
772 4438 2279
5590 1900 4910
6172 4728 4718
2962 3911 205
6232 6975 535
224 1877 3923
4451 8480 2404
2686 5244 1323
4403 6702 3802
1955 9822 1786
1020 6270 2429
7988 3256 4752
400 8667 3927
5778 3155 2787
8740 9242 4588
3338 2652 2239
3415 5397 4936
5919 1858 1932
3125 3709 567
6692 9791 3054
4397 3217 1093
4009 3004 2260
6804 9289 1798
5746 5832 1011
6855 8131 4519
8462 3197 4070
7758 7895 1294
877 5046 1885
9218 8154 990
8225 8401 4496
4472 2321 3813
1820 6159 3486
5182 6819 2309
5820 5888 1786
9815 2659 4268
4273 303 1665
4363 7978 3544
9794 6577 2456
6077 4364 2509
7 6845 3220
8482 9732 4847
4912 2449 2786
3551 2646 4221
3093 6502 4767
3804 89 4533
493 1203 804
8862 8017 1433
1857 3109 4651
8905 3098 140
2693 586 240
5797 7013 2798
7330 2693 1663
8796 7025 1009
6684 781 625
8930 7038 573
9528 1770 1999
7064 4435 486
6768 9709 2725
8863 525 2960
1234 8389 2543
760 4854 4047
7992 3953 2902
586 3859 991
8398 8665 2474
9620 7536 2403
1047 6354 1833
2990 2703 4313
5124 5810 3330
3662 3770 3461
6678 80 1506
3654 5498 1203
1519 8156 4701
2192 1730 965
9144 2856 4380
9403 1137 2031
448 5284 608
332 2540 3715
1407 289 2881
8535 1434 2173
7532 9419 3438
840 5453 3089
2303 3984 1778
576 9678 2094
7515 9448 3690
6618 8441 4315
5517 4356 1618
4277 6315 2244
5322 8290 1275
5311 4238 3301
3371 7812 1702
4068 3598 81
685 3649 57
4463 7476 812
6244 6635 1242
3859 4660 1447
5996 4054 383
1980 2060 4312
1460 9715 2361
195 63 890
1470 2229 4815
5635 2198 423
7997 8235 837
8771 8110 2393
1601 4970 3166
5700 6817 3422
3873 7382 364
8087 609 2136
3861 7779 1599
7470 6019 665
4181 3866 3062
3922 5262 2880
4304 7012 1355
2064 2496 4387
4923 7507 3315
6340 582 462
7978 5027 4729
23 9429 748
2525 6235 884
9936 3709 3060
9091 1608 3022
1658 4874 792
8914 6075 2436
929 945 2547
8349 9919 3291
5491 7122 64
9045 4096 3168
9227 6044 2219
4458 9789 2572
6190 9274 3825
7575 5907 3020
7019 1089 1315
4029 4779 142
743 1341 2686
2187 2928 216
4812 415 734
5854 419 3955
7052 2703 4863
4428 2796 191
1609 2421 895
7520 2239 1520
690 9700 2463
3645 4190 1426
3070 400 4242
2251 4867 694
9812 8971 2945
7589 7463 4195
7776 3457 2366
1808 3923 3653
2442 3406 324
7486 3701 2584
8077 1631 1737
6392 1125 4106
7284 7640 2082
9467 8148 4211
9704 5895 1712
5955 2671 2630
8741 5222 2023
5216 5302 4674
5579 1964 2580
4427 1726 2389
4065 6897 443
4733 3930 4486
8078 2083 2351
3854 37 4429
8399 4819 4575
6625 533 3492
4311 1947 2445
4919 2526 2972
816 9302 3127
9486 3147 2034
8140 5438 3980
9403 798 827
5347 5824 138
8670 8942 9
7012 3310 4693
5566 8529 2362
5444 4449 2845
110 5253 1482
9880 6372 2818
3914 7907 377
4165 7767 3367
8230 1008 4983
9056 5801 3248
8984 3857 2563
888 5823 801
8615 3885 2265
5045 494 1494
7500 5937 2972
4289 8034 434
2039 4520 1454
9658 5563 169
3936 3296 3505
9434 4008 3120
8911 3685 2451
581 2532 841
2018 472 2203
5666 4883 4675
8512 674 2357
6372 431 3233
5889 3073 2510
9496 3489 169
6930 6730 3581
3233 5077 4944
2036 6803 3080
882 6124 2648
8076 7366 1558
9420 654 2138
5878 5512 2423
3146 6820 1526
3637 3161 661
9839 3467 605
2548 1219 384
9098 2037 963
666 3553 4446
8013 7721 1567
8980 427 276
7309 8183 4580
9853 8462 771
9361 6601 4522
7420 177 3411
6317 7042 4173
8307 4888 1638
3215 1448 3552
5250 532 4894
8895 3502 1845
8723 1081 1474
8034 2298 2404
9934 730 886
4414 892 2949
4995 3264 4882
3771 4577 3086
8465 9852 4270
4345 7838 2009
8441 4618 2033
9708 5186 1759
7981 2915 3011
8474 207 741
5509 3803 3021
8539 4609 4679
6770 2503 146
577 3350 1495
3680 578 1331
178 1829 4984
2223 6219 4391
6531 991 906
8047 3753 4158
5813 5296 2984
5955 5798 405
5662 1559 4456
1506 7642 3088
1502 4929 1305
6327 6869 1136
4847 5008 1857
6748 8101 3912
50 4213 736
1422 260 4107
659 874 1464
6439 4514 845
3324 5269 4826
7808 4237 4310
9709 5883 3315
4356 2288 3047
2458 8055 2776
3519 1478 3631
8000 9571 575
109 5943 1892
7238 2865 2934
6718 5637 3154
3669 3413 4069
3242 4216 1569
5036 8956 4533
9959 1215 496
413 507 201
2760 4108 1450
363 1183 1086
7360 7572 3077
460 6375 3260
2176 6115 4770
6069 7714 4457
7738 4847 2444
1821 1591 1060
8240 5089 4107
4702 2861 766
7930 2874 3984
4153 2433 638
4197 900 2354
7747 9126 4615
1413 3319 3544
7862 1813 3578
1148 6841 4301
4826 9636 4127
9284 9818 618
2502 6288 1930
8701 2079 3699
9739 5055 710
5021 5741 2820
52 9675 3815
3919 3457 1604
753 9886 4272
7808 760 1817
8420 2646 2245
2784 9706 4479
5902 2553 4066
974 4786 3653
3790 4549 2508
5010 6387 1717
4825 6274 2138
7879 4218 4664
7102 5541 4651
1986 4086 808
1361 236 577
6100 2082 1356
1212 8702 765
5752 9582 2912
8856 8725 592
2686 3201 3487
9189 8630 3374
6294 542 4164
9054 2835 1903
2427 3885 3043
1656 1171 2019
9595 5385 1353
2828 5286 2167
9426 4688 2963
7366 315 1713
1310 7694 3295
8943 1682 459
1419 3515 1298
4557 7697 442
7879 3080 465
8374 1620 2397
1290 4544 1479
3650 7191 2934
7179 4517 2813
4487 6129 1004
7235 3797 1588
82 1100 3330
5549 4296 4160
7463 6424 3022
7351 8694 741
6087 9231 603
6892 6405 2894
5501 1523 3593
2376 9137 3170
4105 2525 628
3550 7113 435
1863 7867 763
4980 7925 1312
2843 2056 4976
4653 5417 1642
1618 9244 3322
5199 1332 3150
4621 4761 807
8965 255 2732
4392 171 229
8503 5327 1842
8482 222 4960
4476 2613 156
7638 6518 877
9686 611 3794
9683 8879 4847
6978 5392 4720
1306 3705 825
1725 9109 4093
361 8575 3763
8508 1253 2732
7334 4274 4789
1972 6918 3982
1103 6940 2626
7103 7735 403
9425 8617 3524
7051 8065 4480
8764 5404 969
6970 9018 1458
378 3298 4561
6023 2391 4227
5995 7669 2449
988 1081 2763
4725 1366 3013
296 6536 4213
9587 9135 2785
1465 1731 4451
9062 1493 660
6234 8031 4384
8026 3271 2227
8377 911 4584
5249 1912 2068
6615 6739 3710
6135 7504 821
6236 9360 2593
4758 397 1152
3145 1537 1645
4705 3020 3154
9178 3217 3135
9630 5637 3784
1557 3602 2894
7601 358 373
1742 6921 4482
4788 5695 539
2389 2758 2220
1016 2853 1812
8506 7292 4392
3098 724 1664
8802 1888 2421
7625 6430 421
4504 42 4701
6490 3014 3462
2362 9228 1315
2467 5726 4652
5848 3326 3623
6976 2754 974
90 9263 4504
5892 3265 1485
7288 2120 3600
2225 658 3543
6502 7585 3020
4492 9534 123
5960 9459 4078
3504 271 1971
7484 5302 1981
7743 4184 3068
995 8300 4232
3338 65 3283
9186 2273 4618
4265 8459 1008
7243 845 2280
9485 6877 3999
2440 9565 2446
2222 7306 691
9573 1151 3515
3477 7405 4285
479 585 2207
7330 2394 13
2729 8694 4405
9120 2764 1750
9474 7253 4609
7998 44 4600
7214 7800 320
1132 5177 1378
4917 2832 2192
4647 4074 715
727 2069 4699
3557 2337 776
354 3519 3310
7729 4325 289
582 9644 1511
5581 4317 1205
8141 392 4827
8436 3526 884
8422 1998 4466
993 3885 2282
3081 480 3744
1714 4944 4434
9023 3559 344
5415 5032 2829
408 9000 1082
8094 5867 4908
8922 6497 4248
6041 9082 794
9747 8081 2295
8294 9037 2449
6820 7198 2116
8958 2559 1399
3112 2801 4402
6530 4161 1353
5483 136 2481
6677 4565 3783
1533 7952 2398
2272 6338 2965
8916 8926 2445
875 6672 3568
1390 2459 2211
5651 417 684
1149 7093 310
1646 2571 2216
1879 9085 861
1658 6708 433
7476 6508 1464
1658 376 4788
6550 2670 3349
2967 1513 3086
9191 4444 3842
2959 304 1282
772 6220 1597
1137 5111 556
569 9690 1072
4607 4208 1757
2982 9586 2927
4867 69 2819
7136 8701 3200
4675 2425 4696
6452 2021 4027
2832 4539 3752
2252 8062 1710
1118 8598 4552
9329 8041 304
7112 779 2529
4378 6378 1165
283 3453 3629
4614 4718 2899
7791 1200 4725
1248 7149 3907
3276 4613 1214
1212 4165 1185
1499 1626 2281
405 7594 4574
1271 3784 3578
6232 5118 4895
2160 9715 82
8103 938 1571
8480 3632 4618
4783 2833 3788
1876 3607 2171
2342 4876 4010
929 6817 2436
9320 2190 1051
2094 5153 3647
1593 6900 2383
812 463 2296
8208 9361 2950
2671 4318 961
4359 3638 2301
5959 7027 2522
6688 6464 1788
9888 7882 652
8201 688 738
2284 731 3160
3397 3948 2899
8095 5844 4738
7819 4475 4896
7660 5168 3316
7546 5832 3429
4592 6204 3458
8127 6178 3251
7228 4187 4711
1520 3600 2480
8362 1690 3220
9571 4560 100
3481 2720 2472
2323 2644 907
6934 4191 2893
3270 2224 2325
4700 2182 983
5016 6538 779
216 267 2327
9374 8416 1570
5167 702 433
5478 8228 822
9184 3144 3461
5992 1237 2399
6558 9523 470
5286 9754 702
8797 3717 3943
6762 5790 1676
7492 9447 272
595 5256 3759
8829 3549 2094
1494 278 4448
810 8158 2933
587 9672 2719
965 3467 2650
4462 6101 920
3432 7041 2255
612 2060 4978
4887 2871 1223
714 9190 2725
9596 5264 22
3132 1632 1188
1585 5896 2760
9393 5845 4708
6035 9347 1417
4390 1148 4978
7199 1822 3551
6413 5538 2644
3550 6210 378
1934 8943 707
1788 7706 3
3352 2127 4489
724 4077 1239
5818 3294 4402
3273 6503 581
4701 4382 993
7696 9495 1279
1156 6855 2769
1200 5104 4469
1976 1035 816
4821 6691 4531
8169 2912 3108
1892 1936 4044
3842 7835 119
2834 2000 3072
3423 8930 2109
5735 681 1673
5939 5337 4785
9811 6508 3780
3664 1441 1629
1757 2487 961
3324 1220 1513
5084 3241 2091
6245 6218 3181
2099 9906 912
3298 6179 1461
1282 5482 1860
9707 4521 2113
237 6291 19
1259 4774 3434
1848 2148 77
5623 9063 2255
9764 9140 2306
4223 7401 3050
3602 3278 3488
1010 456 3929
4853 8449 894
3310 3094 3027
3859 3458 2004
7022 4510 517
7259 5736 910
8215 481 27
7345 5731 3167
6021 8770 1163
5506 5372 2138
8366 3911 4148
6976 9151 3078
1445 2308 1628
5576 8539 3986
9990 34 2770
74 7852 1686
686 9771 507
7884 2085 4634
4098 8664 2571
6330 4068 3169
6980 6616 3621
3174 1602 1751
9860 6625 1463
8504 6496 2024
3346 8926 4730
7518 5472 2522
8018 378 967
1301 2975 685
4707 3225 2938
9959 3126 1863
9339 4252 1321
7289 2788 4193
2442 8726 4188
1972 5754 3414
6028 6257 113
4814 880 1439
9097 7612 2307
4997 7541 3808
305 6301 2299
8895 1288 1685
3927 5524 4093
8560 2596 4825
2543 4393 2327
2141 3797 2664
727 6650 4476
8471 5116 1764
9698 4059 4838
3652 6379 218
6422 2375 3460
3216 8893 1210
3770 1796 4912
2249 9589 2423
7704 8229 3857
4564 5814 2101
5896 6875 122
3147 1995 4445
6740 8263 3159
5907 9543 1499
7779 9788 4892
5088 8457 934
2893 9930 3378
4830 5278 2332
8514 2129 3774
8117 2046 4637
5695 9900 661
1993 9623 2157
1812 3724 3271
4874 5082 3649
7712 2634 4739
1580 1955 4444
8232 4642 2544
710 1904 2096
7326 31 4560
2897 3261 722
9691 6176 904
7729 2345 2891
8388 8946 1094
8456 4234 2150
2795 7244 961
8307 477 2168
5916 5340 750
2879 8891 4980
9263 6104 950
2640 1789 3911
5010 5051 3634
6131 6942 1878
6414 5601 1017
8252 3566 3845
386 4965 3758
691 2687 1580
7424 2017 1336
5943 370 3087
8348 3034 910
2249 121 1795
6031 8427 982
3936 7283 2712
1359 7086 1492
4324 6132 1228
4335 512 2999
5933 8297 4640
7633 2846 1909
5951 9754 520
9311 8402 4239
5150 5866 1283
2777 9834 1277
7190 7906 273
2982 5979 4795
9033 4644 2910
9180 5237 2576
4667 2229 1293
623 5265 2412
8224 7408 1457
9467 1812 1523
9837 8257 4614
6588 7338 1953
4070 5997 1931
7470 468 3510
3530 2394 1689
838 57 609
7216 1401 4985
5797 5833 3908
7047 3095 1087
9755 6130 979
6438 6782 1035
1156 5700 3467
7745 4422 4568
6167 3361 4070
4631 8050 418
3879 267 1742
6780 6441 1994
8462 7003 442
2088 6323 4190
7454 1909 3739
5465 8235 2113
325 5466 1855
1093 8706 4520
6661 5439 4475
5337 2989 1527
8304 8425 3843
6394 2017 3655
2570 7571 2234
6837 949 86
4028 4818 737
0 6122 4595
9125 2827 4327
7388 459 1931
6111 1453 3906
1415 9648 4820
4411 9269 3645
4227 5549 124
332 9893 3906
814 6999 2191
4225 825 3873
1176 2844 2625
3747 4716 3425
1742 1588 2662
5383 5478 1495
4263 493 1127
7196 9177 1512
881 1860 2965
9051 1045 939
3753 492 4211
3741 9740 2874
3122 1822 611
7104 5296 1011
5773 2087 1204
3360 4307 2683
897 9019 4627
6924 477 3935
1228 3552 4000
6281 6277 3831
198 9186 505
6292 163 3507
868 5627 491
6877 4747 230
5813 1564 722
8853 3753 1459
9038 4513 181
1593 4815 2298
666 7443 167
4479 3311 4229
9259 3143 2632
3688 1658 3724
3115 2399 2383
7098 1788 2875
5870 2560 1271
4756 1314 547
4065 4268 647
4809 9047 852
2266 6796 4499
9278 2183 3152
6060 8839 1796
5373 2858 3865
3929 8794 1677
6717 8201 4475
5306 6682 221
6705 4397 2663
6646 8367 2244
7193 846 4974
3526 1320 3071
8055 9299 4832
7027 5413 4631
1699 2956 2000
9738 4143 2104
9959 4177 1784
81 7584 4531
5061 5388 3724
8228 4296 2052
9766 1015 1382
3831 956 3935
7770 1876 2537
6327 5404 260
2449 9112 3457
214 1229 625
8317 4094 3642
6694 1103 259
8367 1191 4480
9838 8842 798
3588 7745 4326
901 1843 908
720 4667 3761
53 8333 2193
4540 4145 2092
5176 3773 1099
5719 6650 3850
2193 1464 527
9221 5436 622
1417 124 4656
4465 5935 1081
6586 5793 4304
2175 1160 3331
5594 5844 726
4915 7104 1415
179 2 57
8734 8394 4442
8537 7724 3452
4888 1749 2526
3931 7501 3648
2712 2623 1465
8307 6040 2671
7038 9493 1556
1280 4570 4618
3795 5816 2354
8786 9151 589
735 8065 1646
2344 7592 3410
1181 9680 4977
668 3880 3667
7727 7394 2024
1448 1595 77
2785 5226 1583
7448 5216 4756
3592 3414 2705
8909 5139 937
5684 1114 2422
9414 4490 323
327 8108 2170
7071 7749 1101
3724 9627 3753
8548 8788 668
1705 8598 4136
2366 1577 385
7196 6189 264
5311 9468 2978
5212 8771 3795
738 4124 1181
6038 3658 3589
7675 6656 4860
6659 7839 2045
2145 6115 2222
9626 6428 3131
493 7960 63
2883 8975 3847
3517 8117 1041
3429 9008 234
5910 7466 957
2553 1898 3302
7141 2947 4940
6298 6325 4280
2970 7824 1875
4343 2770 4289
9236 962 2176
2787 6504 4442
5318 4771 2381
6457 48 3304
8293 8635 4706
5436 8296 4960
9968 3919 1193
1152 1263 1880
3090 517 2277
4871 2072 778
7837 9912 2666
3444 4909 4359
5674 6820 2063
5735 231 2321
5114 6794 1380
4230 406 2534
4770 1581 3316
3534 1502 3480
6333 4715 781
7977 900 436
1022 3616 1794
7219 9604 131
4214 7220 2178
2048 1913 1087
640 6974 3234
351 6142 4102
428 8771 2671
6861 9723 53
2158 9161 4764
1585 8157 428
8205 8305 4113
191 7191 1153
4513 2463 509
7821 5398 1925
292 9199 3643
7568 2390 1242
6213 9807 3471
6414 7290 1849
4569 5162 4277
7148 1016 732
5320 586 368
8670 6088 4551
5285 4440 4714
1104 4771 3186
5736 1106 3578
8132 9577 1381
1810 2342 3614
1067 9876 2623
2322 6648 760
7915 2008 4205
6864 7705 493
9585 7050 4139
3937 7775 1150
443 1109 3581
4182 8868 2581
4253 7579 641
4037 3584 1099
5343 9075 751
9585 6685 1711
4155 9082 738
3737 297 291
4975 3961 3146
2352 6094 3203
9291 1885 2729
4026 9869 1963
125 5629 4560
1315 8831 4094
6224 2708 2312
54 4599 3511
6192 1513 228
1041 572 3562
1066 9382 2848
8312 1115 3079
1500 8670 1661
2433 9403 4440
7061 5312 1581
7010 6306 925
4897 5842 142
1259 9067 588
9198 7857 4581
5948 932 1862
7600 4928 1662
6304 1225 1449
5560 1074 2334
2720 6343 799
8611 9879 652
2137 5104 520
5371 2620 547
2548 1322 1968
3478 8950 3725
3388 281 370
6329 637 1925
2616 8284 4829
7272 9864 2939
7554 3722 3835
7563 6021 3569
4862 1685 178
9012 9671 2524
6061 2259 258
7844 2070 2765
9978 4464 51
3162 8114 3157
4295 9574 2449
1304 3167 1939
382 9719 4199
4168 5232 2958
2552 2214 3068
5304 4757 2095
2052 2770 4174
5588 1164 2124
1493 3851 3212
3320 2423 2877
5165 8649 3533
1778 3853 1730
3109 3498 89
5698 7005 816
3723 1767 639
2029 3999 4036
2288 3385 3445
7690 886 4192
2955 2043 1731
6069 2882 1244
1251 1920 628
1701 8463 4799
490 9378 4500
3539 800 4157
7898 9580 4670
3494 3587 1693
765 9848 518
3084 8458 4954
1350 9951 4607
6926 344 1325
292 8358 1256
9205 9237 3335
8297 1937 4470
1953 4357 1936
3341 5206 4255
6908 2936 4443
4065 6049 4141
9192 137 2969
8892 8596 3703
7962 9715 3569
8196 593 3747
6682 9117 4055
9320 843 1462
4578 4648 3431
4280 4479 1299
3270 5642 4710
8677 6251 2227
8425 4478 232
9564 3043 3865
479 2379 4726
662 7939 3053
4188 2374 1253
4319 9083 4775
9051 605 743
4934 7596 3170
8861 9446 4507
3393 6580 1559
9941 1765 2752
6416 5850 4174
6147 6825 4300
1747 4475 443
4038 4442 4414
4131 5576 2271
5314 3959 3452
7449 9284 1543
2823 6825 1557
3569 4269 2823
7289 953 4152
1152 1174 3883
5887 9717 3095
6684 1423 2387
5011 6945 3187
6113 8510 2197
9589 960 4298
9938 5740 3856
2013 805 3960
708 6293 954
1571 4207 117
2881 2732 1754
5560 9655 3423
188 6176 2874
8536 5484 2883
2844 2912 4811
5934 375 4879
4929 4730 1757
7125 304 2223
8750 8423 2358
8746 6470 544
8734 1791 4062
4656 5294 3602
5180 7228 3299
8573 2129 3542
3499 7104 4903
194 594 4156
9518 7805 1918
774 3616 3474
5819 574 3811
7674 4505 3472
7169 4108 1762
3197 4873 54
9283 7479 440
5250 5537 2763
486 1805 1635
3384 3189 2384
3724 1461 3850
2196 7976 2366
6920 3671 792
8208 8299 2918
3840 4216 166
2380 6409 1018
796 2004 2718
8531 5240 1247
6244 3400 1387
3408 1372 377
7289 8522 2757
7695 7761 4214
8978 4609 3431
2310 524 3046
4757 2202 152
1436 1479 4248
6873 6431 4184
2834 7698 1350
6541 3716 2486
757 1303 4173
8941 1505 2317
9260 7182 3604
4196 1770 4504
1221 8242 1035
7588 1303 2915
1691 3171 902
9665 4433 4307
2777 8820 4591
2297 7649 3400
3586 4425 1720
9767 4311 3541
3817 6080 3660
1710 8716 4331
6584 8804 1614
5199 4588 3871
3782 7645 2340
5453 7550 910
5099 7326 1516
7344 4327 3730
9756 3311 1016
9831 8846 212
7244 1214 1049
4059 3115 3474
7261 8401 845
2375 1760 2717
5809 4429 1309
3595 7191 2009
9651 9692 3701
7406 331 2221
1687 4103 2755
8855 8738 3389
1372 3548 3235
4423 3189 1236
3990 6027 4617
535 6528 1986
2090 8286 3750
7401 5253 2780
4260 8208 2343
614 255 2317
2456 1111 31
9779 9450 3984
9677 8516 4244
5468 7522 3338
74 1131 4681
6651 6844 3199
7245 9376 1677
9526 9276 1535
8084 8806 1595
6367 525 4047
9528 8504 4894
680 9289 3989
8741 9817 1499
268 8189 4723
8381 3842 1994
8525 1152 108
1771 3100 3309
2134 4595 45
8308 3128 670
9986 5477 1228
6201 4272 3238
7893 4684 2067
5266 6736 1584
2917 2368 2695
368 5987 2500
6257 7635 4280
8529 4717 4103
9105 188 3067
9471 5426 2147
7850 4699 1483
120 466 1046
8735 9343 1223
3677 4977 1810
7418 1541 2427
2876 4657 1578
8246 8417 493
2011 4029 3779
2918 4465 4977
2570 8772 4524
4854 521 4684
6603 9943 3435
5185 8055 1826
8665 5515 1915
7625 5158 894
2880 2474 98
7942 2246 704
5204 9344 4453
781 5406 3148
90 2905 1507
2459 4408 4064
581 3783 1383
1377 3879 1563
7601 8756 139
975 6362 4403
5059 168 3351
4550 2431 4689
3781 9181 2967
5351 6000 323
7189 9613 1548
2871 120 311
8687 2185 1049
4911 4380 4854
1985 3603 324
6283 1655 2
8384 6078 2604
7960 896 2289
1985 9482 1544
6677 4172 15
6260 4491 808
6137 1787 1015
8343 2236 1489
2787 4710 924
3675 2704 4728
6106 1011 639
417 2083 2005
2930 3189 1295
1983 3560 4662
9464 2224 4426
5155 8311 987
4638 3057 4055
3824 5192 297
2819 2252 819
4403 1389 3216
1525 858 692
9825 9514 2781
3664 2325 753
1 5384 3928
8231 4868 1468
8850 1454 2403
4043 5303 988
4991 2001 4678
7673 9935 4402
1420 7954 3331
3957 353 870
9741 1680 885
5698 4527 1713
1867 7127 3653
849 1283 2396
1797 20 2472
9172 8549 1124
448 6658 2150
5700 6233 1194
486 419 4482
3087 2890 4054
3120 7100 3016
2377 9226 1676
9992 7464 1072
6115 2068 421
5167 6205 2874
6750 7607 775
6973 7285 588
2332 7600 2546
4440 310 794
3740 356 2853
9445 7381 1070
5262 3311 2033
2704 5070 4779
7448 712 3754
3238 267 3245
9111 6968 4490
8348 7743 4515
7158 1897 4706
2997 995 1118
2309 8898 2824
4733 738 2197
229 2318 3305
1512 7021 3197
8517 4189 2619
995 1642 2616
7074 2129 1360
5610 8858 2146
8492 1884 147
6676 215 2380
5444 9991 4452
3044 7190 4500
1064 4639 3882
583 5595 3560
4933 7553 788
7925 2385 4765
2029 2789 3279
9230 8408 781
5138 3994 1826
4433 5887 1846
3144 8919 2440
3414 342 1134
6840 9852 3717
8275 8353 1616
3430 1931 413
2888 818 4124
5584 2502 355
5951 6555 2120
5538 8578 80
3098 4230 2093
848 5581 4401
5868 7161 2921
5973 1293 4784
7713 4211 1997
9923 5663 285
4113 4860 2465
9229 2295 144
9714 6095 2294
5245 5984 2215
9872 1423 1496
8622 3453 593
1603 7417 4673
4667 9562 2408
4421 2152 1506
8415 3876 1153
9393 5489 4104
7521 4848 1273
7181 9824 3362
3597 57 2280
5255 5588 191
9299 4983 3617
8707 6223 2336
1100 7115 1616
8951 9060 1381
8294 1040 110
5511 9235 1318
5697 1675 1345
1715 1969 4129
9684 4625 3123
2608 4008 863
1368 7111 3081
6048 6043 3197
3649 6979 1824
7 792 2420
3167 3317 2620
9518 664 646
5708 6495 2420
208 7511 2992
5398 6608 4645
4681 1503 2168
6388 7258 1726
5573 2384 4133
3197 6276 1218
6038 7775 3746
4293 1662 3220
2007 6936 2982
6818 6443 2585
7586 6586 2540
223 6511 1742
3991 6272 2930
5575 8335 3212
1876 7333 949
1380 912 3461
9344 6697 3765
9351 6392 4909
3694 3009 2300
9578 6662 1265
3712 5098 2322
3290 6931 4921
2820 8245 2586
1368 5646 3405
3041 8631 1690
8136 9805 2331
7274 7329 2374
1133 8187 1768
3659 4051 3398
914 1896 436
7696 8810 3482
7829 6276 370
6024 3517 2317
5485 598 1679
5377 8972 818
7015 5939 2535
8849 907 3218
1787 8376 2554
6259 4940 4541
8093 6166 51
8569 6077 3702
6410 5011 3516
420 3337 3079
3321 2768 2320
2134 8804 3532
6631 2926 1177
8180 1613 1162
1428 7483 1833
6719 6345 2758
7131 6861 3745
3795 9951 458
6190 725 4003
2601 8156 4054
2672 3199 3388
6118 7311 3377
1231 4240 3765
7085 6737 2889
7693 1936 3414
4180 459 1282
2585 6470 902
2083 3207 2093
9537 4180 2780
7349 2855 2185
4301 9742 716
7461 7053 2220
8814 3012 3463
1578 4935 4304
1197 422 4738
9755 5573 3919
8402 1163 4604
4001 3336 4255
277 8046 103
3622 3915 950
5746 6451 3423
7918 155 2787
3166 4070 330
8729 5377 710
9820 8774 1633
8897 6315 472
6509 9316 3299
2994 5039 4486
9910 5964 3414
9371 1416 521
703 3183 111
8888 9638 3612
5873 8649 3154
3488 9098 232
4236 900 2430
4389 1600 3185
1218 6488 3325
1600 3296 30
6510 3292 2686
4654 8620 2863
3175 9394 3436
1444 210 2382
8436 325 4219
9206 99 2577
7839 4293 4774
8565 7942 2951
8682 4146 439
2773 4916 4833
3994 8219 3767
1091 3530 4412
9829 9803 1166
7511 9307 1884
5543 4608 2156
4402 5515 4436
381 5602 3586
3313 1018 1023
9690 9837 2641
2166 6484 614
4542 5776 3648
8480 2792 2418
6025 6583 3479
3740 7119 1756
770 5877 906
2265 8468 687
6737 3201 3587
9590 7134 1873
1462 7547 1986
3224 3254 4587
5768 6487 4514
4094 6463 4679
5462 7330 325
982 1875 2698
555 3971 2216
3346 1957 3510
2515 9984 1452
3295 5271 3319
3017 2027 1955
4290 3184 1961
6056 7320 725
2834 271 2644
7985 5080 1055
1128 3591 4382
6960 42 3113
8261 3063 4348
7386 2180 4188
7357 544 1164
4133 6062 3289
5073 5363 1911
1952 820 3854
6525 9577 456
7825 486 123
9456 6318 334
8997 9405 3574
7616 5013 2162
3732 5290 4802
3700 4550 2982
8074 1163 3330
1851 5942 3488
3386 4028 3190
309 6681 665
283 1290 1988
2680 3490 570
2946 3111 177
3735 6538 4072
2613 7000 4127
4638 7228 1875
643 8888 708
6735 9742 347
3239 5613 235
3395 4453 1049
718 6559 1195
8316 9997 2814
8638 144 2250
2238 4781 4543
5408 1633 629
7058 8608 4574
3650 9580 1311
1195 1068 2560
4036 6184 4060
9017 5671 4327
7398 3829 1590
4331 6335 3101
7904 7020 3271
8699 2108 1702
892 431 4000
3420 7730 120
3933 8275 3711
8095 4761 3544
4403 3804 4159
5597 276 4300
8490 2737 3048
7388 501 2315
4352 5522 2854
4156 2683 4572
4026 6016 4194
8836 7854 2081
2817 1597 385
9525 4366 1913
8911 733 2854
4612 7458 4838
4325 8370 4834
8373 3807 55
1965 8536 3487
811 8776 235
7679 6022 1804
9396 3757 4833
9051 5909 3079
7396 6941 74
472 4130 1486
7849 652 4834
8434 3926 4934
6737 5497 2390
8610 9581 2457
3228 3542 4210
135 6015 1779
6733 3789 2063
7269 1303 3173
8116 8237 334
4221 7275 4540
1012 5647 2540
4102 5702 1075
9596 2810 3037
8432 3053 2147
9508 1762 2352
8951 109 4575
7342 4241 2674
9368 2832 793
8301 9389 1659
1601 650 2840
8540 7872 3186
8528 6550 4927
4210 6224 537
9007 4580 679
6294 5280 4081
1024 4261 850
8175 9038 3708
5115 1939 246
5355 6572 3370
3178 2125 3372
2920 4531 3465
3573 522 1477
5572 8075 4447
6791 5521 1907
5492 7873 4520
6284 6866 3204
7540 3497 3495
460 3586 1190
1580 1822 1364
4542 5268 4602
7036 1344 2933
4501 7905 4735
8309 4889 2175
1659 8926 2852
1086 9798 4869
6735 8400 1667
2599 7878 3433
2312 8735 4822
954 8372 1178
3595 7945 898
452 6122 4852
6861 184 1347
3233 3700 4974
8349 332 2265
7302 4022 1248
8040 3005 1056
4467 3114 4010
5171 8853 802
1681 6979 1098
5635 9393 3200
7310 1059 4125
6034 1155 975
4397 7237 3618
7630 1953 3145
3318 1905 2588
3249 8578 414
9730 6579 1166
7612 8379 3232
1823 1530 4248
9400 1073 4637
2699 9151 1889
4595 4398 301
2139 7105 373
8402 3681 2727
9096 8883 4642
7611 4621 1740
6139 5003 498
8340 5161 4495
4754 2607 12
4907 5937 2057
2935 8252 4059
6367 7661 2778
7102 7393 2588
3727 8531 3354
6701 9183 4236
1248 5109 2806
3482 9694 1066
5024 1427 1638
3322 8002 1669
3081 2837 3238
4964 850 4264
1583 9841 2452
5081 4694 4605
9348 985 1195
391 8534 2431
2301 7660 1914
5841 9997 4765
1788 9366 1047
1524 5171 3904
8304 7012 2107
4523 8696 1337
9234 7097 650
2748 206 2566
2428 8364 3665
448 583 985
9418 780 3086
2585 4685 3496
6104 2493 539
2065 2480 2890
6643 2516 2068
4758 3586 3778
6796 2511 4994
2559 623 3473
6859 5739 2134
6014 6792 3446
8116 882 1554
7215 786 3604
770 1099 419
9272 6139 2991
7922 5788 1914
8317 8658 1058
5614 7423 4552
4176 3372 3760
1523 1684 3896
1175 9114 2871
6610 1751 513
7740 8953 663
8212 9179 3996
5390 8272 725
5888 9008 4830
1959 8658 3518
2277 3864 4932
3365 7643 4247
4379 934 4125
7584 1108 4711
5964 7812 648
5647 6591 1449
1739 156 401
304 4232 3991
1146 9359 2388
730 7114 2692
7099 8452 2779
9694 629 452
3173 7277 34
8878 6831 519
4957 6930 1682
9651 1348 443
2322 7534 2404
2840 3559 3858
8295 3180 3655
6939 2258 1942
1813 4506 3865
67 1520 1193
6451 294 3033
6666 2570 1056
6601 6352 4817
2660 3830 3177
2195 855 770
3802 4736 1159
1666 4120 4174
8180 7162 1878
510 2412 4851
8200 6455 1074
8229 1795 665
9027 292 1656
1960 9635 3201
8531 8900 2702
3147 5975 4833
1130 3143 2861
8266 3058 3509
4089 8157 2310
7317 8601 4287
8674 2318 2434
5427 2040 4980
8531 8165 4373
1848 3548 1748
9307 1973 4028
2434 3238 1066
9070 8499 1293
3687 2999 3748
5236 5016 760
3332 8681 3869
811 6102 2613
4679 4611 221
5496 4871 3984
5291 5765 1575
2996 4832 924
3300 6897 333
7812 560 1296
4904 9566 961
4545 1722 104
7696 1606 3867
9027 7522 4213
9256 6892 4062
5837 3337 3136
168 8 2261
5134 4977 2801
8160 9938 2310
2288 8130 3029
3772 7635 1759
7450 3401 1362
6496 9428 2829
3295 7389 1207
4189 5117 2245
9329 7803 987
2677 2605 3094
9692 5152 599
4753 3967 3411
9788 2657 382
985 9499 790
2355 5667 4186
6123 3862 2556
837 2202 4928
7937 276 4162
9434 5810 1934
8316 9981 3868
361 7131 2130
575 1255 1682
8094 4415 4542
9416 6422 4095
9121 2134 3510
3647 8032 3115
9971 2070 2154
6515 1134 52
5421 9362 4914
3992 1829 4471
376 4825 2459
7936 9979 2335
420 5367 312
5375 1694 2732
9591 4476 4957
209 6703 498
3973 5408 3440
2640 7557 88
6311 1235 146
5930 648 477
9817 1622 3977
1718 5952 2005
7222 2445 4556
1574 7556 3957
4294 99 4572
9138 8592 2552
7756 9460 3617
5955 3476 614
1924 5939 2380
5281 1049 3450
4898 3515 1999
9656 8662 1069
8512 8758 1925
6320 7566 13
664 9717 3729
4131 1721 4524
8981 6801 4518
2249 9047 4024
5776 8020 787
9627 8878 4480
7533 3065 1585
851 7194 2794
5685 7755 4500
6665 1542 3110
5187 9080 2066
1643 3220 54
606 3347 1319
2688 356 3341
4789 6583 1458
352 6882 3508
7997 2817 4107
3938 6827 696
9702 5000 675
474 2974 4122
2909 9776 3304
3297 8371 38
2894 7136 2557
9769 2517 4581
893 3783 611
5676 1758 1321
2781 7058 2584
8621 1394 3619
7581 2860 4765
3023 5651 3836
8703 3230 3476
3835 6805 4352
1754 2088 1823
284 5331 1804
2433 5362 1134
6973 796 334
1121 1452 4420
1752 3033 2003
271 7866 1741
8600 8622 4600
1002 1252 1162
2727 1430 1116
4323 3257 3403
5737 2091 780
986 1268 260
7257 4468 2725
2924 771 2851
839 564 4826
9447 1310 548
9957 7561 957
5268 8264 231
8366 6086 1011
1364 1035 2645
380 4960 879
2712 2647 2815
976 1242 931
2728 8252 3733
5431 982 4271
2977 6476 3830
680 3196 4638
900 9650 3974
4035 9137 68
7189 9656 776
4657 9914 1972
8074 1760 4918
1527 516 2260
6060 1815 2483
2003 4191 3125
8815 8219 991
8107 5211 3355
1052 690 4637
5723 9101 1863
4847 8838 1962
5559 9767 536
2608 7660 2750
3732 6832 1515
4934 7749 459
5799 3001 1881
3160 5044 3904
5531 221 4729
1147 7930 4511
3166 5833 3455
3136 6179 2213
574 6047 4321
5416 8290 4528
1197 1644 4468
6080 5738 3689
7784 1390 3858
383 7250 3698
5912 7739 3492
7100 2159 3784
1168 955 3195
1694 552 2336
2826 540 2048
343 7745 1694
5716 3834 4603
6398 8666 1180
8201 1073 2637
7649 8787 174
153 7650 4599
6293 1907 3514
9911 11 509
8531 5203 2011
4269 7640 2681
5155 995 3595
4875 8599 815
4235 4901 2505
3882 9678 2148
4599 6729 4933
2754 6551 3268
2859 6784 1775
9779 5633 785
9586 8557 881
3739 8753 1911
3090 4576 2493
1301 5224 2763
2953 9401 1305
7571 7555 3859
7436 1458 1559
6054 8739 4955
6743 1923 3214
382 957 663
3359 1710 955
3973 8070 4109
7288 1105 4432
7725 9923 3779
8593 9487 1358
9365 3956 479
9408 942 3693
7732 2306 2618
9080 4895 399
848 9930 44
6793 3063 2713
425 9595 2228
6689 6294 3235
61 5476 16
6820 8468 4646
430 2991 2977
6056 2562 4142
8534 9782 3729
3237 7537 4577
4314 418 3621
181 4310 943
9527 439 1421
4394 1976 3362
1706 8123 3669
2239 3126 4083
9340 7215 1877
527 9309 122
5384 3675 1595
918 1898 4841
2624 5401 1019
8632 7004 2312
7341 320 2117
8654 6106 2601
749 2794 1673
1349 4070 3685
4812 4435 4002
1970 5644 3100
5868 848 1788
7756 1623 2650
508 174 3967
4204 9088 4219
3630 8366 1221
7146 8813 1186
904 1341 1173
564 2366 881
5221 2347 3314
2843 786 3963
6972 7730 4691
5979 8067 2565
7576 1703 4142
7098 9826 3675
2305 6019 129
444 7147 4877
7638 4009 3472
5615 8432 3673
9548 4275 4829
2424 3449 979
5679 1775 902
130 9138 643
8085 8397 1622
1283 3737 2704
7512 1162 482
9683 3229 3358
6967 1809 3965
6709 5906 4155
8310 1405 4308
8357 3931 3813
6188 352 3449
1109 7383 634
2166 5822 2796
906 7385 2820
8861 4351 4700
3206 9984 956
7842 8775 1308
6865 4358 478
8960 3231 2210
4476 5027 1697
4498 1006 1500
8478 8551 2744
5124 9725 4870
1391 925 4188
7482 7414 887
8003 5141 3578
6191 4046 2568
8025 9532 9
3189 8315 562
8830 6948 4259
3307 2646 500
156 7662 1671
9069 6435 2695
4749 3822 3645
54 1729 1004
2165 6449 4874
9586 2928 4302
9981 7520 1118
2185 4295 4687
7291 6676 739
3589 5083 4383
8100 7770 3126
714 1583 1818
1668 364 4369
7008 2156 2139
5956 3232 650
2020 5145 4035
1740 8929 1142
6398 5498 1102
2954 7470 958
152 6593 4343
4258 6704 3467
7147 5854 3420
5999 8875 2050
532 4644 1505
9490 1374 510
3522 7250 2188
9553 7393 1586
6951 4905 2975
6799 8121 604
2614 1289 1326
4905 9964 4525
7303 7087 2465
1225 5267 2882
7769 2231 993
4063 1070 681
4055 9546 3101
8609 3960 4841
783 2765 4110
2618 9449 3697
7094 7958 1446
2927 267 4058
1380 1257 1765
5995 454 1864
3095 6664 3381
8509 9671 2355
9966 4718 4955
2306 8103 4592
3368 6985 3897
7885 4573 2428
8033 3072 1387
4749 5435 3700
1873 9376 2706
5989 4444 4634
7129 8848 2073
7792 2577 3741
6584 695 2135
1131 2851 4452
1519 7834 4096
1808 7963 739
6311 9599 4834
4696 4451 2540
3035 9191 1542
9544 6201 1747
2844 4457 4039
657 181 2542
2745 9583 3044
5279 4442 3846
1890 2707 407
596 7225 1901
1444 6272 4552
698 8794 359
6236 9185 1485
4423 2310 2009
9835 7765 3587
6418 7895 2621
3244 2083 4652
9281 8788 1819
9462 1656 4514
7871 5579 4975
9398 839 2971
8226 8674 2463
1918 9564 2539
8400 3004 2259
6839 4842 945
1093 8666 4276
65 3806 2209
6575 7402 375
294 6924 878
6922 9862 1760
8845 4346 4018
3908 8375 598
480 6493 2010
8163 73 3599
2753 1154 4605
6096 599 4596
2092 2242 3222
1062 6547 2033
5025 753 2816
4618 6385 2341
8312 5353 167
1833 7799 2845
2793 5068 502
128 1182 3722
5998 5933 202
4798 9700 1951
5334 7371 4491
1886 4727 767
2478 7729 3978
391 1240 2956
3927 3171 4267
8108 9789 1108
8828 3911 4803
2759 9735 1019
2524 3945 4115
2027 1316 4533
8033 4554 371
906 8122 2065
3661 2349 3168
2695 8791 2069
3472 2739 1833
7968 6298 340
3489 5234 3089
7764 2270 4857
4575 4480 1193
4681 7884 1411
2267 2576 3472
4694 7845 1223
8217 4053 2007
3592 4992 1934
2598 6205 361
3552 2952 1116
2456 7299 2706
6151 1643 4087
5798 8645 1755
5000 4458 587
7477 3587 208
8310 1371 4224
1366 9409 1175
4734 2330 2294
1793 2794 4912
7165 3709 2919
9871 8065 3036
2636 2250 4201
8327 3733 1221
510 3610 4823
8029 4288 4483
591 435 4966
2886 3776 3339
7253 7189 4372
6025 1359 2258
5726 5629 2209
9733 5106 2328
4478 5012 1155
9837 7590 1823
8015 2405 3510
9210 3082 1341
3786 3345 2079
8732 3493 1662
7949 5783 3047
7330 3586 4036
8869 5575 757
3798 9735 1605
1250 1754 3190
5405 3532 933
2377 6883 2067
5674 6246 3099
7287 5767 3631
572 5805 3914
1754 7845 767
5925 1422 4423
3655 3768 1856
3806 5997 3240
2734 6093 2759
280 2005 1687
5492 9028 2500
1855 901 1989
4266 1362 640
3817 7227 1578
2275 387 1050
2167 525 681
7456 3743 4425
2866 2065 3524
644 6501 4416
6453 9114 3391
6900 3774 7
7874 270 3385
4650 8911 4423
6677 3741 4874
8349 7422 2563
7032 9186 808
9439 2769 4664
5439 9406 663
1415 294 1055
8609 5000 4767
3401 8618 1557
5240 232 4658
4011 2398 3632
6047 3119 1053
6366 9938 2375
8202 6493 1566
2056 904 670
3973 214 3247
5290 3230 1652
2812 3885 4920
6422 9979 580
1601 9143 3091
6228 5064 909
1210 5553 764
6313 4807 2066
6764 5459 4957
2412 3143 3403
6141 9747 3870
9198 2479 3544
9579 307 425
8635 242 30
4617 7460 26
3262 3069 1313
6819 656 106
8654 8256 4353
5014 3109 4614
1324 3296 2191
7528 4016 965
351 5982 1743
9210 8482 4334
9837 3631 827
2637 133 2548
4462 2642 4120
2372 3902 3449
2040 7067 273
1399 341 4031
2429 9153 1695
8710 2808 562
2071 1548 322
1595 5929 816
93 6798 386
9822 8030 4217
4955 9230 3950
428 4612 1266
550 9529 3585
7501 6641 3496
3949 1680 272
826 9886 2540
5473 3295 629
9778 4562 1144
2203 3517 3143
5358 3905 1348
7747 1302 2118
7890 2926 2836
212 7894 3097
2497 3212 1870
2087 7509 3052
647 9528 2239
5056 4251 4216
3639 1362 4060
4693 9520 1755
6802 148 603
6524 1338 3574
8396 7772 3142
3661 507 3973
3278 7620 1333
2490 5179 3941
6097 8933 2141
8694 3948 3301
3416 9825 975
7273 534 838
3468 8410 4566
8933 1669 49
2352 9322 2633
7236 9096 4257
2072 2839 1710
3802 5516 4340
7034 2232 1756
4482 2320 1076
3730 4779 1075
2362 6845 2475
1247 272 997
4235 4500 1157
3150 88 2976
6242 6397 2765
7175 7405 3451
205 6616 885
2479 5851 1018
7962 4228 1951
4944 2825 1022
459 8871 2550
3842 8790 4194
9223 3275 4646
437 4078 822
7131 9906 3375
4280 6386 3539
8471 170 1229
6429 9089 3896
4783 9164 2831
1817 1683 3649
6949 6996 939
2414 4592 4028
6154 9038 2671
9596 7473 3097
6975 4949 3505
9233 2582 3548
6022 9798 329
2997 9013 1312
7751 7453 2437
6727 4550 4463
3002 5440 2384
5135 7664 3106
3984 4824 2416
7408 9150 1404
669 783 894
3138 8034 3166
8383 4049 2966
2608 8556 634
3842 7947 1058
4324 2832 379
4714 6873 3004
3724 5129 1298
1089 8069 507
5528 7786 1102
6192 8109 3724
9377 9021 1581
715 777 1189
802 3150 316
4398 3127 1645
798 7959 3799
9249 290 229
1508 2132 729
5904 3196 1479
4032 8234 4451
5060 1021 4670
5551 6070 2774
160 7033 1322
7954 2011 4565
2022 832 3148
3274 1160 4881
8757 6000 2334
4517 8900 442
7076 6373 3687
6248 4438 3547
2296 539 3456
5285 1028 3269
5702 1398 1085
6574 5230 2049
7806 3226 3953
609 4465 1346
1059 4970 978
5952 2366 1930
9091 7370 3593
8660 8073 488
440 102 4649
8678 5588 2221
5667 917 3333
9785 3361 2790
7779 6528 1968
3390 8437 960
3050 3181 2654
4867 3171 1755
7047 764 3218
2532 93 1693
8084 6764 460
2120 639 4081
525 7301 2020
7697 3888 3241
6869 8799 356
3963 1483 3559
9976 7245 3567
266 7353 4967
231 4400 3150
7070 357 364
5515 5492 4848
3874 1061 4784
9491 4563 4700
3082 4484 2198
9956 1106 3185
1399 5963 358
3059 9165 3594
9986 9197 1247
6824 2832 1142
5315 5510 2730
7298 4991 880
4274 5649 357
8541 625 3555
6288 410 1902
6808 3816 2177
216 9537 722
6237 1280 3409
9269 3575 1011
4020 3238 2036
6188 3288 2388
5289 2827 4376
508 4403 1799
3094 2914 3165
4223 4544 2187
6135 8367 781
6639 4947 4793
4478 6812 786
5378 2590 4132
6719 9037 929
5371 1790 2963
6761 7640 2472
298 7974 4814
4133 9357 783
7190 478 3471
268 8891 813
2280 5635 3602
1016 6437 252
2544 8699 1358
2423 4350 4506
9576 7174 549
5113 7798 422
6713 7998 2863
9973 6431 2698
539 299 155
2991 1854 4663
7386 7303 3453
4971 7289 58
5083 9122 3356
470 1344 3306
5591 6526 569
2321 5085 3576
6745 2203 2722
6753 9535 2842
1052 2305 3045
1088 6913 1110
8223 481 1434
6258 1789 2252
2933 2492 4308
4790 8177 2352
6300 9601 3987
8543 5633 1003
3448 6917 4322
1207 9945 2246
8841 358 2253
4367 6163 1901
5515 9014 320
697 2196 3688
2245 1532 3659
1667 4368 1019
1730 2194 895
2958 9995 334
5679 8553 4114
8246 4773 553
9559 3211 3202
2759 6145 1724
1487 3630 2470
9586 4181 3474
450 7637 4196
1129 8369 1312
5531 2097 889
9659 3869 4458
5612 2682 1098
2721 3575 997
1073 5097 1518
3682 1299 650
5938 5092 3958
9535 7407 70
4220 9363 4370
8358 3730 641
2849 283 3103
583 5146 1885
9544 5604 2540
4005 2734 4214
4536 5682 628
2131 9787 4618
3424 8777 3753
8550 8362 2215
3307 1256 28
7179 4794 4686
1313 4305 4322
7391 6792 2303
2926 7239 1777
74 100 4792
2733 854 831
8735 9199 3982
996 6852 4903
8914 3229 1211
9351 2421 2226
915 1304 943
6183 2831 4177
334 1438 3404
8858 564 3804
3963 2814 4249
1715 9408 3799
6009 524 3725
8040 2462 608
8250 9118 152
7059 6868 2869
915 5476 3488
5925 6068 1912
4580 376 412
2458 7134 4040
1353 6750 563
7448 2208 3747
7290 5202 1918
9277 5423 2123
3441 1533 3505
1539 1205 4423
6670 9674 4237
1817 4571 1411
1892 8307 3032
9445 2953 4642
3956 844 205
4834 4497 4967
2372 2568 4767
4366 6761 4518
7670 6570 836
6679 6735 1022
1908 8773 3049
7591 594 406
1532 333 4699
2570 981 3893
3783 7259 4519
7154 6580 2635
5882 7755 945
9968 5504 2715
7905 2705 4645
701 3127 2174
1133 3762 4477
6852 5137 589
7601 6303 4068
3769 7822 1218
7947 2790 2823
9656 465 3263
3134 5640 1795
1982 2563 961
5895 1217 382
496 9924 4903
9891 1773 1431
9662 8635 1489
4478 8565 3544
1539 3571 683
1588 1 1557
5346 8517 216
7448 7621 701
928 9665 756
2721 948 2079
5594 9508 1881
8378 7794 4980
5897 9983 3086
3699 8547 2479
5279 4093 2669
4515 6405 4480
1859 6837 3148
2834 3148 388
148 3120 3635
3818 6405 1611
7627 5637 3920
586 8489 572
5426 1044 4409
201 7461 4056
8861 3708 1755
6992 8625 1517
6725 1045 2382
4961 6496 2165
5822 5970 3672
5743 3639 546
1009 719 1114
6720 7010 4577
9979 7265 2539
2992 7772 2615
7282 1160 2240
8575 9754 515
2882 6109 2865
2153 1600 3322
5654 3321 4989
8119 9297 2050
4515 7396 2061
159 1076 2735
9032 6764 3417
8623 4629 4733
2813 7284 1309
5909 4196 2712
2772 8679 1551
2441 4495 240
2265 3085 266
8543 9564 599
2234 2655 4756
4621 3187 3605
1723 5127 297
1753 781 1217
4044 9364 2446
1902 5056 1069
9656 919 506
9313 4958 332
1991 7239 3956
4263 1599 4648
2866 8346 1660
2301 4845 4639
6063 1587 917
99 9675 3496
7396 505 1452
4851 1047 601
6784 9465 4990
3657 4891 3746
9130 7421 3796
6786 2343 4982
7734 4471 3189
7224 9941 1712
32 7566 1204
1932 7956 4544
2877 1200 4800
2233 7925 4946
457 910 3313
8404 4144 3224
4760 2911 4366
8185 4063 2467
5992 7242 3171
3125 5984 4202
7520 3160 796
1430 1399 1763
5993 4724 1478
5136 9201 3135
7696 4491 2620
6680 4764 2559
3676 1964 1684
2686 8788 905
6120 6327 638
3324 6880 4097
3041 3592 1930
2380 561 2391
7054 62 4239
4798 6327 3622
4872 549 3852
2183 4714 4331
751 1781 4209
7826 9911 3959
1676 7997 4956
363 8859 2082
9125 1332 2611
2616 8031 3701
1736 1185 2941
2656 8083 2635
230 7631 1675
6973 1356 1957
3069 581 2489
928 6516 2048
2667 2797 1589
6345 2816 4149
1565 9526 3739
9224 1303 856
1344 3475 216
7779 3752 3445
6349 1475 4912
6634 7496 899
9476 7202 4832
7071 9731 3591
8589 1101 3120
2837 6572 3111
8022 1549 2219
1050 7103 4471
2846 6668 2979
9512 8077 337
890 7293 1763
2647 1818 1131
7406 1199 1152
1395 5805 1011
7277 311 4971
6604 2518 3758
3587 1790 3513
7780 3331 2071
9297 2453 4540
4241 2367 3534
7998 8512 3393
1511 7331 4098
4583 153 2655
4919 8878 2856
1850 2097 142
6680 1734 1038
6185 8394 3902
4078 7698 104
1743 4431 2181
8228 7474 3966
1658 6013 4312
9959 2056 4036
9089 1607 1191
5856 9763 4146
3828 3520 4616
9220 1256 4841
8052 9472 1753
6877 8216 3446
4357 2601 964
5178 1108 661
2189 6403 546
112 9629 543
2212 8641 1237
7851 7981 2583
6185 5757 1566
9943 9286 4592
3487 8042 3506
7653 3740 1285
6906 5031 1327
7137 6801 3688
7251 3468 228
1425 4294 1090
3311 5575 1121
7959 4386 1961
4630 612 3750
1186 6653 1162
7950 6567 3572
4250 7877 4330
5039 8548 3558
461 5166 3145
4111 1928 1880
1304 382 3284
6583 6444 364
2514 8126 1176
4975 5464 964
3314 5811 3365
104 9846 4850
853 1247 2134
8525 232 3296
9085 1175 480
7030 5549 4864
5971 20 1672
6541 3562 1206
7044 2811 1858
7779 5281 178
5494 4815 1717
2523 3028 3436
164 2594 3947
9176 4490 3188
2987 4640 456
6152 8465 1677
7404 5502 4875
4241 5841 4304
7918 891 1182
3500 298 3859
1067 705 2690
6175 5009 340
366 6760 3688
5005 1736 3054
8597 6307 4057
5213 2148 2351
370 8795 4059
4476 1631 2590
6058 277 3718
5439 8058 3398
4238 5016 4735
6163 4057 4689
2992 1570 2492
9091 1966 4671
6459 5088 1362
4513 1011 2316
3203 6562 2997
4765 5297 650
9679 1222 3492
824 826 1451
2260 2486 3499
5421 6913 4039
9770 2569 3441
6151 2202 2477
3757 4555 797
7595 8899 533
4948 8566 348
8801 9999 3189
5907 9149 3130
1693 4895 3338
2490 1908 631
9545 3642 3125
8819 7607 2969
7846 4509 739
2792 2845 4164
7756 7023 3979
193 4106 2188
5051 7770 582
8827 6341 4627
4859 1042 1864
9875 849 2081
602 8844 429
8314 6681 1152
8530 3792 2601
5367 7890 828
4615 3015 3825
517 9612 1786
1373 9758 682
2993 1046 1234
5496 9549 2745
3754 5489 1757
2207 4721 978
2696 6947 3396
6605 2913 372
6975 9201 2675
6422 6757 356
57 2494 4220
8979 5426 2489
1124 1144 632
1949 2156 237
1472 5877 277
2534 6157 737
5493 6053 2084
2478 7597 3654
1493 4472 530
848 5105 2932
2234 8543 4392
7728 6656 2378
7074 8306 4186
350 414 2067
5248 2559 3119
453 5495 896
8223 6045 2403
6299 4530 769
3308 7966 1191
9163 1758 865
2090 2743 1712
1272 4963 2148
9151 8736 3327
3751 6804 3468
8260 543 1436
9966 5203 3012
4389 8923 2814
9234 9771 3664
5394 3018 3375
5679 8012 312
930 5674 3363
2285 8581 2374
4649 3159 1197
532 8866 722
1526 6981 356
9754 6733 1459
4033 9263 2675
7104 1498 1596
6260 1524 2657
1675 138 60
3335 8121 2113
9368 2430 1017
2460 147 3436
8398 6329 299
805 8128 3824
5372 7327 764
5928 5932 2708
6319 2265 1544
9424 4652 4070
6816 5057 3347
1031 4620 2763
7480 8359 3065
112 9495 2755
1967 9868 4512
474 9608 2564
9773 1001 2935
6162 289 1763
2099 6385 3325
2195 5572 797
896 3814 795
5967 4064 207
8342 7669 275
3912 3717 7
2657 4527 3362
7930 7871 3432
6880 9071 4547
7303 86 3481
4812 1470 464
8322 875 544
125 7697 1279
9229 7108 4059
2803 2883 2325
8637 5549 2878
1891 5591 3671
588 3320 2116
3326 4639 4698
1519 7193 629
819 865 1911
5615 8066 335
5481 8748 1860
3592 5047 4855
4601 4002 3996
4659 8039 3071
964 7038 1705
6590 9150 2762
3418 9238 1508
8311 6536 1680
6157 9541 1905
4125 1310 523
5961 2243 2917
6857 4407 831
6542 5795 404
7069 4863 1733
3726 422 2829
4832 999 3311
9338 6975 3030
1636 4520 4189
2307 6310 4572
2890 7472 1158
5554 6658 2020
4058 604 512
9523 2423 1271
4562 1189 749
7768 7761 969
6023 5766 1573
7029 8039 1984
1845 7921 2384
2568 1081 854
5606 2166 838
9507 2604 3551
9855 3890 3440
117 9466 4814
8114 646 3851
3115 6076 2982
1641 3811 768
385 3941 4658
8823 7018 4434
8525 7039 1594
5454 9749 2417
1645 2305 1846
156 7739 2915
6206 7361 2472
5123 4083 3814
8019 590 4977
6478 4154 1275
2239 6015 3389
3414 8327 2981
1112 7121 234
3249 1793 1265
1042 1330 2457
4338 2168 1572
8864 1291 2554
5430 4519 465
4011 2261 3907
4453 1681 2807
4175 7096 2058
2999 2543 2982
6058 9308 1141
2235 8181 607
3002 154 3853
4958 4502 641
1729 4810 4244
6305 2680 4983
7977 8327 1550
2148 8259 2341
5294 3152 4267
1890 2711 4688
2044 7111 3555
937 4415 98
448 9495 4566
9575 3688 3465
8880 7357 344
1085 7701 1187
1247 6022 712
8735 4329 3819
4637 4243 342
1017 989 2603
4154 4093 739
2650 2081 1339
6839 4901 4777
3043 3631 1275
7245 2707 2434
5049 5881 281
3633 8251 4736
3420 4990 3944
6953 4587 4790
5253 3003 1537
2478 5228 1633
7748 7788 2425
2959 2583 3369
7243 1034 3116
4716 8984 2094
3953 5635 999
4696 5887 2348
6628 2201 3194
654 5289 2809
3748 8245 2976
5816 5731 4436
8194 5540 4683
9659 1608 4337
9276 1022 1801
4387 7728 3762
4129 4481 4729
5724 9090 2740
3466 9956 860
2026 1151 1828
895 8731 1702
2373 1343 1527
1715 6992 830
7412 6874 1142
5840 1498 4708
7464 3390 819
493 2424 4925
8475 4071 1790
1543 2350 3581
5338 2314 4101
1564 27 453
7283 4643 4477
8988 8821 3926
1237 156 2919
4190 8566 2390
607 4488 2015
9111 869 470
8876 6234 3352
6726 5419 4253
1265 5153 1711
4065 6193 1276
2392 3958 1974
3454 6307 2262
7035 9388 2864
4382 9296 2547
7060 5893 4613
2351 247 2972
4924 8568 4568
8585 5934 422
7659 3479 1232
6032 7590 4925
1435 6696 1514
932 7879 3905
2713 6803 4965
2107 5971 1528
3440 2119 326
9863 6632 3424
2397 7407 1093
5571 549 3989
184 1136 1109
610 204 4505
4657 749 3897
5985 8501 4193
2635 2135 1194
7847 2081 2560
8398 5256 4856
3667 1037 4055
8421 5478 4138
7712 8275 3961
3362 4474 436
5754 3815 4425
6487 7854 3312
7196 7464 100
3087 7877 1555
7246 9267 3317
7791 2319 4551
641 3324 3349
7263 2007 4711
9449 9445 2056
6621 6048 271
1445 3052 1583
5513 7915 4312
2386 2856 1614
4453 7552 300
8882 3607 2508
798 7122 1244
6161 2306 3020
3794 6495 2560
5061 1199 2222
8827 7760 4015
7211 4805 2776
9340 9276 2258
1989 8212 4393
3726 6210 4223
86 8875 4753
8615 8585 507
9603 3162 1362
322 7190 4903
6389 4671 2396
8630 1065 3898
5821 5815 1062
5499 3770 4922
1086 2989 2878
5268 2270 2630
461 451 1577
832 8914 4717
7635 3283 3897
6711 830 1430
7706 8492 3883
919 3259 2048
2183 1861 2775
8206 3430 3312
3411 650 1615
2057 8370 2826
8597 7031 3813
4446 3667 3151
369 4783 4128
8698 8530 1923
3953 6425 1126
8987 1870 3595
5187 105 3551
651 9673 2405
7614 1066 4378
8373 8471 105
6386 5658 590
3808 1380 4796
1995 4513 1339
9255 6658 3671
3284 255 3660
4143 6407 4492
6374 3347 4413
6184 4857 3186
1254 996 3734
8986 1620 1408
7396 7485 4927
4211 2005 3860
6955 5331 2621
8394 9054 4169
2138 3608 4911
1066 6706 1188
7906 563 2407
1650 4664 975
8548 5949 3410
2094 3892 1941
3380 8714 1939
1800 6576 4086
2942 9516 385
570 3844 3706
2302 5026 4025
967 9578 2083
1951 5861 708
3204 858 4002
4874 5360 3008
2410 9820 284
131 3244 2874
2769 330 3004
7834 558 4535
3218 9526 1077
2543 6809 1984
35 3371 443
8137 8271 1918
8142 1085 3355
4262 2417 4969
4512 6598 828
2400 5782 4002
9994 8772 1007
2718 3093 1556
1923 6909 238
3263 843 4419
9840 3030 3046
6597 3941 654
1431 4782 177
2786 1544 2865
3438 817 4169
241 4633 454
2630 7520 3382
1181 7647 4005
8943 1660 1383
8401 9656 2048
4020 2163 1796
4516 6112 2102
2253 2391 1684
1397 7822 4091
8468 1798 3181
2911 1831 2247
2623 7784 3401
5948 7074 2774
7175 352 3914
6948 2471 554
4169 1977 3348
3581 5129 451
2279 1051 2325
3068 1350 187
6180 1970 1000
4317 1134 383
6385 4638 2635
5528 8247 1526
107 406 4692
4173 1053 1042
4430 4154 2944
2038 6149 794
9772 5034 3339
5449 4053 3808
40 2493 1785
8381 7716 4982
8490 3842 1500
3653 2777 1998
6234 7226 3601
401 9790 4516
9310 6072 1669
4884 2401 2901
1087 8130 492
1995 3148 2596
8201 8741 748
2573 1978 3059
6129 5736 1104
4326 9161 4721
4091 23 4138
7741 2018 1672
215 1673 3312
1502 9105 4283
437 5057 564
1697 2971 537
2138 6308 1005
817 9670 38
6965 1939 398
2241 9363 3194
7727 4382 3428
9735 7694 3596
8376 413 1588
4656 9361 1593
1716 7139 1908
9731 3524 2490
8909 3856 3002
5951 7236 2556
9440 483 4439
5597 7206 2456
7988 1366 4023
7250 1756 2620
5478 6716 2391
8546 9424 3083
4140 3861 1250
2474 4289 3213
9621 6330 1907
1750 8751 825
5329 8732 4877
6888 31 4805
3224 2613 3179
3312 4120 1608
852 9815 1227
7056 2580 160
4633 8395 1107
4122 327 913
5690 2380 576
7380 3397 4422
1807 831 553
8549 7285 1954
3370 2994 2333
7819 1613 2804
2660 5596 4564
9591 9949 3265
7791 3833 495
3111 1689 3177
9321 7300 1445
8522 1674 4420
8356 6057 4376
4102 610 3745
3961 4736 1875
1358 9365 168
8994 5810 3670
3476 4524 3232
8448 7132 3779
5565 9010 4872
7761 995 763
5402 4699 1245
2182 8079 325
6025 6131 3897
7458 2566 285
768 5261 1920
6799 8992 4300
9762 855 4539
9441 7080 2240
3615 5135 2016
8925 2887 261
1676 8837 3842
8012 6767 3702
1296 2682 4683
4405 4133 632
1136 6065 1809
34 1764 1227
8088 923 3643
3168 6319 3278
2926 846 3355
2479 8137 1025
4235 4563 3722
192 9285 4764
7027 7709 2130
5974 221 3716
1061 7073 1190
3815 9680 1271
5842 2180 3564
5689 5972 2725
7276 5551 3638
6680 8419 1005
1816 2665 64
594 5860 3436
5253 5186 2834
3994 796 2065
334 7899 2279
3263 9757 1671
8696 7514 1294
7362 158 3895
5922 9928 1759
3722 5766 1443
4686 2739 1598
9151 4909 2054
9079 2121 2023
2464 8925 4831
206 1588 3863
1024 601 3249
3298 7975 4302
1239 2001 4469
7064 8555 4816
3977 8905 1729
9570 5628 2134
3128 4539 2730
8178 1274 1095
9153 4666 454
3573 8310 2154
1017 6031 4528
8680 7600 54
4123 1517 4649
3252 1866 4481
7558 3590 1064
3819 3147 2677
1668 9289 2693
849 6787 1151
3096 4037 2497
4478 423 2981
9281 4003 4530
8913 3842 1992
3220 3441 3652
8540 7973 1676
3764 5348 4296
966 5346 4502
2647 9598 4350
9867 5563 4658
8253 1111 2320
8478 8785 99
5299 5476 548
5734 5606 3364
7997 4492 3305
4931 2184 1499
7579 3258 429
609 6800 1964
6413 4801 3795
625 4552 4293
7845 981 2407
2302 8690 368
4441 8861 4993
1781 9892 1155
4776 4425 3629
6914 3514 1603
7460 8005 4936
9376 3924 4181
310 4164 3674
667 1859 1997
144 3263 3717
7042 179 2215
9701 1777 4803
1607 8079 4873
9257 7666 175
5435 7458 4748
7336 3546 817
335 8260 428
2839 7995 571
3736 6916 1361
2982 5203 3011
7965 8525 2313
1177 9238 76
4083 2435 1052
2192 1214 958
3611 8304 4163
6988 1114 4546
6632 7100 248
7737 237 2528
1307 9530 2637
8125 2612 2071
1453 6734 4567
5580 8316 2097
5739 3418 3195
9282 8332 607
635 5722 1636
5064 153 2980
3637 4815 4071
4684 9339 1497
3475 681 4422
1081 822 3860
9553 3806 2215
5801 6654 2930
1171 3676 4832
432 7690 1381
6360 7450 2462
5281 4080 1845
6150 2159 2597
9401 9720 4629
1281 7220 4508
480 2986 3940
1612 5199 1524
2278 7414 1923
7892 2642 1142
6776 3269 4326
6916 1829 3833
1805 6231 4605
1036 3159 4494
3104 5557 4306
1699 8064 4153
1552 477 2941
2512 4883 2628
203 3079 2573
7432 8768 1734
6003 5090 1458
1171 1908 1640
5539 7756 3236
1501 5078 2145
4862 378 496
5387 7499 4787
9322 7989 4953
8988 4962 1808
1356 5586 1405
2665 7950 691
1805 212 3820
4997 7124 2876
5586 662 3325
6053 3877 80
2940 110 209
6939 8803 3319
5685 2665 1546
2563 826 2485
2227 363 2368
2616 2426 2282
7617 157 2144
2564 8551 2426
8209 5180 398
1233 3295 3306
7906 2257 2423
5508 327 4593
3883 2306 438
360 8648 2599
9012 7253 2647
2372 1063 4666
3705 2621 3140
9928 4876 2268
6144 5020 1800
1622 321 1032
9642 1901 1104
441 9241 4009
7138 5595 4257
3507 5880 4039
1868 7703 4269
6937 2228 106
8534 9744 1409
7488 9483 4726
8107 3144 2055
9114 3491 1428
9343 4132 4257
270 8067 2173
2304 6587 4119
144 1955 3665
5770 999 781
7636 7828 2853
4550 7396 2850
530 3611 624
6851 8439 1004
5860 7499 1567
7002 7018 2549
229 9978 3419
9176 109 949
2876 425 155
3445 9276 170
8685 1999 4880
7546 943 2517
7259 6650 2775
5443 4862 2367
618 9152 4427
9115 8202 2747
176 3230 4019
2663 1105 4697
3358 443 2516
1505 9098 140
8519 4889 4568
2171 9603 3341
280 4669 3440
2568 913 4509
8181 3800 4510
4995 3613 1138
2751 1633 3001
6410 3778 2430
3262 9911 3983
6892 8254 1169
5742 2103 1999
8306 1564 2810
4614 7754 2516
3435 2801 4971
9820 5837 2666
7335 5796 2564
3897 8670 1878
5936 511 3569
5643 4136 590
3093 9417 248
7724 4491 2059
4069 2089 4679
7945 9317 1083
43 3043 1121
3040 2022 1184
3849 7419 68
3763 2557 1131
8606 8217 4373
9955 7764 485
2965 7107 249
948 5769 1139
1001 6938 940
499 8589 2354
1789 396 3161
9557 8121 3883
7569 5525 1542
2285 3968 4501
6436 3140 3968
7709 3367 3303
4841 2382 953
7245 8952 2742
7721 2628 1387
8434 316 2187
3661 6488 4932
1470 7192 2415
3067 3472 4542
868 8768 3571
9873 1455 4763
1353 8560 439
9394 8829 852
7774 4905 2615
5392 2145 3683
5243 3259 4062
159 395 2060
1816 554 1420
3284 3591 3168
2623 9199 3099
4692 1290 563
6424 9895 1032
8040 7724 406
3997 9041 4871
3815 1163 1835
7002 4229 4768
338 3995 3538
5363 7380 618
6937 8645 4255
9785 8018 1210
9664 3629 591
9843 492 618
638 1364 4442
5712 5776 2225
184 6141 3973
4250 4693 4228
7963 374 1807
9097 1406 4072
1597 7924 2193
7922 4765 4924
365 7769 1496
3993 2335 4309
6062 3323 1923
7921 4070 3249
2398 3257 203
5419 7285 3288
2472 821 3786
2729 6322 3329
9885 3973 1001
8734 5988 4102
5563 2837 830
8537 7133 1164
6053 3632 4928
5867 6388 1751
9518 4322 4403
8060 4619 1523
2191 4166 1670
4785 9592 470
9667 3291 2081
2335 6326 4792
2560 6705 1816
5031 4172 2454
9191 3445 53
4114 1826 150
6071 5050 2764
8680 6387 90
1149 9758 1847
7429 8033 1386
9031 6381 4090
5193 7110 3311
8803 386 4026
3189 5072 2773
7524 2037 191
7604 1712 3753
8401 363 3345
5761 5303 307
2817 7002 2486
7804 2198 1094
3304 1258 2142
6752 4804 1264
755 2485 105
7307 6464 2936
7985 9398 3528
6466 7457 2860
8555 1321 1693
4905 3736 2428
4440 7594 3620
6228 2758 1900
6500 9320 3153
6682 4059 3658
9004 7003 981
2978 85 2138
5791 8087 4072
6718 7895 2070
934 4137 2856
499 6486 4902
2730 5717 697
9892 2036 712
5684 6112 3513
5625 2907 1154
7456 9095 1020
3105 6639 1178
4233 8993 89
4362 7101 3944
7693 9971 1793
3261 9111 1940
9553 5565 441
2473 7598 4591
6330 2569 3157
3305 1772 2165
1470 3743 2597
557 3161 4962
7384 8583 2568
1333 4911 581
2893 258 548
1212 9532 200
6305 8088 3986
3770 6844 4461
5231 2865 1930
7451 5080 3803
6810 1999 947
5476 5607 4354
4637 9570 3914
3127 8310 2486
159 52 4255
1821 1228 509
5840 2313 747
2751 4333 171
7840 6932 3379
7894 8566 3099
1661 8711 3186
6247 4745 2895
3303 3989 4235
3267 7467 1860
3343 2012 375
7191 4941 3588
6552 411 1582
1412 655 3848
7267 7501 1562
6020 4039 1932
9468 6708 2161
1297 4425 2530
1482 2699 3940
6051 7862 4660
8780 9047 114
2873 7496 1145
935 9983 1616
5424 2686 2985
1176 2531 8
8691 7434 2936
5580 5115 3279
8168 922 86
4689 7776 2899
8972 7529 355
1624 2175 4251
316 9204 3759
532 3139 2247
1634 1972 3211
3213 8828 3431
1210 576 746
145 8681 1639
878 1692 3044
3177 5621 1131
7355 9118 180
742 5354 3347
613 8336 4365
6682 3157 4570
4726 1401 4925
6300 2298 4461
5108 1735 4906
4285 4306 3593
4613 6374 238
5893 8119 4746
2725 4073 1377
1032 8885 1621
9360 5284 3940
6804 8832 2821
3217 8664 4965
3800 3106 2681
6146 2064 2191
1844 9965 2842
1355 7632 4547
6581 3846 813
8911 9542 1471
7584 8492 3114
9163 5995 3379
8397 7681 4660
6297 7443 1658
7621 9774 2970
6275 8756 4266
533 8483 2641
9799 6685 3576
5715 2343 971
6240 3576 2492
8613 7798 4526
6203 4406 4271
390 2047 422
5403 1905 761
8284 4661 1137
6146 4987 1014
78 2571 1200
827 5991 4379
3920 5276 4737
5293 7807 4529
8572 351 4366
3659 5675 1099
6166 2835 3667
4002 8829 1477
7239 6495 133
7148 7469 296
6519 2379 3000
73 1319 3862
2748 6609 807
1542 8826 501
9978 5339 3582
984 6164 4694
9985 3891 1481
4015 2268 1590
7065 8032 1968
6549 5572 2094
781 1342 4611
7808 3506 978
1142 1470 1394
370 2321 3803
2771 2913 931
6461 3966 551
8003 4839 783
9734 3648 4487
9317 2100 3689
3974 3668 2287
257 9930 2749
8831 6472 2003
5246 4761 3577
9592 3034 2045
2283 6280 3518
2278 4223 1248
9526 9715 3479
6167 3653 4841
281 7347 2272
2156 6311 3467
3336 3454 4111
1378 2857 1214
8646 442 77
3034 3645 3871
903 6718 175
3202 1168 2342
1087 7508 2010
4078 6382 923
2621 3837 4823
3564 3306 4485
1489 8978 4842
4209 5624 2292
9553 7237 2878
1330 5514 1293
3951 8683 2797
9188 9419 3600
2473 5702 173
6267 7487 621
3680 2321 1090
3606 7380 132
9492 264 1952
1713 3929 2532
6414 5116 2389
3726 9889 82
1369 5390 1859
3630 9471 2748
9183 3677 1549
2188 6940 2956
641 213 968
2857 8647 579
8278 5051 4369
3636 6348 2455
5464 9842 511
4044 855 469
6348 7630 4714
9708 1113 1663
4653 6690 4579
646 6253 226
6290 5681 3241
1058 2371 920
8076 5096 3867
2272 6760 3974
2946 3470 2489
633 7112 4420
8953 7205 4065
2443 7887 2773
3251 8979 3422
6381 9001 4876
7966 906 3643
3410 4907 1026
1674 8804 133
8362 3346 891
6511 9913 4138
2208 3267 4083
9444 9705 3046
4004 4938 1096
478 5397 3366
6654 8233 189
7478 3673 2937
2815 6488 3691
5196 6365 2889
2891 8832 62
6131 3978 315
3187 6508 971
147 270 2202
7124 331 2723
1786 35 189
1592 9239 2799
53 761 4569
7689 2778 3239
4447 6856 1175
7367 1667 3422
7464 5750 1065
155 5919 4699
4008 5461 2153
1282 6049 4075
2580 3849 4745
8124 4258 1517
4125 7591 2319
2443 5330 4431
9637 1571 4761
5175 8056 2535
7021 5341 735
9409 8727 2429
6936 6133 3103
3461 1804 3244
484 3337 1514
9184 9074 4190
9652 4228 4382
9376 7921 4572
4963 1722 4046
2070 7054 1856
5837 2188 4253
9024 2253 4114
170 8672 1317
3517 1595 2557
3155 624 1246
5723 2441 325
189 2076 4712
8465 496 2375
2649 6790 4702
8967 743 4443
7837 8902 1420
5176 3874 2142
6179 8112 4
9610 9595 3634
8263 5392 303
7134 1158 3139
1103 4083 965
2479 1984 3763
8645 8747 4382
8524 1415 3560
3011 6427 3461
6595 8323 3904
4399 2293 1313
3873 3729 4343
4707 4989 2553
6549 1120 747
7544 9304 2597
4946 9730 3015
7509 1103 683
7226 171 2413
4195 5069 583
5954 3152 3164
1992 4221 2744
1178 8875 1790
1213 3755 1239
1551 8628 900
6176 7753 326
4943 9555 852
5890 6441 889
183 956 3987
2095 7075 508
7640 6237 4199
5761 1159 3449
4769 928 3481
4717 545 422
5513 9031 2359
4822 5686 845
2200 8234 1404
7901 2295 2143
2619 8770 4459
1235 1804 3464
7086 4648 4894
7793 2658 2211
8598 4036 1269
5170 9847 2635
8114 4916 4518
5992 1778 1794
3377 8180 2882
9519 9479 1625
3663 4188 3008
9044 3064 1698
8983 8734 725
8226 8006 916
6509 9683 2071
6278 7194 2823
7084 9206 1114
9893 2976 2540
7474 6660 4253
524 7740 1116
5403 7681 4674
7250 5840 597
3108 1523 2653
4563 6853 1538
6933 8170 3460
2476 1702 1779
7108 201 3550
2417 4671 4835
4515 4367 3811
3001 8169 1108
5101 5809 2642
7969 6386 4912
9622 9572 4377
8183 5120 552
1715 4672 4330
9701 4089 1658
3645 6512 1717
9274 7071 247
1098 5110 2226
8071 1856 2986
9467 9396 3756
8121 1232 4714
4236 4476 2690
5960 6432 644
4315 633 3722
7433 5061 691
8327 4612 845
2333 6233 2065
472 5334 2024
5931 2215 4899
3621 2855 1105
7578 6646 4809
7957 3120 484
5334 7453 1480
1953 8357 3529
4571 5526 1813
2120 7135 756
6587 1252 3840
4221 9383 4628
3637 9992 2277
5655 2669 1361
7323 9725 820
8474 176 2903
5145 4325 4026
832 911 3408
9154 8670 3971
3876 74 1152
9217 6837 1059
407 5657 3347
4035 3810 3204
4243 785 4741
7413 6686 1202
8907 2637 3632
1395 2609 4570
9006 2887 3361
4009 2011 161
9310 6650 4474
7466 2824 3063
4911 762 3605
8075 4134 4416
8682 1202 3404
8318 2485 87
4569 3537 1338
8501 1501 1106
7564 7951 1786
1853 7459 3800
4850 2757 3944
8783 9903 2170
3101 7834 4462
9149 7707 1312
4423 2270 3779
5723 8210 663
4469 409 3132
5368 939 2716
8946 131 4684
6057 3512 881
7006 4878 3615
777 6124 2159
9009 9096 3820
5543 3128 2216
588 7912 1772
2949 8807 2427
5650 6161 4449
8380 9403 1927
2352 2270 4298
1068 7860 714
579 8988 1531
2343 8936 981
9264 4389 460
3515 3324 2105
9317 7864 3748
5876 4060 1729
6291 7253 4446
3793 5851 4212
9026 4621 2795
4487 9521 265
8913 6719 3999
8600 1545 1717
8249 2306 1904
1713 1623 3338
8186 6511 2304
7405 5167 4269
4085 3990 2918
6190 6214 2018
8494 8448 1363
8358 2710 1483
7316 144 3270
9510 7735 4089
7471 7958 1935
543 8724 2559
2954 9486 4143
5131 990 3691
7172 638 1147
3477 7085 4417
1462 875 2124
6926 3791 3172
4004 2317 157
1438 5643 2452
6154 1167 1071
1191 4193 4804
1490 2879 1491
8791 6794 3658
3101 1702 4833
4262 1977 4727
4193 9406 1222
6804 5226 849
1935 8709 2713
8256 910 1451
102 2967 1742
1509 5310 1364
1663 8944 108
9328 6730 573
2558 5086 1265
1011 1838 4501
4874 3791 2659
9743 7775 1840
196 8531 443
6714 5232 3858
2388 7908 1545
8514 782 848
6819 5542 4528
5024 5921 3429
3182 2987 2053
5669 4721 57
5889 3707 3540
12 6549 2681
6914 8299 822
5257 4273 69
9852 8529 2987
2582 1580 3689
7740 2980 4638
7154 2131 1221
9475 3043 1859
4639 6752 3938
1755 8837 2465
4459 6830 609
7210 3106 1150
7414 4876 1993
415 7274 3231
6291 7309 2066
86 211 816
8504 4913 3803
6988 6318 4800
9801 5991 1566
5642 9369 3079
384 7270 717
2388 4483 438
9011 4117 3889
6268 5876 1267
474 5686 3126
2852 3021 2440
7439 2047 4363
970 3072 4225
8648 1152 2384
3920 7475 846
985 4695 2598
8569 3065 3112
982 9695 3295
586 428 3727
5167 900 3766
9468 7438 2754
2374 2636 607
7466 8297 74
6762 6708 4046
7272 4985 4104
1151 8381 4737
3277 185 550
6534 3323 3530
8229 4449 1028
6953 3955 1736
7160 1343 4482
9606 1550 1951
5188 5581 4883
7135 5960 3747
2656 7624 1186
9011 8068 4524
1841 8260 2095
1874 4985 3801
6226 3029 1944
8344 603 1293
6439 8000 475
9736 4741 3336
1141 9128 3489
7573 7927 719
6669 4562 596
8502 2026 2153
6880 851 2094
9437 9480 714
2479 9601 1821
7032 3278 1190
2410 8498 242
2741 9941 3670
9845 8366 38
1197 3481 2436
7958 2472 347
9253 7110 4015
4005 8818 3457
6345 7910 2826
1106 7063 3067
3437 7268 3178
7493 412 1986
2835 7880 2472
9756 1406 2433
3796 8921 1941
7248 5230 8
5616 3596 114
9018 3145 1742
6157 605 843
4800 7035 4013
1832 5741 621
1357 8844 4596
8457 9116 1508
7996 859 1973
2608 2780 2431
8285 1054 1939
6170 638 2505
3199 7358 2194
5641 6048 3679
6472 7148 2026
9334 4969 146
8783 1394 4678
2134 8139 2717
8305 4490 4268
2573 8006 3611
6043 9713 2485
7401 9889 1524
2799 7606 428
1361 9681 1236
4176 6150 3796
5816 5155 3966
6273 3367 2016
7774 1964 585
9841 3290 2615
1937 7598 252
9048 7467 908
6820 5133 434
8655 1799 3832
811 3339 3600
6478 1118 1778
5360 2671 2359
2501 9028 843
7012 9507 2255
5398 3937 4456
4241 5155 2813
4873 2658 3805
2187 4560 2230
7174 5665 1662
9087 7335 4773
2177 552 736
4626 8486 1214
2751 3258 3959
2949 6015 4692
9838 6244 4373
6724 5270 69
6217 6839 210
1977 1403 3294
5658 5517 4310
6533 5797 776
1336 5673 239
3896 5307 2984
6061 9052 844
8910 915 420
6815 6551 244
5824 6936 3962
7865 3043 860
3076 7148 146
657 8807 2240
3503 8846 282
399 6964 2013
9976 9873 1917
8094 8677 1131
3994 6912 4793
1868 219 4943
8183 8639 3711
2767 1062 4723
1630 6281 1622
108 1804 3540
5414 1496 3433
8905 687 256
4420 7888 1509
1667 5351 1631
5414 7729 262
334 3403 2707
8332 7372 659
7943 960 1526
162 861 2879
5367 5977 117
1779 8905 3696
8667 9485 97
933 5322 1534
9656 9924 2159
2367 3684 1074
5820 5671 2170
3309 3224 2111
9980 2803 1726
2852 1372 1418
4953 3262 60
2310 5423 4222
3323 4032 136
3572 6551 599
3913 2213 1145
8049 6923 4749
240 4182 3962
4319 4884 4068
3767 195 4957
8413 1669 992
502 7289 4558
218 9149 3998
6868 6239 3937
8645 4996 2782
3376 3245 2378
3132 3971 2873
7536 8394 2435
3589 7464 323
1143 1205 4157
751 3263 1621
6532 1368 1677
6417 3482 3939
5344 393 3454
359 5125 493
3615 3986 3065
1597 1845 3237
3871 7841 4558
4712 5797 3695
3849 6758 1377
5753 3950 106
4014 4380 1030
7093 61 1383
7217 3871 1529
2103 6577 4988
2139 7377 1106
8479 7601 214
2130 3021 4951
4954 230 134
9624 8015 2706
1331 1142 31
3054 9315 1943
9918 4333 93
9416 9426 3383
5766 6848 3833
9135 9310 2936
6223 4499 2908
9934 8584 750
7236 1049 1728
617 3640 1319
9718 2376 4595
4781 4885 1424
2730 1758 1737
8926 4790 1671
3564 2093 765
3979 3773 306
1004 824 2371
2713 5420 3076
23 3111 237
2114 9768 1629
28 9524 2771
8252 8034 1497
432 2781 196
7422 5825 1255
822 325 1411
5334 5852 3219
9732 3471 687
8379 7082 58
7129 2655 1826
1918 4352 1981
8630 7862 2306
4942 3784 4043
4023 114 2872
3735 5769 3439
2164 7995 3389
3870 234 287
9612 8030 3129
3757 3055 2665
2247 7502 2001
9948 7207 3161
7959 4239 4501
8983 1452 1897
9472 1550 2247
2396 128 1893
8174 5938 3220
5080 1025 2534
4066 1145 2436
475 1665 1922
9655 8652 4596
7727 9191 2529
2650 6028 1974
3311 7568 847
8428 9603 2094
3070 8776 2310
194 8795 4367
8297 6010 3372
3633 8220 67
2999 8930 2750
2434 1130 1245
836 800 2350
1485 6621 2187
9080 5892 762
6027 5766 4649
6640 4287 4427
7815 517 1543
2218 1983 4242
7589 244 1958
6014 669 4490
9022 8970 4234
4578 2697 1899
5943 4342 72
2215 1132 3374
9424 8858 371
6972 9040 569
3727 5611 3192
3342 6292 1199
2340 4428 2353
7089 3008 3513
5465 5960 3372
1993 5979 4023
7383 2102 1877
5537 5641 689
7860 2164 3780
4596 9002 2430
7460 9750 1522
7654 702 2895
9487 9810 2175
4558 6191 808
7369 3665 2584
3711 6577 460
6864 8198 2351
4762 8166 23
6917 8016 2518
77 9972 520
2570 6317 245
2514 8310 3730
894 382 3666
1064 1763 212
7027 4854 4168
868 2372 1593
2374 5847 4165
6502 9226 4178
262 1015 4444
8773 1617 2332
8603 4927 4433
9897 5092 3174
5389 4294 604
1115 2953 2272
2859 2366 4904
6736 968 3478
1349 4090 4557
2968 1963 3884
2596 5125 1182
1268 9148 3374
7054 7264 4237
2351 3471 4756
6661 7913 2647
7044 7440 3375
6076 9581 2382
9119 6508 1837
7371 9126 3870
8673 5727 2737
9662 7285 901
1319 8547 3944
2145 4624 4250
1863 8686 3635
296 7101 1631
3566 7836 4402
7467 4287 3644
2502 6746 3628
3468 2688 3158
8501 1793 1920
6830 1075 2759
3640 6536 2528
776 7915 3210
2185 752 1443
8824 2533 237
7890 5037 4811
5274 6695 1488
4565 1459 2015
2343 4582 2815
9829 1778 1057
3934 1194 2340
1375 4416 1388
1340 5758 4265
2427 5614 2091
5600 1920 2057
3589 5012 1785
8877 2428 2829
998 927 4319
6263 9898 4818
2079 584 2857
1133 982 1584
4115 1226 2948
9702 4970 1122
8903 3075 2316
9500 4642 1248
8473 4045 2889
2219 7250 498
6869 177 3655
7903 1217 2254
9837 7841 3245
4775 2339 1898
6482 1750 4037
762 3842 1079
5119 2837 1493
3714 4629 570
7528 7488 4811
2489 1307 863
7502 972 296
5982 2664 2358
5148 6445 110
393 1549 1305
7731 1980 3944
2785 622 4613
8815 4725 133
2562 7287 284
9420 4441 1609
1489 5756 1394
1919 1515 4980
8025 2010 3869
8567 6824 1500
5652 6588 742
6031 6677 1973
6926 9099 4448
6530 4467 3162
5539 291 2330
5308 6154 4710
6343 86 3397
2621 8483 2870
3732 6326 3997
5069 9907 1395
9153 1100 4331
7702 1250 604
3304 6731 1913
5746 4733 1566
1920 3808 1996
1926 1510 1159
8012 852 3579
4684 5243 2537
7866 8659 1678
9358 9285 161
4572 9480 3883
9946 1465 149
3916 654 1719
3697 7777 4816
9982 1894 3315
1162 8411 2744
24 2634 3792
6533 7193 429
7023 4216 2315
99 9789 1719
487 5247 3942
7210 6974 712
4767 201 3140
9598 2515 3210
363 714 2820
4656 2533 4571
6786 3520 2848
8003 4600 314
9133 8250 2764
1751 7261 2517
4350 4864 2377
1224 3989 4318
8943 2126 2589
8863 2965 2011
5757 5625 1185
6428 3736 3767
3368 4019 4386
967 6280 821
8115 7844 4921
8396 9238 368
4627 3421 4377
1416 867 85
6498 3534 882
43 5162 4884
5765 457 3782
6600 2038 2091
77 4306 4216
7028 8291 3830
1848 7105 4884
972 7884 1978
3692 9115 1198
1748 932 4917
2977 873 378
1762 1909 2285
9878 8611 4930
2259 1917 3129
9089 5718 186
9403 8382 4933
4578 7583 1581
8534 3600 3154
4211 6404 4932
182 6905 926
228 7001 291
3619 3833 4259
2543 2418 1717
9055 2716 1497
3927 6127 1736
7509 5190 2670
8139 2226 3810
608 5459 1082
5193 460 530
8906 8769 3640
2484 758 3353
6577 5897 3616
8131 6654 3989
7621 8958 4133
7725 2012 1555
162 8394 2083
8235 3455 4940
8133 2147 13
645 6419 3483
3485 2130 2742
7001 8325 4616
8861 6159 2899
7198 5080 4108
9602 3971 3283
7624 299 3536
1075 9294 4050
5865 134 20
3566 8584 630
4895 917 2109
3358 9147 4431
40 1446 2897
3350 1148 2894
103 170 2953
8730 3440 3039
3116 4955 4439
5256 9088 2403
3013 5413 2690
6515 1126 2257
1036 7233 4266
4941 3580 3697
6389 461 804
8547 3247 1532
5881 7828 4676
8380 1926 3150
9771 5817 1895
5998 2448 2139
6668 9719 1558
7005 847 2133
3010 5374 4692
9530 349 2115
118 1129 1981
9393 5124 4589
9412 8349 653
8338 4767 1933
3054 4578 2520
5931 8131 2545
3835 5111 1500
5160 9681 2908
1236 2583 1278
9125 6601 4774
5469 2332 4787
3639 8212 1315
1688 806 3566
2526 8824 3128
9053 5673 1111
1615 703 325
7489 3670 2755
9773 531 626
3314 3004 2886
7561 373 2493
4702 1385 2126
8351 2347 1217
4574 3431 150
3002 5559 2657
8262 8555 4572
5970 5339 3636
3423 9732 1804
9921 8000 2192
2756 6531 62
8905 5880 2908
728 2220 3222
2579 6139 4808
1793 4355 1947
5191 3567 4683
5910 9753 2610
6672 9864 997
7617 2648 120
7720 1008 2026
7133 7961 4565
8251 9829 1667
7769 3174 3186
3606 786 789
5653 3001 3865
7918 3291 3835
4635 8885 763
2013 8708 2465
4505 8950 4051
8747 9499 139
5855 2459 4706
1651 8891 2328
4741 822 4663
370 1000 1376
5604 5267 4227
7486 8364 1250
5308 7594 1631
1792 3469 183
2936 2564 256
3793 7417 2015
5671 4939 346
5987 3813 1647
4141 2 786
6840 4552 3770
8898 5916 499
6821 513 1875
3243 8183 566
8784 6234 2893
8286 5235 582
346 2140 571
4733 6565 2643
4262 8808 864
9238 3368 1421
2732 362 3207
1098 5783 1398
5185 487 653
9825 1294 3586
7902 9862 4180
7246 9242 2570
342 4898 3819
519 187 3280
3005 2300 2642
723 1244 3700
8084 5456 637
7616 4618 4477
9722 610 4917
2914 3263 4612
3621 6697 141
5049 4596 3972
293 7603 156
6872 7097 420
5878 8077 3115
5262 2097 3872
3370 9463 4567
4035 1156 783
2615 5329 4855
8249 2601 1141
1401 8444 4898
8780 7355 70
1801 7075 1278
4769 4173 2201
5633 1155 3243
9966 6740 675
3525 8002 119
3992 4286 243
8867 4613 4962
7780 8534 2648
3682 1996 2603
727 2275 3731
4773 3965 4614
3994 9923 949
9217 1658 3114
5773 4545 2581
9693 4604 4424
389 6721 1103
897 9471 2591
2148 8104 2740
8199 6470 488
7359 2572 2899
995 9749 1557
3114 3597 177
2431 822 3421
8960 3042 1168
218 5262 1759
8359 4629 2759
2649 9104 914
3384 4100 4694
7674 8429 2596
7322 5222 1227
3660 2372 3091
6169 1406 266
3437 9010 1274
1850 1948 4297
6764 2836 62
5235 705 1051
6095 5227 540
3968 768 4619
9613 6425 1414
9977 4868 1476
6674 4763 4082
8051 271 3891
334 3583 2389
5534 6190 1430
1183 5832 2944
5415 2239 3974
4194 2510 902
6543 9333 844
9571 5844 3974
5820 9294 2495
1878 9306 126
4110 5287 2165
9411 804 3562
5278 4932 4071
8619 2400 4989
2404 4927 460
8221 8568 3172
7004 6605 605
1769 8652 3638
941 218 3591
4414 9081 4975
207 219 3405
1497 9017 324
2504 529 1554
1882 6120 3029
7077 7612 3784
5193 3041 944
6731 3201 3011
2577 4204 2296
4934 5822 237
7382 7118 2648
5022 7479 4325
8390 9460 799
5187 6085 1976
8771 9582 3820
8046 5940 963
5036 2184 2615
8194 344 4074
4845 2376 1300
1870 2645 11
3145 7684 1749
6775 199 91
1739 4947 2639
3057 3964 1449
4001 2147 895
4721 2191 278
4326 1647 3994
9638 3476 4692
5374 3598 4187
4778 3149 123
7920 1159 4183
4977 6725 3532
190 9939 209
3993 5412 902
4412 9787 417
3412 3578 1906
1591 4048 4663
3197 6247 292
5828 7753 1215
863 7383 1651
1453 1164 2960
6763 8021 3380
2868 3899 4120
7003 5880 4358
2172 6636 1920
428 1581 3086
1271 8255 464
3095 563 1763
8580 7173 4758
4497 2582 3260
3459 4630 63
5805 4830 4040
5861 6102 596
5450 6587 4261
3685 2565 1536
9978 9476 592
8969 1097 1335
8304 112 4986
1116 9233 693
7673 7697 236
1312 9427 4310
3062 7986 3794
1894 7480 4840
5505 6625 4066
8499 5398 4596
7170 6500 3579
2013 2532 658
7380 8016 2318
4230 5088 888
5661 6186 2949
7368 4685 1756
7885 5503 4916
8649 3009 2401
8731 1223 1767
2383 8825 954
8286 231 777
2964 5997 2882
8225 4468 2251
5191 7330 1551
5320 2720 3200
4318 571 3664
1771 4990 4678
1373 3238 882
680 4336 3534
6088 2344 4083
5096 907 2149
5829 7074 2060
5258 4584 1729
1101 2913 4711
920 3896 4327
2891 6918 2615
1625 2508 4808
4182 7387 1520
9386 9539 1077
6641 3671 1599
7364 533 275
9814 5714 994
1137 3576 4970
1361 3022 1193
2557 7210 3549
1619 5752 4531
4169 2478 2844
1382 1426 4435
7765 4849 1485
2578 3908 984
9180 5379 4156
3536 1434 1778
2806 7906 2873
8043 430 1637
4773 471 3625
1921 8772 766
4386 8762 3027
5055 3749 3293
2378 7203 2185
8528 1738 4598
7611 3105 951
7844 9068 2575
2209 9707 3925
7079 4761 1330
8329 4147 3197
9010 5196 1018
9678 2507 3300
1077 7986 2885
8845 6533 4918
2435 7381 2322
2633 819 435
3678 1959 3214
1990 679 1131
8386 1343 888
1738 1662 4014
549 4915 168
4746 8133 4458
7691 3771 3900
4902 8362 404
6121 2222 967
7584 61 1052
761 8185 1983
9258 7914 461
1308 6819 1864
2041 6929 1063
9484 5169 4215
1071 848 3699
7843 1832 4767
6481 8122 3558
8030 4197 544
6593 6303 417
6637 4366 4491
5542 9001 4290
8863 4701 2557
4354 2231 2351
5590 954 2233
8308 8374 3310
4774 5800 1820
8225 6928 4580
4799 5180 873
2820 6830 2703
2908 8084 3405
6907 7284 1945
1779 5620 3022
2817 5177 2211
1504 7637 4417
3486 2990 726
1288 2479 3112
8828 1790 4529
6756 8477 3033
391 6403 1758
4886 5338 4320
5585 6827 4833
8054 7943 520
21 4733 3009
6169 8271 4544
3007 7115 1936
4959 2893 2490
2994 3375 2946
3027 8691 4260
7774 189 135
5437 2223 2861
1344 3435 3231
2981 7800 1442
5365 8751 3302
1923 8302 1507
1614 1067 2106
170 8988 2239
8216 7655 2120
2538 6764 932
5684 5105 3832
1913 2791 562
6152 2056 3869
6130 7450 1570
3950 3015 272
401 6881 780
1850 3656 3562
9071 9989 2830
2547 7693 2324
8841 160 1383
3181 3784 2939
2621 3930 2614
8463 4158 3062
9789 7097 1930
9150 3514 4228
5046 6410 511
7379 4725 4778
1159 6440 4279
2029 5190 2678
5297 7137 835
3170 9968 3511
841 5092 3871
5297 1907 56
4756 3025 2202
2246 5249 4559
4256 6445 3067
8484 9704 4761
3427 3279 2001
5551 7812 758
7336 7090 4481
5900 3149 4160
4441 9671 2215
360 8573 2213
7409 7612 1210
7681 7419 1263
8374 397 1138
8151 7488 603
4865 7 200
4668 6175 2102
860 8646 4074
9855 8877 821
7772 3865 3540
1800 8338 4301
5522 7373 2815
2438 4433 2978
2643 1874 3200
4791 2701 284
1528 1816 4238
825 8605 1384
9900 5341 2065
9207 5220 1095
1373 1339 1124
1843 5974 4724
5098 6924 2016
3084 4051 4605
1757 7749 4664
8768 4135 1209
7173 6883 4859
737 1659 3826
7654 425 3076
849 5401 1876
3221 7659 504
2023 9820 1936
6212 3724 4942
9999 8565 3331
5557 1029 2128
3548 6684 2055
7040 3012 4657
6242 9370 456
5649 5112 2791
2951 1222 4826
659 9547 1363
6480 7769 1019
3059 5227 4400
4501 184 2418
8098 6795 478
8311 4054 222
7172 4045 2702
4573 6886 393
252 7992 4762
7539 4165 487
7720 7160 4228
5742 6258 2210
4231 9736 1246
5129 5567 4724
3781 4044 2076
8723 8255 3122
9302 5229 2526
6660 8954 495
82 2055 1451
242 7262 3457
4496 6391 2975
3299 1128 4078
6124 5538 4633
6863 2180 3880
4328 2091 1771
3796 4923 1001
2504 8941 1971
4711 3903 3856
383 3951 3779
5580 3062 3215
6829 8399 3068
7824 5837 1869
9783 1062 3136
9974 1699 1547
4307 6222 4513
9983 3779 1927
2089 7935 3207
6500 1444 3083
3567 8223 2303
8576 1705 987
7512 2484 1219
5540 1924 1430
5324 7879 2498
8491 1937 2862
3421 2942 2521
7093 849 3089
3717 9918 4209
1765 8591 47
8626 5420 2875
4452 2816 288
6414 37 4961
4093 9998 3235
871 903 3978
8973 9383 2114
9448 3515 2775
107 6574 803
7980 7424 1482
3356 8370 1097
519 7470 2879
1185 1853 1964
4914 9166 3527
5562 7385 4843
6861 9124 922
196 3991 1527
992 2250 1338
4244 49 812
7975 3643 1313
9161 1357 2615
5278 5050 1713
1056 2337 2130
6686 8003 2050
154 69 2365
105 4927 2000
7348 8990 828
4664 1147 958
9565 6134 4332
7652 3673 3436
823 6753 1902
4331 655 3041
1303 3309 299
756 5725 3792
3049 3817 4632
6121 3375 1534
7408 9260 935
8318 2792 1858
3612 2020 3351
7966 1944 3430
2244 9794 4751
6801 9019 537
7664 5460 2522
9105 1531 2353
4829 2118 2017
3597 5637 1275
1615 5163 3322
800 2305 1779
2752 4930 4062
5023 6494 4317
7864 9301 1087
8090 1402 4513
5736 5805 585
3767 7653 445
3418 5758 4762
7401 9821 3745
8882 264 4578
8097 8293 2375
1640 7503 4195
6848 7721 1834
3532 7133 4884
3607 9356 2466
9746 9606 2698
8056 3033 245
2149 841 1688
5184 2677 994
1012 4953 4427
1576 1943 2125
6838 8665 730
3971 8747 4813
3721 3994 602
3467 8578 3527
3258 4734 4709
2222 3525 2651
2201 4567 4975
3224 7989 916
727 4567 815
7615 6519 1528
9107 5447 862
105 4095 56
1157 6746 2248
685 4379 209
3732 7670 3279
2120 1890 906
8655 9106 167
7155 606 2266
4007 8253 4818
1309 1766 2491
8397 2409 573
9969 9444 919
2778 1 3079
2402 4157 2354
1044 8653 2587
342 1133 3414
6874 4778 648
5569 299 4959
6028 8101 2705
6321 8632 711
1212 3746 2071
3639 1260 2771
3652 3013 4925
3640 1536 2124
9582 3806 4953
2198 8475 1268
2560 3405 3007
9988 6577 1985
4543 7836 1370
7031 2725 2213
7285 1706 4868
3824 9367 775
6891 5207 1364
7271 7244 1632
89 8915 3895
2215 4128 84
3829 6488 2350
8602 661 102
2705 5817 2354
150 7069 2205
6254 7427 3461
5993 1058 4031
2391 7932 4090
5134 3597 1287
9471 1850 1080
3328 6282 2659
5440 7133 2398
4235 1777 2134
9610 3213 37
511 1185 3016
18 3583 4590
2988 4161 103
3899 773 4787
2689 2263 4156
3668 5068 1650
6327 4453 2463
6053 6286 3479
3283 382 4862
728 6207 3494
9353 5125 4501
869 4700 2219
309 6411 3331
4938 5100 3343
6042 1091 2716
7587 1540 3977
9463 2493 1900
824 207 1124
8613 8247 1661
4551 9471 1038
8787 4371 2431
5434 5373 339
7787 5080 1405
8438 2320 4464
331 3215 3997
9511 4486 2196
493 857 84
1061 60 2695
7100 8690 4728
7924 7767 4893
825 3673 3541
4217 9981 3086
4978 4939 1101
2504 1884 3300
9541 6662 4288
9943 2782 4097
7085 9236 3987
9559 7435 4758
3833 4807 4097
5238 7085 1538
5912 7761 1026
2106 3270 696
5175 2075 3299
546 5900 3750
9725 4681 4481
1126 5128 3746
5226 8684 980
388 584 634
6044 5025 2527
7527 5894 521
2942 4278 3042
8032 3851 3906
9340 8863 2198
8372 621 468
2403 67 1825
2753 8495 4049
844 7238 4280
9469 6297 556
7842 8628 1922
2456 2180 3057
950 9800 854
6034 5910 3706
3758 2601 1457
2383 3018 1987
2210 6583 303
1476 7429 2941
4688 2357 3223
8697 8529 1689
2737 988 4707
1310 2228 2233
2442 3412 2547
9049 3086 309
6851 1288 4235
4435 5436 3322
7926 2353 3592
8372 5737 3929
3225 379 1097
3440 9696 2384
9135 4772 3933
7240 1302 2201
6454 7713 1915
3373 9651 398
2521 2000 1989
7249 650 922
8553 3479 1281
7959 4296 92
3172 1914 3580
9671 4735 3915
4392 3961 2133
1407 8817 4348
1807 5905 3660
7025 6081 681
6124 996 1166
1585 8382 3288
4271 5581 4983
9177 2274 705
9422 4961 959
5979 1383 3894
6688 4031 4192
6693 1448 4521
9997 444 4495
5735 4933 65
3653 1009 1596
2350 5876 1819
6063 5286 2704
9666 9890 2955
3209 9788 3679
2966 181 2659
6781 259 26
6842 4814 1147
36 9932 1422
2328 5937 4652
8057 4043 3397
7599 775 3652
1417 699 3188
361 1633 700
3810 70 1835
2224 2657 1730
2613 4092 2907
4993 3666 1629
8093 4250 2611
3403 7040 2745
6539 616 1127
6392 7791 2555
1635 2821 662
6479 3612 4164
2708 4110 2575
9564 6270 1529
2747 3717 3996
2344 4560 4403
4302 3568 4688
7006 809 4893
9642 6224 445
7514 9541 1559
9511 1299 34
5732 1567 2894
505 7532 572
979 8696 635
6754 6068 1639
5593 9421 4365
5932 1032 2992
3295 2537 508
2795 9149 1872
6096 3892 2230
2470 4507 4945
5431 147 656
5230 2791 4362
238 865 3415
4309 8637 3351
2001 5139 3661
7482 9651 4768
3468 3030 2197
6600 6557 2179
9913 2792 4287
9654 7101 1648
8653 9216 4731
6744 8338 89
1692 3027 3452
6179 9341 1579
887 555 2624
5100 7308 3300
4581 2765 2359
4456 5028 1163
9213 2921 4425
1480 8429 1571
2532 5526 2978
1349 2593 3076
6476 9732 538
7935 8793 1491
7191 2575 4962
7513 3034 922
3918 7106 182
9124 6456 3507
316 2758 1058
9603 6591 1875
1214 6724 2914
786 1919 1480
4506 976 2424
162 3422 2557
1586 7864 3422
66 7997 936
3284 8191 3911
7869 3548 4258
6204 4876 181
4288 7629 251
4451 2481 355
8906 6943 3312
4867 8087 4352
6858 3089 2981
9724 4392 2042
224 1244 1218
2120 6351 4952
4930 1931 2658
3997 5297 2060
3247 1994 4133
7717 209 2841
659 9004 1329
2401 1069 3332
2273 6140 1819
2843 2962 2251
142 8528 2415
269 8158 2414
9407 3260 4349
3980 4341 656
6669 2294 1987
2384 5248 1089
8353 8186 2264
5050 421 1149
9329 1840 1612
3452 2228 1244
7840 6930 168
3391 9605 1477
2017 9219 848
6729 5355 4101
619 6364 2114
3495 8387 3042
5434 1033 1138
9533 8307 3476
6611 3867 922
8467 494 2646
8331 4009 69
7396 6400 4789
474 4852 3078
3278 5177 190
8158 7762 1906
1790 8970 4394
5535 3865 3833
7527 5927 1966
3572 5756 4875
4223 729 4670
5162 3997 1584
2778 4355 2030
3229 5364 157
6442 9434 4311
4755 4980 1993
3573 8479 165
2631 5307 2178
8175 1465 1443
7755 8907 40
6449 6187 2058
5066 9042 2990
6662 7910 4481
6174 8440 4896
2796 6525 4099
5844 5177 903
2415 7868 433
1561 1690 4321
3338 6898 459
6478 3708 4070
196 5250 2760
5043 5852 3355
5518 1702 2739
4471 1462 2280
2882 3614 4409
6849 1244 2507
5161 351 4980
4995 2047 1842
9093 2787 1274
5815 8432 527
4378 552 695
150 1787 995
9455 407 2821
569 4959 2523
2796 8892 834
6875 4997 2599
8258 572 4324
1786 562 3252
3710 5431 2921
1655 9485 4021
2346 6534 1560
4779 4468 2927
5217 6820 3048
9039 2598 2379
8095 6843 4565
2229 5181 4379
4150 5849 4827
8172 2178 1221
785 6070 356
1983 1406 3142
355 367 1147
7010 8493 2472
9582 7149 3898
7508 8096 3548
1988 9569 1449
780 2173 4744
7634 6582 2029
7201 7313 2797
5688 5919 3628
4868 3804 850
9772 3103 3138
6259 7284 755
1500 6558 1346
5869 3323 2747
2931 2215 4971
3720 9155 3259
2734 9411 667
8787 7804 4792
3292 7650 2786
9934 4091 3720
2148 7835 2903
1618 3549 638
5359 8521 3108
2337 380 3865
1186 3367 4296
9368 4127 3900
7633 9074 2753
4906 848 3638
9590 4262 2832
4032 3476 2242
1388 1691 1514
3576 6684 2456
6660 2966 4450
5311 802 3075
9394 6538 3738
2551 100 3255
4353 7546 2520
88 5578 3036
264 3664 3898
5171 203 1017
6706 1 2646
5970 8016 356
4548 7871 4165
7304 1032 1087
3803 7858 1445
9107 7682 1944
5925 8011 3281
8497 5861 3555
4148 2482 3386
5694 3473 4749
9685 1006 2562
4651 7724 669
8137 7184 2080
1576 6925 4311
6921 7994 2317
4550 8609 4630
6462 1949 2755
1689 7082 117
284 9118 97
4173 4655 1669
5959 8776 1869
5625 1737 16
773 6829 3860
547 7315 3537
401 4036 2174
6001 3638 160
516 7505 1551
4600 1436 2947
2539 7862 2264
2520 1392 1159
8805 1989 2014
3290 969 4990
4848 3948 4307
897 1962 4495
899 8850 4027
5763 3094 3719
4870 1750 1426
6844 291 202
2644 6940 3600
4366 5611 4203
6323 1206 4278
9335 4220 1071
482 6275 1233
4823 8782 4381
7486 8225 1064
506 2635 4598
2346 5713 1598
7036 5697 2605
2446 2540 179
5138 3103 4410
4703 8581 510
3827 135 1426
5780 1677 2819
7635 1893 3208
1028 9869 2778
4877 6719 3746
2480 3106 4895
246 4730 2490
1741 8953 3008
610 7278 574
1269 3398 4120
3272 5649 547
4263 7145 2022
5912 4761 3777
6548 6022 4390
4540 8794 4542
5288 4896 3753
6702 2919 16
6973 9295 1895
4649 8361 3197
7936 3472 3733
278 3031 890
9777 7822 3212
1977 7839 2128
3283 2268 3449
4970 1371 3938
2617 3035 2950
5938 1965 2399
5727 9068 4165
5377 365 1018
8890 2973 4795
9587 9342 127
1520 162 894
918 2795 3101
4019 9548 324
213 1673 4931
9544 493 3672
3817 9296 2230
9190 9123 2025
5001 6 1741
9842 596 3469
14 7415 3891
1075 8734 3783
2883 9747 3984
781 3104 2129
5151 900 3052
8933 8255 1388
710 2808 2050
4131 6550 4830
4657 3399 3860
4759 2959 1220
5314 8034 4029
9724 8365 1813
156 5067 1074
1708 4496 2632
3356 8325 1313
3226 3930 1381
1484 3540 299
1123 9726 1790
8996 6290 4210
2663 2238 3255
7638 2835 2023
5628 6882 823
1046 9785 2358
3145 6727 805
4633 8038 2684
6358 2258 4805
7333 9137 4450
2453 4049 2928
5557 3430 580
8713 4212 2397
5044 6394 4913
693 4897 4216
8610 3290 2752
6421 3265 2333
8006 1617 3528
9063 8635 479
1743 7734 3750
1410 949 4466
7077 9733 3215
6009 4265 325
6481 5934 220
847 2384 1617
6060 6598 2482
1365 4895 277
7723 7430 901
4132 2347 667
370 5206 2519
4013 5421 704
3133 7248 822
8306 3831 2138
9684 8044 4763
9388 2446 1258
1670 960 4480
695 7229 3655
8877 6087 4155
5300 9987 4907
1403 2855 4213
9651 2440 965
7570 7104 4814
7028 951 1862
8704 3863 2144
8044 8607 3527
2441 6709 2249
6914 1374 3246
1950 5437 428
1092 8719 3372
352 5529 106
3884 5357 281
214 8172 4377
6652 1121 791
4178 355 3801
7058 7403 167
3791 4934 3808
336 558 4145
2149 6479 1566
7918 4917 3358
4631 6146 1243
2224 5692 355
7335 4266 3746
7133 2750 768
9232 8972 4704
3981 8901 1775
5229 9346 1881
221 1228 3218
8307 4173 4631
7258 1004 3617
1082 9666 4809
2103 5923 3960
5358 1958 847
7501 1269 2070
4843 410 1576
4676 2915 4397
7475 5229 3315
7243 3299 928
1743 774 1024
7620 6294 3159
39 2986 3606
1502 2175 3396
1239 5633 2270
601 8408 3002
6566 9863 680
82 3757 4833
3307 4886 4584
1997 947 484
3971 3135 2557
5574 3442 4704
3095 1812 3898
5077 2125 1184
1523 7100 2966
9544 8208 792
1390 5916 3907
9250 1472 1626
6340 7270 4279
9808 5597 2026
7250 9942 1192
8863 974 3197
3938 6261 4468
2188 4277 4277
1219 8064 1525
8073 1701 1784
1109 1513 2683
8439 2761 2685
817 8827 2389
3487 4565 1508
1533 1921 1312
1552 8950 1499
8811 8602 1380
9621 1548 2125
5730 5089 3836
717 5244 2314
4068 3429 1456
1529 2520 2628
9655 5873 2404
3150 2304 2263
4784 3526 4996
3006 2848 489
7643 8428 900
402 5412 244
8983 9563 4566
9781 4422 432
8857 1353 3321
7558 2632 2000
3504 6584 4792
4006 6098 819
716 7603 1778
8405 6127 516
5199 3576 2365
3479 5921 3476
7820 9706 2339
1169 5650 2358
99 4942 3432
1565 7280 2269
6017 5228 3358
3201 8006 4552
631 1973 4263
7936 1593 2672
1468 3719 72
86 6488 1549
4862 580 4851
6851 1581 1433
9621 9392 1347
6176 2438 1867
6345 1804 4451
1822 5993 3598
9725 7647 3628
6661 4706 1080
3301 7657 4347
8220 5182 303
7420 9230 241
5039 7549 3065
5704 2565 1615
155 3986 1708
5125 327 864
2920 3729 1370
9324 92 414
1695 1906 1331
4365 3863 2295
1739 5810 4151
2475 2278 686
2733 1373 3038
1245 1695 358
9038 8854 3
9898 8883 4633
5628 807 3178
6671 6105 4925
3711 5602 3242
1538 4429 480
399 8986 801
4936 5738 1057
9032 6428 93
6593 8778 4856
2558 1436 3961
5028 4294 4032
268 7878 2061
9832 5441 1418
2274 4860 4976
4325 9929 4473
9495 7255 3269
3754 9323 991
6198 487 388
7353 6472 4660
4734 1350 3425
5339 9142 3806
433 1195 2854
2064 5702 429
6840 4010 2754
4864 1805 3551
7267 8614 2722
3646 428 2268
4986 5142 3176
7623 5649 4741
8406 1035 4546
6613 3994 1114
4922 3426 1629
5220 143 4395
5777 1471 944
2082 7613 2129
8392 1639 3142
2336 6888 4343
6030 2842 203
5566 7006 3389
113 5464 4716
9239 9357 1586
2396 1054 4721
7568 4461 3289
6139 6458 1693
8697 2424 3048
6699 9815 378
2579 8616 3636
6447 1503 3597
6768 8800 768
3624 8297 4618
1908 352 1067
645 8925 4092
5103 533 1436
8726 9657 4769
3808 6874 2727
293 692 2041
1053 9999 173
8716 5178 3742
9116 9109 1304
5191 8581 2221
2306 3018 155
8394 6178 2913
2066 869 3720
8165 4799 4285
6378 791 1473
5792 6664 1903
7783 8329 761
1471 6357 4821
870 9961 3587
2439 7236 1991
2817 8199 3038
6104 8064 3783
9659 7793 2186
9108 4168 6
8556 5911 1351
2952 8585 3416
1413 9855 4325
2054 7195 1207
6694 106 3092
5552 7833 3553
8343 2608 4927
7148 7710 1203
8573 2918 2519
1713 7553 4108
6595 8298 355
4311 2760 4316
8830 8027 4188
9764 2651 2681
9343 8600 3240
7208 2531 2429
1994 9923 2929
4729 2026 2979
7744 1136 3893
7144 2790 3312
9330 6232 3792
2878 8754 4639
2245 5892 3979
7013 5702 2722
5506 1082 2157
7059 5914 4970
9628 8283 1880
1067 4400 1639
928 9743 4870
5658 3748 1297
1684 8873 4723
3883 1735 2974
4073 765 2680
8379 6235 3020
4308 8911 1710
3787 8244 4602
728 6966 4092
1783 9894 850
8074 4663 1421
5958 1349 4206
6982 7639 2689
6739 6194 3886
1658 7406 2986
2051 4918 374
7485 5744 4236
6166 1770 2020
9234 3769 2242
7708 4258 4758
5964 697 398
4867 5010 526
8839 5865 459
158 7030 298
3172 129 4085
9754 8508 2517
3907 6167 1906
4530 8621 3273
1352 5282 3510
5241 8934 4184
7759 9866 1582
4784 507 2104
9077 6447 4954
4064 8892 2168
1170 3273 3890
269 7249 4274
7710 471 1876
3113 845 717
4581 1085 919
8296 2455 3175
925 7068 355
6364 8640 1370
1324 7762 3614
6874 4478 3272
8188 331 2810
8149 4889 1384
2 5638 271
1002 8733 308
151 596 514
8656 2491 3428
64 6543 1517
1019 1931 997
9884 128 3141
8783 9143 3933
76 9938 329
9542 887 2523
2674 4029 1227
6697 6777 1831
4598 5720 3285
5057 5551 293
4344 545 3922
9696 4809 1207
5753 9794 1159
2060 251 1365
1025 3730 2677
2133 425 3870
6773 4292 2035
5630 9303 1772
2490 5985 3442
2003 8350 1657
7696 655 1019
5615 7439 3936
5014 5093 699
6911 6941 1247
1917 4691 2668
9236 8430 2506
8473 4410 3931
1298 6985 4691
3660 6902 802
8090 5275 3077
9063 2796 3273
8762 1048 2116
1917 5996 2691
483 1409 2421
5493 7458 114
197 4619 134
1538 7948 1554
3723 7501 2737
9599 1484 846
2791 8637 3448
1273 3746 981
8546 8451 1722
5556 5395 3666
587 1481 3441
469 1593 3500
1415 9989 3032
9392 4868 1388
5693 4089 2662
2248 5917 1942
7369 224 2463
2544 471 3180
5857 9591 4806
5309 4592 2252
59 8998 99
9592 9534 2597
9171 9935 1276
8493 2295 945
5472 5023 4745
6980 3097 95
8268 3855 4984
7843 7833 1121
5552 1858 4439
8205 3748 1585
9186 9665 2749
3995 4945 4804
1287 555 1462
6366 3682 4894
8938 6841 2358
9702 3590 3016
4826 4227 4860
7952 199 3666
5556 5227 2379
5921 3122 4370
8955 2790 1277
3950 4448 248
9262 1978 3653
547 8230 4640
5253 7950 2501
3482 8620 1182
7012 8144 4333
2455 9166 1303
7222 5779 4756
8510 7411 3084
8592 720 3816
9422 9082 562
743 5832 999
3785 1785 2514
7158 9542 1294
9522 3588 1666
8201 6172 1776
4342 5866 4132
7953 2781 1837
6301 4064 3073
2457 8603 2713
8235 4710 4814
8926 1211 867
4226 6101 3990
5915 8652 3762
3660 8711 3348
8941 8617 244
6013 793 3756
4940 5129 790
2019 5461 1459
4805 7578 610
8637 7201 696
304 632 199
3250 18 429
4020 5586 1095
7779 5317 803
7598 2830 4342
6433 3634 1056
4576 5011 4512
8066 8267 1962
6949 612 342
2416 9956 4139
4960 6045 2940
8918 3008 4130
1158 4844 3308
1648 7628 1373
7693 508 684
9103 9335 957
3434 8423 4569
8105 2050 929
7937 2147 4435
4019 6599 17
7104 9945 3113
6919 8828 4140
4478 4116 4469
8076 9598 2358
9990 3971 713
7403 3169 1620
2192 2128 239
6683 2879 2284
9070 504 3798
2626 7478 2329
3553 5502 4178
5953 6301 4675
3464 2088 4118
8015 4351 2014
4745 2242 428
5418 275 1335
4688 907 4779
84 5783 337
9162 3453 2336
5699 931 1606
7402 3819 3056
202 9963 1472
6291 9310 1414
5619 2653 3489
1112 7728 3044
1370 6004 2093
1423 8571 4458
2227 2912 4156
7398 524 452
2339 1111 1784
7033 1440 1771
9875 9479 4654
2788 3413 1270
3544 9610 4136
7278 4589 2373
5378 1554 1316
2399 7653 3445
43 7385 4377
6864 7033 62
7323 6608 2381
4728 2080 29
7436 615 4045
8014 1686 1895
6072 9382 1278
3845 4043 722
2866 8964 4780
8197 5182 958
1453 8324 3522
45 5688 2203
2087 3268 617
1656 2699 3090
2297 5790 3687
4433 8403 4883
4600 6478 3291
8097 5004 3166
5332 5604 198
5944 7395 2567
1032 9319 2186
3803 4169 1048
5508 4535 4107
2307 5224 73
8777 5971 516
1299 5904 2510
9357 4346 3690
6123 138 2427
6931 6077 1766
4192 2800 2794
4920 2502 1235
8210 9201 191
3738 2508 3451
46 2785 4667
7863 4741 4595
398 5286 3737
9733 6948 4543
7366 3238 1697
5646 2671 294
1635 8514 4511
9918 7442 3233
1472 1394 425
9815 7320 3547
3281 634 1340
8490 6925 3479
5632 3993 2988
9105 1255 4507
9486 9004 2902
7614 1749 3630
2592 1318 2176
8527 6557 4563
8779 2696 1929
9118 5854 2826
1977 5649 834
477 9570 2008
4134 6621 3466
7179 3867 401
8294 8861 54
4258 8895 33
8662 1506 1414
7937 2102 4037
4548 7054 116
672 1312 999
1459 5990 3565
6806 3857 987
1067 431 4176
4383 8923 3034
5587 7476 4976
3151 9875 1838
8482 1660 1216
4096 316 853
4686 8046 3326
6326 9545 3263
4527 8981 2166
7065 1426 2718
1740 446 935
4908 5243 1380
9404 7258 839
7467 3323 66
4482 3074 807
1143 3111 4132
7295 5311 59
9241 3129 597
45 6729 860
7894 3697 2793
5655 8017 1006
7837 7819 3619
2564 1860 3513
6261 4734 484
1293 6370 1458
5250 9236 2804
3209 4184 2946
4414 7451 3876
2281 8750 255
8222 9777 1594
8109 2537 2628
9428 5699 3515
1749 6418 4383
9803 9209 1647
8129 5173 143
1734 5011 4536
2047 753 1386
8146 451 1958
6506 4534 3321
5774 7802 3261
1107 707 2950
2294 8169 1418
3105 8174 2826
5087 3216 2659
5011 7736 3951
9101 917 975
5229 2819 3532
179 8031 2432
8739 6305 4638
3537 5519 4213
8552 3076 4674
7943 9043 2177
7332 9815 919
6613 6548 2645
9356 1324 2322
4937 4241 2889
278 3709 1465
3210 2023 1222
4309 8355 4640
1846 4183 1304
8004 4332 1051
5378 8280 4623
1685 5896 4928
6225 5249 2456
5418 8881 1234
7903 3555 3759
3022 383 2115
1874 7145 4159
9613 3281 4991
4371 2749 2181
1952 8582 2624
295 4745 4302
9616 965 94
6349 325 3233
8064 214 4305
8099 6532 1035
4391 505 4165
2088 9167 1762
3532 858 254
9469 2993 3841
3581 3789 4265
5276 2509 4573
9847 2919 2597
8093 404 1166
6557 8130 1293
1096 8872 1376
5776 8019 618
5897 7413 4024
3804 2015 3934
5386 3942 3326
3716 9975 3644
8831 6267 4871
702 3614 3217
1908 8625 2303
3928 6699 4389
2717 2618 4792
8440 3083 1701
6745 9557 606
9606 5504 3616
1768 7798 4489
3401 168 420
3180 461 3016
6208 5056 2061
1335 5269 4533
9740 6623 4493
9496 7948 2509
8537 2436 4475
7428 5198 4393
3421 3144 797
8948 3997 149
2125 1420 2676
8062 3925 1266
104 8755 1713
6724 1634 3093
3027 2327 4124
7686 9660 2368
7741 3817 713
1051 254 4862
8276 2109 481
4824 8530 916
6658 1562 521
3097 4093 3515
2827 9126 4500
6050 7839 510
1689 6104 4454
9907 6677 3871
1770 9326 3406
5707 2613 3546
3931 152 1357
6659 6895 4305
759 3344 1136
7261 3427 4612
9259 6657 3560
6296 2914 4717
337 9459 559
3331 7480 2309
1101 2603 4466
3424 9610 586
7240 5650 3097
7955 3496 2777
757 8737 1433
2135 162 2248
8091 3613 181
1558 9712 1070
4312 9432 227
7314 4581 4178
8692 2893 2280
1621 8966 1748
3545 5776 3435
7656 2410 255
7764 1033 4820
302 1791 2217
7926 3657 2267
2289 7662 1418
2836 813 4228
9344 6039 4405
168 422 863
5910 1225 3800
4644 8847 4860
8267 6712 1086
2084 317 3337
8788 6877 3938
4007 6719 2251
3910 8752 4886
4355 1045 3051
2674 4077 2932
9643 8531 1500
1011 2213 4684
685 1148 3229
6561 6035 865
5944 1146 3794
4304 8061 3613
2612 3978 2306
3426 7052 3220
6859 4627 3590
8613 4768 3533
5498 127 1781
3937 5868 157
4362 6272 4139
769 1675 2628
2201 7342 3326
5723 617 3220
550 4037 303
7447 5926 4106
5620 6692 4984
3310 6789 1909
2166 2838 4819
2011 9962 2128
5510 7946 3086
3860 4179 1791
4059 9801 4766
8155 1136 1425
4009 6781 1806
609 7147 964
9944 3663 3645
7651 1010 3248
1954 8273 3901
8762 779 660
8993 7630 542
6741 6301 4796
9340 3286 2188
1438 897 2702
5581 6256 3994
2697 4324 1050
7380 4485 1080
569 7255 4200
4843 2921 3788
1941 7509 520
3147 7194 2809
6550 5004 4564
6857 7230 922
4319 3631 3383
4529 8721 4706
3787 6147 684
7553 5157 4899
182 8200 4203
7822 213 488
2548 6040 883
8648 9106 1402
9141 1817 3232
741 2739 2670
4093 3863 2148
4774 1131 938
18 2813 1431
546 1204 1834
9220 2205 586
6737 407 4699
2287 2437 4322
3096 7513 15
9780 7978 1427
6858 4009 1974
2433 9253 1604
3634 853 100
2504 3338 1395
8893 5288 1336
1964 2317 2193
137 668 3189
2260 2137 2217
1537 7917 2485
8650 6637 359
354 6569 2203
9699 8389 4127
2583 4106 3713
7116 9980 207
2778 9697 128
2865 7595 3286
9598 9942 4763
355 4395 2583
767 9142 1528
268 2783 3545
2169 7490 4515
2705 8045 1321
5429 3503 4725
8615 3100 4013
4744 5182 1849
7272 4367 429
1230 3054 3151
8887 4368 296
8786 5638 3412
4792 3248 1169
154 6739 2718
3712 1927 1194
4319 8494 1957
8712 2897 3681
9972 810 3199
5182 4985 2762
7393 3897 2159
9151 5387 2233
1934 3559 1112
3822 7143 3123
1179 6829 1502
6026 2984 1830
526 9045 554
9786 7555 1781
3151 4289 2451
5458 2372 124
4125 5826 1211
4591 2385 487
5802 2725 3388
8057 3305 4247
8364 202 3700
6203 1862 2037
1973 8982 3894
6287 3743 4995
5541 4757 343
396 2804 1127
143 2599 3558
7468 9159 4563
6857 9584 2948
1680 2574 3910
29 5142 4007
470 2618 3957
3122 338 1905
8510 3005 481
889 138 310
3570 9627 98
1462 1792 501
9160 802 415
9295 2841 4581
2757 1840 31
3232 8910 4341
7881 8383 861
5476 1876 2379
1721 7626 4127
9511 2630 3486
6012 4676 453
1286 6454 1444
4609 2285 4872
5817 6006 3018
3638 8358 3952
809 9346 3918
9521 1462 2600
4957 2603 1434
840 5890 4498
3264 2264 4262
3715 7692 514
6141 8685 3950
5396 5112 2085
9994 6638 1757
2974 4351 1234
4772 6420 3318
951 5112 3976
2971 9814 2100
8366 4373 1260
3010 388 189
238 1745 2392
3666 1604 326
1107 7108 497
9887 7232 212
7057 7522 369
4168 4002 91
2630 4473 896
3528 5707 257
8249 218 3040
4369 2866 1679
3613 5733 4095
4644 1225 2917
1981 9010 1008
3847 4101 1450
8883 8422 921
5935 1373 2289
7235 3948 4647
9424 152 2670
3663 7607 4752
9481 9327 866
5663 5485 4051
2449 9046 3957
6338 9013 2476
1629 8549 839
6943 2087 4549
3066 6355 943
3256 6453 1168
4266 3832 2392
1941 9424 694
7588 3262 4702
5236 9255 1877
2488 9711 2954
5006 4363 232
5489 5240 2196
6321 3872 1148
1421 9073 1493
7267 339 81
6401 2277 3517
9071 6907 777
703 9145 2452
4868 7732 3431
622 8000 4038
9851 8334 4783
8635 9221 3157
2576 8529 3389
8164 4775 1788
3794 3244 4527
9908 8530 2809
2544 5247 4556
8384 957 2514
9347 6527 1325
5835 2731 2905
5271 9124 241
4053 1852 2682
3618 9897 2746
3527 1061 1594
1209 3474 2917
2125 1092 2480
8295 5471 3963
5549 1244 3687
4382 3846 522
9936 3037 3364
2111 1287 4815
7333 4033 857
4891 5953 3702
2964 7003 3011
4941 3052 2651
8424 6951 3218
50 1922 4671
4316 6570 843
1978 6942 5
8821 1877 151
7939 4879 2760
2614 5808 2493
8940 6623 965
5405 680 4346
5917 5348 910
1513 802 4406
291 3189 123
6573 1899 2841
4842 7838 767
993 5230 3793
8801 7622 498
4060 7562 857
3370 1817 724
9598 5061 1096
7470 1262 366
1000 3240 3431
6314 7062 75
7112 3437 1245
9102 7737 4292
9134 1068 2879
9569 4471 2758
7023 1006 3231
9373 5557 2656
9697 9309 882
5412 2910 2182
2954 7766 2570
964 9958 251
1666 6166 854
5516 3230 3206
4199 4568 1814
1081 6246 1345
3622 244 214
4064 104 243
5045 5748 1397
707 8630 1302
3322 5120 28
6205 8402 4381
8392 8977 1887
1092 1432 2372
9705 6650 1623
8336 6745 4059
6681 8877 2093
4346 4494 540
2463 1840 4877
1094 7913 420
6260 2421 1181
1818 8186 4445
9570 5045 1036
6761 62 1611
2475 237 58
3468 9349 177
2613 1857 2740
5070 2235 2882
9968 5101 1249
8304 4058 4793
9137 1665 903
2332 1885 272
5495 9672 4038
217 1404 1528
4276 4598 1244
3235 6498 60
2328 5227 3402
8027 3854 1469
2763 9775 1007
7398 1694 1345
4088 3058 431
9798 5296 2707
5017 29 1599
4581 3756 3088
8365 8850 3415
9385 1729 2291
9016 907 1761
453 6426 3355
6097 6496 4736
3260 323 222
9965 632 2029
8326 7880 2621
5428 6802 3681
6298 1315 1920
4356 2982 4559
2139 3785 1582
4482 4426 1928
343 4114 3889
1476 5045 1410
7950 2181 94
5682 1323 1582
9886 5841 2336
1603 4763 4664
1816 6967 962
1457 1296 1227
8651 4184 1206
5218 6740 737
9786 6468 1420
3955 2204 3299
8730 6853 1168
6020 1465 1579
7665 7813 1169
7765 6490 4926
71 5820 2962
5856 9841 92
8404 4617 4239
3380 1762 123
3546 4357 2538
6714 9746 2185
3528 941 3692
4622 9744 4113
2851 774 4962
7772 6644 4116
1219 2376 3840
8398 8210 4230
5 1110 1471
2407 6643 4632
5786 1447 4981
834 6876 1392
9934 4985 2477
2334 426 3034
2840 360 1647
612 6913 2764
7968 1673 1188
9172 8168 2903
3398 3583 2365
8289 327 4590
315 1214 1609
7165 921 2528
9229 4827 4059
4239 2120 984
4529 2889 2757
4301 8784 1488
7432 1624 4586
9626 9119 250
4821 5234 3754
6456 9562 1468
2777 9256 3490
2561 5837 4602
4867 7784 153
7882 2557 948
7699 7002 4871
9629 9702 2979
923 5761 1851
749 4296 2196
3641 1417 4999
7669 4920 461
6440 4048 2953
822 7857 13
686 7281 2352
1011 7658 2003
3924 9315 3995
3562 5350 941
403 9497 60
9510 3279 1724
1466 8532 3420
8413 3936 4770
8578 5290 4714
1079 4181 3143
3988 6432 3084
6375 3791 4780
1097 8965 4708
818 690 4773
1926 8203 5
7813 3838 1314
1551 8504 4844
5818 2031 2229
1049 8020 1679
4549 8611 3216
526 7403 723
7449 7975 2563
4755 5996 150
7938 5950 3241
8244 6999 4495
434 4829 4015
8131 9381 437
944 1419 1557
9175 8734 2973
9443 7283 4432
7549 1172 4740
1481 4095 1534
1052 1926 3997
901 5331 4759
4810 6377 3084
9661 6388 874
4235 7768 4744
7472 9268 1629
8354 9516 1136
6412 9763 2185
8596 1513 1852
4052 6125 1055
9660 5819 2284
944 480 2864
4758 5408 1902
454 5065 1099
1783 4672 1974
1399 6856 3357
5719 1874 4574
9725 9603 2085
400 3247 3258
4279 737 1143
9479 8863 739
7097 8291 3994
9149 3568 1739
3057 6220 1295
2005 297 190
3688 8843 2760
8327 4364 3898
2122 9267 982
5437 6077 824
5261 2838 861
9641 8669 1599
6686 2320 1752
455 8777 660
7573 2315 3262
286 7884 3523
1453 2054 2263
2109 823 2530
4229 1244 2726
6456 8887 1117
981 7726 1266
7928 9746 4661
9321 4813 4683
4556 910 987
8455 8542 4732
2854 6308 3475
2975 9439 1871
6246 7370 2064
920 8303 3403
6025 6713 318
510 2701 1466
9545 5602 4021
407 3657 2446
9674 3142 2840
6143 3474 2213
1925 7782 3186
969 7870 4908
8550 8054 3223
7791 9752 4990
3980 6863 4525
9999 2029 4914
5868 3066 363
9600 8675 2525
6164 4009 2331
8060 7288 3832
4218 1718 2842
4908 7032 1607
3570 4956 2437
2014 592 720
2899 9069 232
2920 9496 544
4975 3292 4713
4235 2384 443
7270 4237 4105
929 1118 2750
5893 9856 3752
2718 928 2844
6305 5151 1119
2800 7457 645
9906 2264 3436
8992 302 3802
6095 582 441
9349 6340 3748
69 8403 1934
3378 8530 4322
8639 151 3513
9222 7532 1930
3248 8675 1054
8306 7913 4166
1308 7247 1237
3231 5539 1491
9151 8814 869
5828 1569 1560
7092 9765 4962
2777 8287 4087
1606 406 193
2940 3443 4737
7719 7409 132
4407 3621 549
3402 4780 2908
6078 1035 3339
3373 8683 4202
8269 3969 1462
8257 9997 4994
7245 1882 333
6067 7594 2635
4348 8940 637
1895 1238 4380
227 9152 740
6709 7151 75
8939 9333 4511
9878 1774 964
2544 8331 913
4908 7920 808
4360 3893 4521
4855 528 880
1478 5554 2323
477 3306 1613
5573 6959 4781
898 993 3764
642 5379 2572
3335 274 3510
2201 8055 3661
1356 9055 3436
9585 8471 3362
8778 3262 488
1822 7282 4051
6917 2892 3324
873 4156 1194
7861 5035 3037
4028 7698 4914
6085 6577 3414
9010 2709 3246
955 6597 4947
2366 9185 156
5028 1943 3684
6119 9107 4394
3580 684 1944
3679 5595 419
446 3522 3638
6294 6445 321
553 2944 4256
5135 5368 495
3417 9101 2296
7192 1317 54
6876 8456 4044
3169 1218 3835
4056 7065 3670
2441 4080 646
953 1968 249
4740 5789 4730
7613 5815 852
4086 500 894
2713 164 4089
3663 368 4456
1274 6155 1641
4733 8204 938
1356 344 2778
333 2203 3789
2739 5414 3592
7483 2825 3552
1366 9904 2607
8708 5068 1986
6341 1841 1330
8130 3115 2871
9196 5867 4462
2401 4752 1596
4884 8609 1253
2337 8597 59
8348 5437 3670
6237 2761 1730
6305 2798 1943
9438 1350 3358
1727 4095 2777
32 2339 2544
8737 5627 2602
2894 5515 3203
8423 7309 423
8607 8779 330
6420 3384 2867
7856 2329 4746
8250 9794 4501
2410 709 2830
4999 1531 1961
7665 2818 4479
2915 1581 1449
7184 1369 3273
4647 3799 906
6591 5475 4494
961 989 3364
8559 4342 611
1249 7001 280
2696 888 517
2766 2372 871
2240 5820 4419
5045 8046 1252
3873 8578 3776
5102 8437 2337
8296 9354 1862
6697 9345 4145
254 2104 1368
5505 756 4609
1725 3552 3061
7653 9207 749
3526 7699 2190
2975 1737 2494
1287 5189 3853
372 9300 4952
6136 2168 1004
997 4355 3306
78 5621 4394
9720 9273 1344
6624 1956 905
399 4885 2380
7960 6758 894
4686 9376 2177
3270 4834 108
5690 1020 649
3784 6804 4100
1653 9881 2506
6075 7445 2578
4216 5936 1377
3605 5176 3033
8398 9862 3826
2057 9545 2587
5980 50 2871
5976 2408 2297
1122 1624 27
8511 7973 717
5314 5004 86
9241 2777 1414
3197 4741 3353
6530 2750 4889
7383 2614 3004
4826 9071 1834
5782 4497 3038
9909 9705 2595
7443 3062 3535
3392 4927 4255
6138 5501 65
786 2532 2046
498 9973 3782
2597 9749 3102
7487 8824 1294
8876 6497 3103
1299 9384 4155
2241 8388 2684
405 4406 340
6863 2093 436
9327 5014 1794
4628 1886 87
2483 3827 141
1735 3211 418
1806 1136 2001
2272 6372 1983
4047 9793 4411
9048 6714 4218
4890 9699 3343
6980 6826 4347
6628 7906 1646
4519 8390 1024
5824 3927 4688
1413 2996 1379
1341 9826 118
4163 3155 3283
531 5188 3437
9357 905 2194
3892 6766 2484
4170 4215 3120
4265 4955 1128
1083 1246 115
6721 7258 117
733 5897 1711
615 3757 1402
6714 1468 2773
1538 9099 3778
1680 541 2108
323 5006 2270
7012 4286 3283
3749 8704 4727
9164 9493 1242
2308 8476 2529
630 1075 2522
4206 7950 4681
748 5548 4045
3593 5342 4150
1013 5445 2206
1795 7064 1993
1713 8377 4934
2621 7266 2927
625 27 3387
9268 2599 841
5486 3106 204
243 5338 193
6825 7922 2337
8251 2026 3651
8802 9304 451
3303 3838 268
3944 9705 1926
7907 5859 4186
1722 3520 10
1636 2227 735
7526 377 4798
4661 4642 4823
5294 7580 574
8831 1071 1693
4173 1868 502
3022 9763 223
7140 1920 3182
9294 1613 4452
5455 3486 3406
1256 934 3395
8181 463 3840
6489 9646 3094
7880 104 1517
5313 8664 1007
2118 7779 861
7703 7887 1988
2590 6519 4416
5359 8099 4378
1160 989 2821
2109 8233 4861
4757 1027 3354
9037 6946 1915
1206 8199 2913
6086 2076 2600
6801 7506 3104
7939 8843 3593
9998 44 2633
4927 2011 664
6937 6237 4884
1535 1415 2932
3397 4727 171
5188 2368 2491
2274 6954 4930
6742 9598 3532
9341 7308 3369
8459 6999 4673
166 833 3829
9136 2862 4123
1951 6557 97
4284 1873 1997
8127 9670 3474
4437 682 2377
9266 7883 350
3453 9037 1925
4996 1555 24
3905 1150 827
1190 6055 2920
7941 7882 445
1139 8825 1822
201 7737 4160
5008 330 4129
2963 4104 2838
6177 224 2373
3785 2492 202
1954 3224 362
2474 2103 1612
9340 4091 2847
4445 842 2021
6120 7388 671
3818 3249 4588
4266 4127 3984
2626 7649 4523
1203 2142 912
9761 6389 2568
7868 3803 3030
1396 5276 2357
9291 6226 395
6314 7101 508
7334 7120 3360
4363 7944 739
2408 4463 1715
4739 6633 4604
3614 4300 4317
5357 4850 4857
7467 5585 879
5382 8016 4884
8574 680 204
5139 8346 1901
2424 6918 4788
7720 3902 3319
863 7112 1900
965 1153 3597
9947 8516 1269
1482 670 2758
2908 8182 4538
3989 3823 1472
8741 5445 3075
9188 3763 2145
5214 1904 619
6992 1264 456
6290 5666 751
5138 1537 1776
8440 2455 1401
2700 6803 1259
3225 6208 2780
8371 8978 1880
4496 6333 389
5431 2462 273
4957 8959 4464
2319 5190 1192
6226 7647 4927
1250 3158 4143
8209 6129 747
5809 8240 3287
9450 4670 310
4892 8432 3815
1266 8659 4350
2254 9752 662
7649 8744 49
8140 6426 3436
1620 5939 2083
5857 8501 67
7001 1726 4264
7227 862 224
1318 3520 3387
5140 1121 1207
3025 137 520
6900 3313 2958
7300 6453 4941
1722 3927 3317
5072 7303 1495
5439 9716 4488
5834 6257 4454
4424 2897 828
2813 2127 4195
9857 8677 2597
3408 5264 2060
1672 4276 2006
605 1551 4719
4103 2927 3244
7556 3809 3273
3158 2439 2671
1747 5805 1952
1493 718 2154
3670 376 4442
461 4769 2626
3629 1465 275
599 2796 2655
9989 740 2417
7351 6095 2407
7873 7147 4893
1438 7630 894
3602 5650 4625
5269 1105 4158
4583 6760 4755
1690 7754 1229
8332 4935 3876
1400 2357 3704
1828 9987 4928
2487 8014 1402
4981 1407 4956
8844 7973 4410
3295 3920 1917
3459 907 3469
5963 5661 3690
6505 1137 1982
5829 5616 1074
2275 74 1261
2114 7268 3558
1626 8026 3744
451 555 716
2820 8747 376
9028 5642 2805
1112 7419 1490
9677 4437 4474
8969 9772 4509
4049 3631 944
1504 9230 4184
9371 7088 4512
4028 5938 2477
552 6034 1134
5310 6498 2082
343 6329 198
5596 6494 2518
3412 2245 4974
176 808 4185
9003 5518 84
9428 1132 2737
8183 2925 4088
5342 51 3529
4054 6766 1395
2498 9884 4397
2890 2648 2693
199 5663 2002
8339 6408 2620
3122 1530 1060
3207 5179 4584
4353 8502 2176
2520 999 4684
4339 1528 4290
4465 4841 2263
7066 2564 363
4386 3069 2521
5522 8184 4794
7672 3059 3670
3148 1431 1985
2662 1441 882
8350 549 4178
2616 9685 1819
8891 591 3751
4505 3512 4332
5625 7510 1410
9963 739 1907
2226 1376 3522
5476 2004 2600
5998 6995 3731
3881 3108 3596
6158 1195 398
7447 2258 3600
7664 9127 3971
6845 5403 4967
8008 3850 1244
4764 6875 221
6028 7807 292
5726 284 1114
1481 1558 4902
2240 5422 87
6059 8373 1792
6494 8543 1382
5394 1065 3757
789 2428 2292
5787 6065 1209
6149 7438 2095
7131 9299 1936
4677 4976 1554
2922 2157 1323
9024 3145 3649
2795 1217 1610
130 3033 4052
3441 3055 1029
500 4932 2482
8967 4727 77
406 197 2240
5821 3551 2458
4732 4494 3222
3030 2772 4096
9902 2184 4099
1168 8085 1258
7931 2886 2262
3970 3234 2150
7662 7342 1372
345 4351 4362
4315 4699 1964
8011 6283 1194
9053 2464 2757
6022 9359 4949
5035 9132 2362
9156 2666 4065
5723 9459 3172
5972 6035 4878
9032 8066 3553
9469 4100 872
3896 403 26
8297 7187 765
869 6912 1203
3600 5501 4983
1795 6459 4619
3489 1770 4137
3011 4323 2266
6335 4708 4757
5279 6541 3141
5471 6585 3397
184 3015 230
8094 6987 1160
4582 5121 652
3895 976 4766
6687 1832 1154
7542 3698 2397
8548 5461 3939
9815 5067 2446
1224 9121 2367
4886 2717 3570
5248 4543 4762
5237 3651 3605
658 6031 3861
5757 4452 2424
1349 5415 4197
7562 5032 2224
9770 2002 2794
193 2836 1153
2571 9770 2698
1101 8923 3055
9210 9791 3593
6160 8436 700
1225 6226 2585
5760 89 4277
9952 1850 2541
9757 1008 4295
7228 6914 4958
9244 1924 3041
7621 4566 4542
489 981 2476
8264 6976 4726
718 8603 109
2541 6174 4079
8425 2360 1319
4177 9390 128
9870 3890 2542
2151 8188 2204
9864 7367 4129
4843 7491 2630
2796 2691 4131
1043 6072 2765
1268 5181 3327
3042 4887 1918
8019 2288 4852
9851 5171 1112
565 4464 1693
559 1556 3317
940 4726 1141
6787 3774 4050
6065 9827 3930
2999 9365 4150
5013 6397 4255
5939 8335 2800
7494 6729 248
6078 284 2639
7703 5956 4882
9429 7725 2953
3224 2672 4661
1353 8730 4329
1753 4161 335
5635 4594 4103
4117 6777 2933
2826 9510 665
8753 9588 1599
5912 8558 424
5985 8948 1617
826 7272 3158
8925 2241 13
5214 4113 1113
6528 387 1159
4562 4515 1032
1976 1525 3962
3742 8243 2307
6311 2523 3692
4294 4084 3369
9169 5054 4438
5954 557 3628
362 1091 1963
4954 2278 1431
3732 5313 2597
384 4530 2511
415 6086 4095
1815 860 3535
2116 528 4176
538 2502 25
1856 1682 420
4205 1445 1181
5927 8354 4145
6733 721 2392
9790 6432 3
2234 2646 2567
727 2738 256
2035 1722 4440
8224 5327 2753
2679 6467 697
8025 2288 4230
2226 8021 330
2095 6172 978
2117 6123 4621
2082 7208 4756
8055 6648 38
4117 745 1494
7389 1797 4366
3461 227 956
181 813 4224
4448 9554 2866
2400 5606 2138
637 141 1731
5971 1837 4539
8351 3473 2272
5181 8073 3149
4649 9243 2450
7251 8284 4842
7437 2539 3167
9503 1157 683
6639 1300 3364
4229 6377 3130
6438 3551 1510
7134 7050 1829
1319 8403 4448
2222 9774 3606
8248 7530 3131
8897 2448 2399
6069 8514 2482
8295 5221 707
6454 7049 1493
6981 3652 2813
7204 5302 2428
8358 4805 2704
2834 4907 250
5670 4352 921
6767 8773 1615
3265 1969 2173
2912 1872 2524
7657 2919 1945
8480 529 1559
2576 7380 406
5341 5440 2449
4566 139 1385
7939 4846 766
2839 4096 1834
2553 97 2720
8661 9709 1305
480 7806 4994
250 4273 1228
6305 7147 792
4008 6215 3827
6814 3173 2514
8545 5931 1085
8815 5330 1200
9973 5153 4207
117 3401 782
2451 420 902
3719 2758 3954
9909 6514 4200
5542 6038 4667
6625 5279 1287
1265 1438 3902
8031 9030 139
184 2742 4101
1842 896 2623
9231 3474 4953
348 4029 447
6188 5108 1007
6169 8182 178
2703 1353 2470
9264 3047 449
7657 8408 1542
4519 17 824
322 7566 3762
2180 5744 109
2142 1999 372
9584 8954 2774
9564 3558 463
7047 20 4188
4463 3227 4161
2420 1485 1997
6127 3132 4844
4462 1475 964
8404 7923 1170
7663 4449 1426
9926 3174 1889
1354 7620 2821
7084 1148 1553
7075 3245 948
1867 5949 4851
6238 9960 2862
5909 4980 4869
1235 7511 4507
987 8953 4542
5609 5604 4046
6437 3865 2145
2029 7095 1507
6112 3649 912
6997 4356 236
2829 3439 3694
3807 9402 1781
880 4379 3015
7577 4573 795
2063 9104 3511
337 4079 3889
7867 9267 231
5494 4244 1279
5225 3589 681
7801 385 1060
8083 7586 3974
2829 1610 3751
8428 9214 4031
2525 8846 3719
8330 2531 3180
5574 149 390
3351 1290 1402
3422 6112 2322
8406 3778 3563
6901 2565 2609
3723 6160 4018
1847 9010 1724
2409 3528 4820
5376 3234 45
2419 1157 2799
5515 9329 2856
3048 2558 1748
9708 3834 866
5544 9789 651
574 5850 765
8919 5491 345
7931 9289 3952
2048 2685 4163
1659 812 4570
9487 1829 4572
8271 7276 68
8470 9832 4577
5462 795 342
807 3615 4321
8964 1642 831
3625 2106 258
3793 6542 180
9219 6477 239
3132 3714 4041
4520 9229 3282
1172 2762 3293
9531 29 3691
2167 8230 495
7704 9888 2041
4698 4786 3520
9922 6187 4973
36 9484 926
784 2561 1771
1299 9463 1976
7252 9521 4135
1016 4433 2197
6607 34 45
8091 9422 665
9904 4137 4803
2795 3533 2707
2609 984 1451
7956 3447 446
5058 9462 4644
8028 8677 279
5377 5292 383
1745 4870 2278
3591 59 806
1710 1098 3518
7972 455 2828
1722 2249 602
937 7768 2569
4019 5268 1619
5805 4808 1374
4032 6992 3033
3447 7847 2850
6103 8723 2170
9947 1571 1028
9006 2937 3145
5080 3006 2502
9297 1337 2203
8455 5474 3266
1875 8309 2413
6640 5281 4367
5542 4166 3606
3652 9035 4653
3966 249 687
6978 1948 1463
7694 9947 1165
4883 2959 3098
2122 8442 652
1081 5251 161
7359 1971 3441
8709 9289 1039
3386 2374 967
7971 1831 692
4572 6207 3805
5186 3430 268
1495 5154 3988
928 5409 2910
7343 597 844
4510 4013 184
2393 7255 3206
7412 9350 1024
8382 2080 2247
4497 131 2298
2316 8720 1845
2105 4151 1386
426 675 4960
5418 4358 669
636 8323 2409
2070 9807 3835
9921 6657 3882
6419 4852 1142
6732 4082 1874
3431 2010 1658
2585 5844 3405
2971 1392 1420
7624 4499 679
5088 222 2724
6041 1655 3556
2108 9912 3837
7654 2484 564
6631 2026 3447
9639 3610 2285
9427 6846 715
7549 5056 3244
4131 8971 3699
8250 3057 462
7742 9603 2712
2448 975 4085
5544 7740 154
4355 6296 2254
8722 3309 3785
1316 5210 1723
991 3156 3988
6845 3117 920
7978 4552 4142
1714 6688 3756
4137 3699 847
2388 1984 4435
2953 7531 1246
5721 9247 3427
7447 3649 2432
8156 5198 1563
1713 7849 4604
4816 1337 3483
4096 7557 2773
6164 381 4972
1772 5414 3837
6022 4530 857
6117 7442 3514
1967 4275 1244
9163 3007 1892
4505 2253 4483
2771 979 3586
8629 8237 3463
2049 2523 2038
5336 3769 2272
2942 2455 978
3650 2554 4564
6864 8768 4042
9598 8154 1791
2688 5371 4654
9194 9642 3179
847 9450 1991
9793 4612 4049
5845 8958 3058
8303 9934 2005
4951 4263 1956
2493 8444 358
1631 9762 2099
229 4626 2993
1207 7195 3718
9697 377 890
8016 1218 2844
4639 8232 4795
4290 9279 2619
885 6111 2047
6310 2068 1957
7064 226 3619
6829 9102 1330
7089 3734 3648
4645 307 3128
8228 5328 4670
7159 4102 3389
5979 2260 549
5382 7928 1200
4727 8810 2715
6240 6445 2665
4603 6917 2306
3519 9789 4178
9249 9589 3843
9816 3559 34
7230 75 6
4607 6508 3355
6835 971 2964
2684 2185 3364
1668 2238 2460
7948 1824 1602
355 5413 1319
62 6469 2194
425 9230 523
1299 7382 114
6526 7083 4609
3746 5207 2432
8355 9980 875
379 2646 716
2004 4344 234
9662 1411 2575
5128 8750 847
6570 8020 1590
8569 3538 1901
9851 9591 3734
31 4787 4239
3192 5233 3340
3886 3020 3894
7709 773 1754
6646 1142 4791
3613 2451 4132
8285 8076 2798
2244 5193 3837
6998 8918 3862
5696 2962 3325
4357 4092 3585
9762 8141 4851
8056 5520 1127
5510 4980 1070
1640 7543 741
9890 1950 3404
8614 4370 4959
5454 9319 4562
2802 6193 1785
5083 9582 2408
5129 694 2669
3459 7615 2991
4433 9222 4981
899 4514 4958
5511 1954 542
4181 1845 85
1288 111 4526
8752 7603 1374
6159 9356 142
5752 5037 3684
1591 3283 4043
3152 9697 1039
6160 6265 3487
9647 6127 4171
1166 8682 1641
7738 69 1563
9495 4388 4057
3624 1782 1519
5394 4583 4060
748 8119 2873
1564 4826 4632
8100 6871 4057
5075 983 470
2511 8733 3322
7953 4096 782
6802 488 3714
3918 1479 4783
8568 5895 371
4416 7801 4355
9184 2302 2773
5939 6315 3446
1717 3032 4429
2725 4874 403
8526 2437 4546
7404 2174 3620
4750 619 3097
5093 8175 380
8726 8618 3650
551 4176 2384
9379 1337 3335
383 7897 1564
284 2466 3927
5943 8730 4071
9620 4204 1567
2341 172 2933
760 497 319
9734 4371 1784
6381 5505 4895
7016 31 4006
5526 4569 2827
4318 3061 1424
3464 3473 3583
139 6825 4854
4103 3154 2439
7264 2193 4792
6995 9492 1793
2579 1699 2704
2127 9405 4740
5911 9397 3248
1293 7398 289
8331 8580 2937
4388 8903 924
9171 8370 1135
7080 4369 4946
235 9660 2054
1380 3006 3040
5033 7925 1138
4883 6967 1672
3507 549 1616
4956 5562 4412
4674 69 4809
4508 3137 343
8296 9347 2432
4045 7136 3367
6884 4853 4039
638 5451 2537
7747 1594 4750
9356 6539 966
3684 758 3578
9768 5908 3939
835 7722 1014
3651 310 4120
479 2533 4166
7842 8701 2623
2614 8080 1093
4372 5089 256
6823 9240 2766
3139 6078 601
8162 1314 3811
2042 1980 4539
8345 2090 1172
1270 4060 983
7270 2380 1897
6151 1151 1673
2059 8920 311
348 749 860
9831 5473 4981
4899 69 4276
7762 4140 2906
500 3569 1667
4164 6762 3636
476 6025 3758
7353 3301 3220
4369 1845 2319
985 2869 1501
6354 9896 2854
6952 2877 40
4450 8351 2331
6428 1310 4567
919 2433 4311
8361 2437 1782
9224 8221 4417
4786 3167 3894
7690 2055 851
1205 8378 1675
1147 9091 2813
1398 7889 2566
3946 546 3923
2712 294 2120
8196 6639 4412
1607 8976 1217
875 4606 581
2048 9764 1137
5410 663 3401
9610 9106 1946
2912 1047 2094
4512 5985 3438
9148 6913 1766
1351 5071 3355
9089 7993 51
4522 1281 799
5953 1980 3434
6862 9564 2770
5139 3263 4997
2225 1406 4386
1616 1769 1108
4714 6439 2053
8566 9104 388
7374 8825 4403
9824 818 4092
876 7608 4035
3846 358 4733
9200 3893 1364
2909 2952 4313
2383 1980 53
2262 1925 2871
2460 3209 2206
8618 4992 1001
7499 1785 4639
3866 2050 1335
5425 7334 742
7195 7423 4915
1520 8436 2908
699 6550 2509
1790 9734 3727
8152 3689 1069
395 3555 3237
207 7857 960
4763 9473 4284
7436 618 1667
7412 8673 2165
4552 6120 3883
6662 7637 3555
3519 1943 2314
1971 3417 823
9991 2822 4956
3435 3051 1455
3727 9586 2456
8064 8744 295
672 809 2888
494 7010 3585
1885 5913 3077
6627 3442 3151
8725 5349 3526
8476 8621 505
1034 579 4742
9935 9803 4030
3362 4312 4377
3040 777 2271
5904 175 2954
8064 3457 1047
6699 6494 1627
960 5872 3406
2490 5843 4861
7252 2421 1063
3340 7816 199
9504 1541 2208
5092 2619 4397
8452 4109 2757
8868 3460 765
7023 119 2366
9813 6354 327
1776 3074 1673
137 8106 3788
2806 6401 1128
9759 2406 4140
7483 5705 448
4845 5865 1906
2400 8675 1152
4953 8881 3039
8385 1010 1144
5355 7525 3314
9538 9077 3070
8399 9587 1576
9875 7808 1269
5672 1677 239
8779 9797 3449
7166 4870 705
7606 2782 4476
8985 5286 3026
1499 8750 4625
6019 5361 1887
9797 4592 2838
3325 4535 2837
2756 3397 4300
5989 2772 901
4801 6728 1019
1263 1310 476
6037 5683 4873
7575 9312 2304
3026 2801 2019
4521 1708 2015
2391 5015 1323
6780 2691 4164
8822 9877 1740
6158 5202 943
5721 6756 2645
4540 5854 3338
115 3702 2862
6618 6259 1004
8075 3164 4718
6165 4273 527
7840 6474 2776
7658 64 3962
7358 9737 2176
9533 1578 1410
41 816 1559
2128 6026 4197
6234 6165 1593
7926 509 1448
1300 6751 4632
8493 7807 226
9223 1070 1234
7134 6840 3792
1797 7765 1780
9068 2230 1761
3360 7719 4951
8040 1575 1751
393 2615 3952
1160 5792 724
3545 3569 1195
7074 9597 328
1515 8899 4007
3121 6886 2012
8157 6144 1465
7893 4890 1317
777 8843 3277
787 615 1463
1664 1815 1244
4917 1269 3312
4661 4441 3736
6692 8530 4404
2573 4193 4467
9833 3946 1087
3225 1336 3665
4267 8836 2470
8269 7710 2158
1847 6140 1174
214 3417 790
4899 7612 3064
5061 8475 4283
403 6215 699
7716 4986 4009
4022 8428 1957
6467 6955 2332
7997 1847 4210
3428 4662 2301
8676 5787 3135
4818 7595 1266
5809 6014 2018
6951 5176 3018
5144 6403 45
5583 9617 1455
3104 3302 4242
9507 2264 2622
1760 6874 4788
2007 3728 205
6819 8887 1849
1684 2988 4869
2296 8599 2807
567 3911 2094
1404 3158 2691
600 8187 371
6406 7617 710
5839 1431 2615
2587 5983 4503
6301 2979 928
8013 632 122
8284 7687 4154
1108 3181 1432
9595 1301 770
1797 1849 4384
2927 7547 4963
8919 4978 503
6017 8215 1147
8061 3837 2292
6012 9867 4998
8574 6298 2906
8991 9566 4374
9560 2915 475
8971 5834 4295
2961 4393 2602
5445 236 1544
1547 7068 1940
726 7930 1944
3400 5672 4866
9622 8841 2651
7440 5670 593
2167 2895 2860
3317 8099 3433
9607 8452 2540
8557 2341 4505
2380 4271 743
1015 4473 1075
269 7323 753
640 1438 2839
6863 3631 1818
9515 1616 4285
675 7744 2852
8152 6251 2277
4714 3345 1416
2394 9446 1606
3081 539 4093
5065 2661 1565
2440 9000 4954
4003 1459 322
5088 9405 4597
8868 864 3436
9248 4889 2217
607 6673 1652
7553 2266 634
3461 7081 3525
1925 6089 4962
2841 9213 1331
2967 4441 4824
7098 4023 4276
2652 6009 3092
9828 7226 780
6843 9841 4961
1287 7429 2606
6019 4776 735
3971 3545 262
8430 1772 3024
1105 1134 1867
505 627 658
659 5452 4521
9623 9817 921
1764 4154 2095
3609 4902 1125
4112 9429 2225
1110 5526 3172
2021 3166 2960
5052 6296 3087
3227 9217 133
7227 3198 4167
7537 5510 3568
5138 6863 992
9244 1184 764
2822 9940 2414
9451 81 2427
689 1176 1180
7845 2248 2506
1839 8092 2894
486 2485 4169
9117 7496 1623
3998 9071 537
7281 4291 2864
4982 8789 2900
6772 2958 3837
5847 7217 3886
7389 7600 4531
3220 2752 592
8636 6328 3710
3338 3359 3637
2431 6222 2590
7076 8626 1641
7399 2781 446
997 4733 2578
1064 6450 3025
5840 1048 2687
1135 7680 4438
2389 7203 1900
3584 5555 438
3071 1862 2509
2680 1634 3969
2202 1433 4870
8554 9804 4279
2131 3600 3626
2242 2489 2098
2166 8369 1165
3220 4802 2105
2334 933 3597
1977 2856 1189
3907 503 1288
5542 3507 98
61 7688 1249
3684 2413 2333
8957 4484 2205
4222 4556 494
5557 1663 1621
7339 4610 4457
8828 7340 458
5860 5532 2089
8660 196 373
5858 7671 1473
5391 2513 4705
4157 5019 1883
862 9364 4667
8503 2650 1632
3226 2299 720
5725 3378 1373
8486 2997 1769
3988 2491 400
1383 8279 3403
1767 6145 1408
6483 4696 2877
6333 889 4803
8429 696 3750
8541 7228 1040
1450 1047 1831
9079 4958 3984
1006 5031 446
2982 2745 3999
4289 3226 76
867 3752 4206
2683 6044 3016
3709 6254 1848
1304 5691 3789
3861 7470 355
3647 9107 4388
5551 7386 3617
2105 6818 32
3344 3519 1546
6171 441 3465
3176 5649 4733
9246 9710 4958
449 6272 3591
234 2238 1808
1660 7494 2709
736 8637 811
268 5252 2001
5414 2217 849
7115 2908 1050
9444 6683 2928
2162 2582 852
1798 9403 4324
6848 5118 2224
7779 1369 1585
3741 4549 695
8511 1786 1305
9825 1622 3081
8872 6581 417
6199 2964 2664
3504 6833 586
3379 8505 785
8500 4428 4211
7417 8612 3112
8182 7703 3807
1206 1219 248
9524 733 4797
3973 3252 1325
173 7422 3260
2954 5966 3945
3488 1416 3163
9892 6073 3522
2467 9073 2635
9220 1373 3326
1134 5873 4454
2470 437 753
276 183 1929
7016 7077 3831
5363 8789 333
8884 2963 3915
3763 3600 4011
7463 9754 3690
3347 1154 2840
8528 3111 3326
5314 7741 2333
8471 5512 4200
6625 8537 2783
8860 7718 1869
3032 5985 3901
4836 5080 1885
3644 8805 3833
2538 3108 2064
1684 4150 1205
9724 3534 4728
1785 1310 4689
6903 8219 3427
3054 1848 791
3902 8016 2984
9895 7020 2310
8201 8842 3704
2866 552 3090
8132 9941 3814
2747 3270 4603
4611 2496 4198
1330 8412 1419
6506 9658 2985
4734 9518 160
993 1219 235
3692 8591 114
1639 2940 781
9228 2211 2107
4749 6609 1712
3264 967 1391
9373 7304 1867
9372 9515 2793
9607 9435 1260
8027 4994 383
3293 3725 4971
2606 1184 1910
2482 8639 1705
9956 691 3361
8710 4280 323
931 5219 750
5352 6308 1678
9357 3594 2999
2034 3875 11
3822 9967 4941
5021 9334 1137
698 1103 1553
3083 820 1677
5076 2449 1391
8892 9399 4711
5483 1550 4533
2676 4744 1840
2063 6058 3148
5558 248 4706
4672 8997 2409
6707 4814 2949
5909 6903 4860
9685 113 1754
3192 6533 2876
4583 5206 2009
2040 5597 3916
5029 4026 2463
7675 9691 3931
6070 6864 2411
4028 2535 3889
3332 3231 1264
9566 9792 3107
897 4551 1970
2828 988 3471
1932 1482 1260
1970 7452 75
4434 3493 3882
9404 6896 2868
421 9149 2310
3279 3098 3786
2155 4103 880
7393 5039 4818
717 7231 4507
2665 7934 3374
9952 8912 816
7876 1829 3427
4704 2376 445
7957 4139 1851
7675 5170 596
7541 7783 4021
8345 5019 1086
5991 1927 363
9161 1453 3546
5562 8244 4478
7915 9161 3644
1256 1101 4680
6454 7814 2129
8059 7439 2794
3550 1292 3137
2419 7657 3936
699 7060 3111
9336 9763 3029
5751 1376 2762
4681 977 2028
2477 9027 1221
7122 2453 2386
7434 5448 1974
6657 6727 3326
9179 129 1334
9120 5024 3356
1651 4717 3003
5192 4467 3041
1206 1839 3987
5623 5211 4768
6028 8443 1775
9377 8643 1243
1529 5715 3607
261 9705 2958
6899 5022 3130
2263 9938 2908
6601 7197 1510
3515 55 4151
5368 5267 2260
4826 3609 3372
4911 4597 4778
3703 7817 2505
7934 9479 101
9122 8276 3882
7039 8862 4490
3328 8413 2216
9531 1609 3515
9517 7953 990
5992 7168 3251
2363 9192 4835
4953 9120 242
6521 4090 1771
5514 1450 4303
6894 2313 3315
4238 7672 4013
9173 8996 436
9410 3361 3568
7463 6261 3424
1705 7490 3743
2850 995 195
2726 3719 917
3865 9898 371
2638 815 180
1490 4560 2592
513 1272 3545
2218 4625 2434
5051 1 220
519 3735 3833
2095 2129 2485
7509 2641 2479
2462 4972 1839
873 5768 3278
9610 6835 162
5222 8819 507
9199 2335 1653
957 475 3265
7624 9311 4936
2830 8234 2337
6434 3285 4747
5414 5514 2798
6268 4148 1412
2375 6408 12
8722 1882 3665
6078 9848 3784
60 1919 755
9378 67 4140
690 4590 3746
9828 4899 4757
715 5816 715
6107 8524 2313
8471 8565 4156
2129 6110 4150
1128 3030 470
3057 7655 1342
5358 8306 1003
1191 4529 869
7041 8427 4639
5570 608 3304
5733 7254 1553
1765 3761 1423
8812 5567 725
5388 6140 1134
9244 7625 2171
2155 8525 3206
6736 7785 3836
1912 9887 367
2846 3176 1542
6205 9182 1221
9047 7313 4345
1014 8965 4654
7535 408 4079
9546 5066 4025
2576 883 2811
2176 9724 732
8098 7597 2885
553 8834 3163
3769 2359 4075
7488 6523 4836
9214 4127 1542
2033 1781 1358
4702 755 4447
6337 95 2057
4022 6536 3408
8687 9776 4617
5310 8087 160
4653 1908 864
8460 6028 1862
5348 6943 2051
2058 3741 593
6455 4208 1449
2002 7142 1988
5015 6521 647
158 8928 3661
5233 9279 4269
6462 395 3649
8799 6825 1940
8891 1395 1364
4640 579 2625
7863 9592 1256
6317 9030 1144
4410 8335 1942
7740 5473 716
6515 855 3232
1077 4691 380
3477 5369 671
9620 5743 3693
3634 617 8
7761 4793 3374
5955 2174 2284
8524 3800 2452
8866 3147 700
1327 5070 3037
272 6564 2538
5164 3823 1746
4907 9740 2686
6678 9637 1248
4522 210 843
3693 8470 2783
9830 9164 3549
4304 6885 4324
4689 8534 106
8316 5877 1123
2526 8911 1358
4936 8423 3939
4800 3105 1165
3671 6754 1354
8308 2707 2567
9767 5422 2696
1376 1578 2261
524 6163 4278
4468 860 114
76 6396 3883
9788 4664 3825
1567 9387 5000
1154 2471 288
1768 1096 884
7132 2398 4278
3062 768 2853
6082 6409 2301
1898 9729 4783
84 3793 4768
7462 157 3921
621 4899 1157
2844 1544 119
5384 6762 545
2639 1644 4888
9223 9472 3937
5714 2722 2976
4107 7936 500
7217 8746 4430
3453 5966 4852
4745 4459 3724
2092 6103 807
2152 1982 1088
332 9016 3332
5926 5250 45
9536 9328 113
7842 630 855
4951 3464 32
6018 8890 2483
7293 1376 3281
3498 4545 2117
1969 5217 877
3771 6363 794
2533 5037 272
3315 6968 214
2022 3056 3849
8636 2970 3753
89 9797 841
8042 6979 371
2694 4107 76
2148 6599 1935
5295 6923 4497
8908 7529 4841
6128 5586 1299
9407 9608 773
540 931 3289
2232 9791 549
6943 9832 3524
7875 683 4356
3180 2326 1888
8895 7499 4536
2175 5801 56
8972 3167 2426
538 773 696
7683 766 2537
7344 6571 2351
688 199 2041
9183 1520 3077
795 6157 215
3152 2318 3356
1499 3067 2077
4272 3188 1834
7366 5050 4666
5670 6876 4148
8439 9335 3537
8290 2704 3943
3704 4165 3954
704 7265 1142
4613 7095 1495
5430 9859 4772
8063 9578 4240
9260 6994 4319
6882 2151 485
5519 5473 256
6198 7924 1148
8360 2152 1891
6366 129 4281
3869 5525 1405
3115 3457 4861
1341 9737 4951
8463 6849 1134
7866 7862 253
2259 9108 4057
4172 8986 4796
2847 8829 1527
3976 1710 1565
1298 9568 3759
9295 1553 1128
3938 1017 3562
5737 5695 1577
3236 5782 862
7349 4905 4781
6182 4834 3192
8879 5066 3521
8046 1715 4941
4668 7459 850
4978 3714 4998
6098 1489 3419
1900 8020 1381
4364 72 2589
4002 9454 2063
7490 7377 1193
3169 1031 1855
3717 3303 3076
1619 4646 1771
4746 5204 3520
4934 8723 3137
8103 1254 767
5576 3073 4843
6105 7866 1845
234 3347 1711
4206 1058 3120
186 4970 3167
2737 9551 415
7893 551 4949
5586 623 626
4552 2284 3907
5178 5963 1394
6626 3840 3004
4275 886 2723
8158 473 673
4068 6731 2036
2792 4232 4918
3709 8845 2236
5407 7576 709
6091 9549 3478
6738 9311 4929
1305 4777 4807
8996 2164 2799
942 4282 3333
1304 6565 869
7838 1261 1767
2995 8062 926
4543 8054 885
1395 8919 2621
6377 3943 123
6870 9217 409
6680 7124 692
3190 1578 1482
1874 2108 4760
9114 8482 3751
4171 6847 3105
8492 3882 2644
1674 6222 652
2190 3116 2317
7000 1898 640
9421 2232 3218
3350 3370 4866
3146 620 4762
634 7091 2846
8527 2318 1244
9198 3758 36
105 9446 2208
6324 3647 2480
8697 1337 4534
6829 9549 2941
5202 9530 3457
1429 7158 4521
9675 1323 2181
9342 691 4499
9072 9798 1037
1032 2807 223
3299 205 4543
2857 7529 1784
7039 3280 3128
5541 6772 3862
6127 6599 4814
6275 5782 2108
2948 517 4853
5359 9077 1260
2668 7369 2603
122 4964 2354
6908 5261 3121
7371 550 916
6842 2364 4951
9029 8246 2923
8927 4986 591
6642 5858 4288
4877 9690 516
4597 4753 928
6243 8624 3108
297 5677 1486
5811 7226 1805
4499 9911 4630
8359 5542 97
3531 669 4251
3390 8256 1159
4264 4413 4758
968 136 4907
1072 5208 2099
2560 2673 670
9159 4944 1618
2617 3454 36
7720 4509 4112
7588 4718 2879
3075 4375 58
2018 904 3809
4750 9327 388
2409 6103 4039
3116 6143 4764
7494 2671 4431
970 4950 3231
6704 7267 2416
6818 4832 4960
4089 2201 2923
1783 6169 2548
9712 8376 3959
4209 3013 4046
457 1211 4197
7616 2569 1834
9944 8195 2718
8472 7470 4612
8447 807 3287
7120 6705 2927
5231 2410 2176
8458 9212 2954
3659 524 2017
4642 7004 4515
7006 7363 1693
403 4148 435
124 851 3040
3462 6146 2851
7149 7700 1633
8166 3069 4950
2990 6770 4133
8062 6310 588
2243 8437 4437
4413 4451 897
5103 2081 3014
3780 3788 3441
302 2779 4521
7096 9870 190
9109 8383 4079
7863 5180 4055
8709 7996 1631
6120 9726 2216
4769 6735 1982
4429 2854 4109
6064 3774 2876
7721 5058 3489
2558 787 3489
6682 5589 1262
8030 3711 2703
9786 6228 2650
5835 2533 4342
9258 8348 380
848 1307 4087
6566 9532 3198
6448 7022 4093
2041 5255 3355
3267 304 3593
5983 9393 1132
5595 7370 3759
7670 6274 3119
9187 799 278
315 2787 3674
3404 1555 1959
7620 2259 3438
5436 1153 1103
5311 5121 4596
5579 7688 4739
2279 6121 1069
4035 4324 392
2972 1385 988
9862 991 3281
4689 3447 3500
7196 7501 4736
4667 4209 3728
7631 4697 4865
2661 719 2861
632 3506 842
9174 2858 3953
3866 6183 4742
2863 1735 4979
1661 7034 3927
7585 1358 244
8590 6497 3232
9438 4537 3671
9857 4054 4515
902 2091 4560
3229 9657 1150
7596 8905 841
7708 8590 4763
5822 2874 3867
8423 7099 4715
3 3206 250
412 5092 2827
1578 2807 4804
7238 9734 836
6786 7513 762
6362 1230 2019
7878 630 839
8250 1992 800
378 7277 1651
5758 5697 1391
8081 8423 2101
6018 1967 1175
7258 1036 22
6067 3583 4101
8773 3334 2528
8896 7308 3805
8939 9963 2225
1790 5685 3169
7796 9711 3634
8480 359 4147
7112 8985 2437
7628 6672 1029
5567 9442 4704
6581 7373 1356
4072 3228 2507
6328 1193 3834
8381 9331 800
8050 7809 693
912 2572 496
3376 7952 4378
7112 4233 898
2035 8890 2418
7417 4425 3857
1276 7499 4617
9367 3271 4316
8688 6600 4224
4117 8754 3986
8823 6764 2030
9121 2640 2212
6395 9773 4479
7291 1481 3368
8746 5756 2872
1090 3669 697
2678 7943 3843
3497 1302 2704
2094 8779 707
5867 9954 7
4566 3137 3327
1547 2298 4863
1720 5340 966
6336 3470 4949
4698 5576 703
2643 8943 2774
8482 9235 609
3173 72 4112
9809 8466 679
8151 1650 977
5346 9948 4184
7320 2348 2160
8640 3450 2369
3847 873 3355
7705 4861 536
6474 8009 945
2067 3860 4861
8589 8989 839
3510 9881 4848
8172 6398 4352
8713 7891 4194
9928 8114 1451
4496 3218 4035
2049 5075 1735
7113 7647 2757
2075 3321 3008
6807 3961 3825
1647 259 4190
9239 7260 1564
3325 5603 3418
1228 3173 75
8720 5471 1153
4775 8151 632
9435 6130 1875
5742 3440 367
7456 7368 1065
1954 8417 3823
1740 6191 1607
4785 5131 3988
8404 4350 4206
3777 9307 4647
7725 4751 965
3530 5958 1907
2001 2133 1549
4261 6674 4905
2749 9243 4018
8385 3703 3628
815 1168 1079
4589 8029 979
978 1509 390
3679 8351 1982
3524 3614 685
1325 2570 4827
7358 9943 3834
4157 4178 2782
2832 7955 3508
9886 6760 3131
3005 4976 1230
8329 2884 1658
8001 7137 3296
3587 7354 4189
8886 4082 727
3649 607 3514
6899 7929 841
2324 3337 3999
8712 6719 4541
9245 4104 1837
3288 9206 1570
7018 4293 2918
5101 8904 1240
7271 4010 4889
5924 4235 4501
1617 6795 3258
1540 4548 4615
8498 7798 793
446 8439 1334
7097 8275 1215
2085 5100 2851
9784 986 4812
4390 7692 1217
1764 5614 2818
6162 3883 1154
5530 2420 3063
8349 8205 4212
5990 8361 1066
1049 2331 2366
974 2347 1743
8210 1879 2050
362 4097 387
9773 8768 3813
3847 1412 1863
3311 1766 1263
5495 6785 4529
59 9625 3151
3938 4164 4116
9911 3878 3405
5579 9437 2395
6108 5716 3853
35 1312 3782
2719 7728 4176
5786 3471 4704
8664 7624 2146
5533 8155 1740
7063 4370 989
4114 9846 1137
8753 6610 2307
72 1895 4580
1321 274 665
2706 9557 224
790 3031 679
455 7289 4653
6831 3994 3086
6430 9951 10
2190 67 2742
1559 222 4927
3211 3024 4330
2675 1704 1450
5818 2186 4591
5699 5874 1482
429 2123 4807
8193 1211 1774
5492 2176 4529
4086 4029 4251
8699 2233 4444
5522 5222 3977
9201 6885 3914
6346 3286 446
2612 3775 2901
9457 8510 4285
6508 25 468
897 85 158
4588 6448 4228
3316 5884 1180
4977 1553 2780
897 7485 3433
5883 2601 1741
3300 5185 3958
757 1832 4752
1672 6864 2621
768 9231 1124
9811 8528 443
6616 5703 805
5742 2187 3672
529 1543 1247
7926 4522 10
1873 2373 4872
6958 7657 3422
4358 2200 2180
9804 5191 2462
8056 6764 4039
1388 9576 1238
2251 4904 3720
8859 2474 1357
1943 3855 1143
5673 8931 4278
411 8182 3315
1575 2088 4805
2127 7829 7
7038 6138 1843
6296 6489 863
2404 1372 944
2242 3541 3786
9809 2500 4119
1474 4347 4281
779 2543 1346
8401 3225 2753
8401 7609 2161
7448 4868 2195
2013 2084 2374
258 4586 2019
8711 4243 1532
8645 8445 1922
3927 5719 638
1327 5772 4446
2801 7791 72
2571 4180 2967
2708 8552 3022
9232 2865 1802
4738 4638 3447
3744 3501 1406
1491 1227 614
4154 7886 271
1106 1158 4054
2424 3897 4658
6258 3648 698
9681 272 865
690 7505 3560
2502 3842 4029
8285 6128 2833
6983 7558 901
2801 3560 377
1244 7137 4079
5026 3693 276
2511 1702 1047
469 7141 3308
3852 2788 3583
7404 3828 4811
6095 8530 2357
8411 4007 1261
8521 6153 2435
6746 4435 1024
2052 6368 3453
4066 457 2766
9667 6748 4144
3600 2700 4297
2483 3835 1803
1047 7865 3869
8122 3785 3540
4833 9672 1945
3444 5185 2130
6466 9020 712
7753 5623 2801
7783 5235 4548
8168 8964 386
6250 6189 4149
6191 6194 437
9741 6381 4543
5799 422 3963
6074 6370 3435
3437 8771 3212
2857 3705 1599
8752 9054 2206
1246 742 590
7652 9356 2851
8779 84 2242
9921 6057 3402
6855 868 1787
5179 6987 1481
3156 9021 205
2522 5557 2648
6091 7877 4521
1415 7905 4847
4687 6617 1583
2463 5657 959
4574 6716 3741
5070 7453 449
2460 3339 3821
5960 6584 882
665 4101 1506
4555 4278 3319
2069 4980 741
6977 8165 2228
9442 7569 2257
8689 9917 2929
9000 3773 4625
6308 715 2176
8305 3311 919
8407 2250 542
1745 8946 1000
4887 8494 3055
521 6936 858
9200 7179 4743
9594 6982 2037
4151 4600 191
6680 609 4302
9186 2918 2543
7700 9676 1083
2312 2692 4064
8720 3360 170
9486 1365 3656
9361 2869 1487
3310 9585 4427
9760 1020 4196
5765 5682 1839
2655 7852 4068
7642 7761 270
5843 6100 412
3443 7618 747
8771 1235 4880
6258 2340 2521
7747 7005 3343
5178 9664 64
5545 3282 2192
9754 7875 2913
7189 4120 2384
5362 1256 450
1764 5843 4667
9143 4119 2785
5913 5711 2060
5477 6796 1115
3504 2868 570
7461 9341 804
4504 214 850
8510 6306 2108
3110 5649 3846
1223 6657 623
8163 243 1185
9832 7729 1465
8188 2285 452
2190 9377 2110
5883 5572 2363
7118 9451 3847
2819 7059 720
4330 2335 2202
5052 8522 1730
4182 1635 3705
5953 8106 1315
3538 825 4553
6448 1096 1144
6749 9619 2313
4506 6277 2854
5931 1518 3809
3545 7738 1100
4082 4656 1099
3812 8305 1206
3313 8936 1267
5465 6696 2796
9062 4139 3538
6236 3246 3949
6670 8195 1262
8640 7739 2241
2512 5157 2294
3252 7864 2012
6060 9308 960
8717 1043 2866
8301 19 4111
4163 9649 4833
4509 8044 3490
6278 2649 3960
3691 8906 3815
2142 4294 4512
8886 6659 1562
5238 9649 1211
2973 1835 3347
9454 3720 1840
8084 5888 1541
6655 1347 2183
3334 2813 3212
9854 6076 1786
7686 6916 4196
8846 2525 2385
890 1454 4943
4352 1915 1392
2669 9538 2641
4699 7431 169
3979 4207 4514
9915 9960 1575
1432 9620 1518
6556 5056 4932
2704 9063 4694
8262 2637 729
7449 4115 2340
4339 5866 4164
6489 7910 1767
9384 2049 796
1755 2291 899
9387 6410 550
8528 7638 1535
504 979 593
221 2252 4910
3028 7651 899
8820 2243 1092
238 9506 2496
4322 6241 4026
5638 353 3992
6002 469 2201
6612 1171 1099
2055 4135 4035
1781 4591 665
1278 6560 4055
3355 7006 2510
5583 717 3242
8177 7086 659
5032 6642 901
1604 7447 3786
6232 9358 3103
9563 3452 662
1841 484 4551
9760 8913 1608
9974 7435 1568
9296 5524 1263
7500 3565 3357
7872 4916 786
3119 749 2214
5865 14 2143
7454 4147 2254
2246 4336 1557
8592 3731 3623
3904 9568 19
229 8021 1005
3432 6845 2600
9507 1875 463
7080 1717 4305
3344 5442 2837
4252 9919 3574
9495 4260 2292
7672 1844 25
7741 9884 1282
3961 5879 4978
5489 5258 976
839 7435 1355
5386 4174 3045
7449 124 1368
8082 9160 4939
3009 9683 1189
1850 5044 3734
6232 2126 1297
8484 8529 4672
9627 3070 2301
2850 9130 128
3241 1626 359
8392 4721 3494
1953 7268 2855
9375 2914 3424
5149 9327 4814
3554 8416 3670
8382 8761 4277
5247 9177 4455
2250 8957 974
8487 9117 4810
6451 6282 3721
2457 7192 919
8455 5341 204
8245 1399 2548
6940 4083 2848
8838 906 4488
243 5963 3913
9688 1250 3568
3375 3903 4843
2949 8954 1351
8597 1506 608
8640 6353 1408
4387 3423 4356
353 1560 762
8284 829 1597
8646 6441 2747
747 3337 295
6353 6209 3314
5509 5597 4066
5564 1600 4541
4241 2171 1648
8613 1392 2514
376 228 3299
6626 6771 1983
2260 2133 3007
8899 1795 3573
77 2105 1232
3394 7810 4034
9536 9533 2164
5784 950 2974
4188 9663 2895
2729 2498 1077
4146 9393 4514
6358 7583 2548
2620 2317 94
5921 8277 2824
9249 2761 4028
7695 5714 981
3802 99 4852
3951 7945 1886
2489 9260 3870
2724 9268 727
4896 1020 1491
2448 7155 4156
514 8839 991
4725 6527 2024
5269 5405 142
6489 7030 3484
5190 4640 382
7911 9642 947
3963 7561 218
5484 7699 903
1974 3787 1359
7268 2733 1917
5220 6944 3372
2689 5340 3775
9148 3476 1520
1112 6219 4327
4698 4615 2859
6428 5338 2662
2553 856 802
3200 3259 1404
33 5987 4011
3332 7671 867
9450 4586 332
2845 524 4028
1829 2923 3937
7717 8131 945
1447 944 805
7015 4152 3197
696 8663 1162
8808 2277 916
2756 7290 1144
6412 5781 3775
5503 5954 1417
9992 4093 1465
8016 7061 4048
3898 3378 328
2685 2879 4652
3109 5 4515
4743 8860 2783
1475 1461 660
6599 475 4227
8503 6173 1057
1892 7110 2380
9988 4529 1444
316 2322 3647
8565 1160 4181
3616 3069 2660
2872 5115 2495
8785 5686 1667
1677 8184 1472
6993 9059 1081
1328 5740 2726
6702 7996 720
9502 2182 87
1241 2975 2133
8196 5029 2506
1866 7248 524
5771 4699 2475
3087 9600 3091
1081 8762 4852
444 8013 4468
3118 1100 2570
2539 3905 2077
9243 9751 1604
8023 2284 3377
9660 9838 3022
1619 9457 993
3168 3058 119
5456 8574 2656
3503 8049 2147
8703 5963 4222
811 4298 4291
2932 7559 3254
4698 2415 1602
3133 6681 4739
3364 9219 33
9846 1854 2450
7619 2931 198
174 9170 353
1287 2241 2988
7466 3733 4072
8765 2783 977
745 5402 3322
7527 3805 1729
8413 531 3439
6299 5437 1025
5862 6747 3858
298 5617 3051
3326 4825 1590
5140 3997 2970
6528 5562 493
2282 6947 3964
1337 5214 1985
4508 5148 2748
7875 4446 57
4830 4173 4736
2609 7879 682
1101 732 4199
3214 7894 4637
1021 8687 3711
9422 9161 312
4306 1085 4254
6719 5971 3508
7509 3293 4490
5960 7049 2462
8519 8963 464
398 1933 1148
5324 3966 287
5603 3570 1531
1803 5829 4894
6275 3202 3407
471 4798 4
2123 4680 2851
1394 7898 696
9706 4870 4666
4503 5210 1077
8225 3867 639
5393 3749 1968
8228 9740 3369
182 1712 265
6140 2846 4503
2052 3071 3602
5291 3287 2261
9279 5325 4244
7913 5831 3404
7639 5060 2528
3559 6600 1705
2575 2950 2634
357 3678 1184
4739 6496 3707
7826 8395 1018
8190 3682 1031
2060 6514 3016
7808 1328 652
4845 1281 4224
7931 3410 2422
8105 7462 3817
8443 5028 1241
6228 5153 4753
7562 9858 4256
5071 3719 3105
2886 562 566
7824 1602 924
1222 4201 1527
4048 939 4580
1136 9120 1876
7379 2382 3113
987 3830 2484
6547 3219 1015
7422 8436 23
2972 4059 3310
8039 3971 4848
6952 3636 3568
9490 9494 3502
9962 2001 3614
9031 7368 297
281 1667 3747
4367 5453 1659
8812 8699 1993
2160 2485 761
7761 5061 2
2523 8340 1196
3997 1257 3302
4390 4063 230
3615 5760 4693
968 1277 4509
1172 8408 602
257 2606 1019
820 5725 495
2984 5249 2033
9090 1151 1353
146 5024 2341
6828 9339 3585
9870 5808 2689
4033 6510 3241
5504 4260 2896
5288 2736 553
8681 150 4481
5151 9500 2780
4840 4348 4276
7110 3866 2441
8883 7922 517
8398 3641 1483
9721 5445 286
6443 420 4362
1753 781 4788
8209 5098 2671
2883 7820 3396
1436 9900 4435
8785 159 1423
4301 2539 3954
4369 3503 2246
1284 8612 2173
2068 4387 1787
5312 314 2115
8388 1818 2390
8915 5738 1904
9823 6502 4175
3241 1344 4498
5989 9691 1388
4581 3941 2287
7625 3648 3991
2150 5233 3681
7274 3220 146
7167 3811 4514
6121 5950 3126
1115 9627 333
8844 935 3169
3841 5022 1319
5613 8980 3882
9912 7682 3596
2660 6171 1471
5617 8026 3405
2544 2165 4649
8187 8218 1332
4573 8401 4965
1493 9013 1127
4919 5294 2970
3721 7273 1407
4604 2522 319
909 9981 1345
9804 9814 3387
9946 5650 1277
8817 96 4094
612 7905 3754
1129 8530 4291
1507 5581 4341
5163 8901 1348
2420 7534 4814
3375 5925 3263
2345 5488 2933
9673 1529 3452
5430 5070 1569
4298 6662 3789
944 8040 1878
8302 9952 1683
9398 1560 752
2464 8382 755
1701 318 902
9180 525 710
3828 8390 334
5931 2330 128
6809 3173 2786
8116 2260 2231
4054 4810 2203
515 4144 4399
9216 490 1461
1460 7375 3648
2887 978 3746
4626 4908 3953
2137 2293 3883
7127 4233 2031
9382 1076 913
7739 2956 1363
9191 3796 3653
5342 1960 4744
8754 2206 4180
7379 129 2088
8661 5371 4897
5687 9949 1631
8633 9242 4080
9036 7809 1239
6144 1720 4984
7091 9505 3967
1204 6544 4331
7304 8130 2818
4341 1940 703
8449 4824 4087
6493 2736 4854
7252 4246 4695
4126 7340 762
6655 1916 3957
1310 2 1466
7180 7041 2013
244 9668 413
1824 5878 3995
3697 166 2416
5875 2425 1539
1348 9650 820
3292 4198 1721
7978 5137 3968
4750 6711 4016
6146 6219 2613
4917 2389 502
9893 8762 3272
6189 6417 2336
5638 991 3600
593 8106 1611
1856 8412 516
5023 4392 1335
1173 426 1303
6 9645 308
1476 6492 3878
4712 5019 1718
6236 1466 1846
5326 3253 4280
5282 8398 1044
4846 211 3530
8525 5589 4547
9201 9473 1708
8521 1465 1658
5474 2290 2077
6567 3013 2232
7200 668 1521
1097 7885 3675
948 2104 2715
3314 8931 1961
6994 9513 4078
7393 9707 819
277 9795 4941
2959 2171 73
9198 9863 3232
9376 5970 4160
2650 5957 515
7729 4615 858
4355 6057 2996
9349 2774 2926
3133 4885 3414
155 5465 4434
1621 1547 4842
5149 2270 1818
6750 1774 1948
8047 7192 2591
3957 4885 1500
4217 5762 678
2431 5849 2046
6218 8745 2820
8965 6933 2194
3247 3153 938
1949 4386 3059
9897 3576 4726
2327 952 4059
7833 1014 4321
3226 9839 2985
4522 98 3537
4046 5286 799
6147 474 4161
5093 1493 2064
5983 4153 4571
3102 857 1616
8846 7142 506
6934 5316 3065
1434 2328 4389
1920 2152 568
8646 4454 473
7971 6362 3322
8106 4090 4668
517 4786 4685
223 7335 4484
2897 5001 1798
3179 6579 1024
6594 30 3484
3265 1021 1432
5920 9046 1951
6356 6264 4504
2449 4660 463
6323 3437 4243
3792 4681 3558
6945 1085 882
8016 4696 2959
3724 8606 3620
6616 7552 4664
8568 9737 3695
6724 4961 2322
3392 3780 723
2721 5135 2260
8008 6143 3118
291 9039 190
339 7428 1839
7700 6486 1386
2964 4648 1007
5034 1186 4416
1722 892 1208
5151 278 4042
8773 5251 1541
7197 3519 1953
5341 78 1495
207 7073 3905
2510 3296 4488
2157 7431 4333
1721 4173 3408
9782 6352 4003
6181 7690 655
4891 9301 4313
4014 9036 3256
5034 9029 4477
7744 8531 4154
7892 3211 4149
1059 2555 4644
4368 6153 3013
8032 6827 282
2222 4476 4840
1557 2084 2526
6692 9271 180
2680 6004 4922
6247 8762 717
7112 6974 2478
156 1322 3990
4375 8973 4806
941 9727 337
1888 3586 196
3021 9164 3967
8339 3704 1611
2636 1005 3492
7190 1420 2520
6991 7862 505
3147 1529 1088
8372 6727 4889
1387 4074 1162
2001 4584 4056
5603 2716 2833
2973 8392 2479
3708 8803 3498
3198 3036 1169
2737 1162 3948
945 5722 395
7243 5460 3775
9056 128 2187
7911 9238 4847
4442 1056 1301
6184 4375 1047
9124 8556 3595
9291 7406 423
6018 3864 1175
6892 8420 3153
6791 7611 4892
994 1800 3395
8457 6328 868
8908 1632 2190
7668 6218 1129
2219 2752 710
4262 7432 646
1687 9429 2933
2116 6701 3252
5701 3073 1647
424 6428 3605
7412 3586 2646
4658 4207 3900
5441 5816 3467
8461 2241 2687
4252 2577 3838
7936 2040 4608
5473 5132 638
7059 8733 3825
7974 663 131
1042 9116 2239
8936 4598 2930
7049 4808 4229
590 3665 3027
6614 7172 3477
1894 1211 2833
6824 4662 456
5191 8814 4033
3469 5091 1466
2658 2952 2944
3100 8769 3206
1883 8684 1015
7294 4037 997
4122 3720 423
572 2847 412
6564 8359 625
9068 3544 3506
9883 1957 1062
4100 8500 3771
1631 4012 4039
3519 9198 4452
8019 2517 2051
751 520 1130
4888 3961 1269
4211 98 2810
596 4357 4715
1415 1628 2044
8723 777 4443
1175 9104 650
3803 7745 4685
7645 2452 2301
1125 7351 2086
2992 2123 3392
5194 4141 4585
8762 5627 927
877 1749 9
2068 1038 933
3612 3326 2204
666 7378 4143
1034 4331 1469
7039 6504 2027
2816 8049 2573
9285 3073 2166
8405 7763 2625
5975 3923 2669
5620 8120 4420
7330 9532 4791
7139 3983 1303
3847 8546 3583
6989 4926 1409
9357 7480 2138
2548 2537 2300
5092 1468 3633
5737 3392 4896
6953 7907 3822
5931 3597 3382
2268 1952 64
2321 7947 1868
5494 9027 517
989 7222 4852
988 2448 2404
7937 6048 3351
7818 90 3844
7924 595 1516
1117 4304 3948
4249 5911 2588
562 1313 2234
9058 2297 1682
4507 7312 4970
9240 3674 1007
8742 4414 2731
7223 5312 2315
3085 1427 3672
917 7035 4058
9105 3229 3168
7948 6970 139
6418 9369 3514
8518 7456 4710
2063 8466 3129
3963 837 4377
2803 5273 1815
576 305 2876
4355 3616 520
6191 7289 61
4414 820 2168
9219 2342 1362
2691 4139 392
7141 7124 3443
335 6634 2071
735 6165 2162
6276 2627 3817
8632 9085 3484
6669 3297 4227
179 72 1672
3206 1702 1581
7724 6016 4352
7488 8260 391
7554 7414 3173
7283 7215 2884
8845 3945 902
3353 1514 1184
9639 8008 4182
5924 5502 1249
9464 7007 2168
8603 3560 4825
9003 8274 3344
2047 1866 1677
9650 5856 2644
4452 3769 2349
934 5321 2194
1288 6588 1513
5314 5890 4533
919 8384 588
8117 8274 3284
9785 7953 3909
2445 8967 4371
7474 3682 3539
453 5963 864
1257 30 1643
5795 3470 2922
9210 3856 2683
2185 5296 4110
1001 857 215
9286 7093 1585
1399 8621 338
519 9384 4355
6622 3983 1618
1267 6634 3195
5680 3686 3708
3573 5200 414
1496 535 1717
8508 687 92
6543 1559 4893
5490 8204 3886
3264 119 1022
9869 2954 2453
4548 2010 4576
2566 3909 2288
8729 2817 1246
2832 4852 3782
1373 5710 2671
1957 5222 766
5528 2603 4203
5904 4653 4574
9500 5812 4282
7211 1530 729
6709 9972 254
2066 1920 1793
8557 6932 4446
6492 1145 845
8898 3838 4628
5016 8187 2626
2382 8033 820
2363 9519 65
4598 2589 2351
276 8564 1434
8156 4664 3131
1724 8667 1001
6947 5096 2437
3832 3381 3881
3306 396 4975
820 546 4839
525 6549 1426
9821 1360 1854
9973 769 2125
1637 216 2304
864 6398 1901
3552 1853 2300
7641 6462 4071
3319 320 405
1699 6651 2383
6270 1221 612
5134 9200 2913
3469 636 4254
6859 7628 2057
6409 3985 636
9425 4777 2813
2547 3265 3510
2101 1717 4978
144 3120 3357
1223 6365 2744
4401 3676 4164
4850 4152 986
2113 7134 1845
2661 6851 1490
3779 7838 3416
3357 4413 2677
9231 6383 1339
7101 3350 3036
3393 5450 1027
2747 7488 3753
4289 8627 307
7940 6974 3242
6764 763 4639
6672 5231 2510
5815 9391 1360
5214 4368 2328
9439 5531 568
7421 7062 2434
2726 4873 4822
3940 2993 3935
3928 9063 2105
8704 8929 3886
6868 1216 53
926 5176 2050
8814 2325 3880
680 6850 4891
634 9065 3760
1831 3472 735
7561 2556 4178
5653 8394 448
2492 14 4257
2596 773 3298
4789 6341 190
2125 8638 4249
3215 6701 4240
5909 7939 4376
6726 619 733
5676 8569 66
4194 4002 1763
9994 8734 4509
1365 8370 3524
9476 6841 3849
5471 87 2441
4910 6905 2211
3430 840 4045
8146 2982 385
7650 8395 390
3069 8931 1287
7525 3681 4642
8725 751 4740
8767 8375 4735
5447 3695 3928
7503 5067 3659
6391 3394 209
4724 5561 589
603 5938 4391
3553 7976 4510
5086 9839 4201
7031 667 499
6143 4903 1144
5894 1167 4347
8404 7131 4250
829 5735 2873
287 8055 3857
8354 8842 2150
3722 9507 4688
6057 356 4967
1663 8727 653
4741 8656 1754
5398 728 1387
6952 5790 1266
8680 7843 4688
577 5256 3674
3638 78 3668
7240 7990 4584
1801 791 4360
9017 1747 2006
659 6085 3595
5578 4421 824
325 152 1652
1604 6764 4794
9922 6387 1280
1260 3350 4698
2883 3224 4354
1964 6587 2963
1385 4245 1083
4114 3476 1208
9915 4506 1307
2502 8575 2513
151 6973 2401
5418 3374 1916
8942 5008 2951
2656 4896 3681
9951 4291 876
9881 7605 1657
5463 7304 883
8790 8907 1477
8500 6077 1685
3841 2275 1656
1679 9997 2850
2012 2586 806
5401 4415 4351
7216 8870 4973
7966 690 4297
7285 5103 3157
7995 4313 486
153 6225 891
4398 3546 2596
6220 4057 525
409 8804 1255
3862 2990 581
1792 1993 2736
251 8502 1530
4836 8365 3438
1471 1612 2433
1285 6710 1783
5882 5489 2822
7932 8253 4298
4449 1424 2311
5687 7487 2346
7849 3963 2818
5643 9185 3744
8665 5232 4085
6321 7852 640
6330 3693 2485
4371 8184 3763
9221 9072 3663
3850 3270 676
1353 9404 3606
5656 7349 3021
4083 1021 2403
5331 3278 3823
858 8160 2218
8151 1608 1741
1243 4154 1780
9480 6744 4653
2472 6722 694
9297 2093 4312
2774 7629 4943
3800 617 3621
6075 741 2141
7230 5464 3821
978 9262 3593
4995 2013 2152
2036 8113 2523
5316 506 800
1612 5457 4916
5848 4058 589
9002 6087 3956
1195 9760 3635
5238 1419 3289
4370 4133 3663
8706 5346 4483
9377 4969 2082
3217 7572 3104
2562 1366 178
8426 9283 3999
4287 9063 2909
5080 2740 363
8196 4882 4594
1952 3835 4689
5470 1778 4964
207 4607 4020
7289 2015 4187
7088 7779 1857
72 8547 2938
6330 2875 3101
2934 3694 1475
4382 1416 2913
1450 3953 2322
675 1364 3792
4491 9935 3786
1672 3348 3548
4246 1266 1051
5258 4402 968
8514 9662 2798
296 8560 928
6532 4428 4527
7865 7757 1654
9778 7798 4599
6239 5149 836
7381 9423 1706
9167 5806 1139
5942 2359 3769
4808 7422 88
4599 6221 2695
7397 1485 3746
3684 7227 3750
1096 5902 3716
8765 7248 1461
9336 3800 18
6407 74 4416
9354 9101 671
2904 286 4893
3106 8282 1385
9485 6914 1704
6134 5123 1899
2795 5456 4119
7937 8974 4279
8138 243 1127
2187 1096 1153
4343 4191 3379
5101 1686 3478
1817 6231 3126
4387 5537 4657
5112 8292 1705
481 7809 2250
1455 3529 4783
9622 1926 2418
5796 4255 1062
2392 8353 4773
7726 4349 1728
4212 7930 3283
2527 9695 3481
1592 1176 3606
1952 3889 3201
714 9072 1591
8474 9685 1042
1120 7127 3507
2530 2119 2278
1188 6241 3041
6644 7778 1623
8320 7030 4531
195 5350 3573
1088 134 3122
2701 2043 3773
5405 6862 1522
6993 9831 1208
3383 3658 4577
3591 4036 537
2425 5015 3428
7916 6145 4085
8145 3176 3589
9431 8802 4536
9695 326 22
8248 4990 1718
8409 4560 4600
6116 1927 3020
9976 6187 4869
9032 1687 1722
2152 2732 527
2761 4670 4663
5917 4487 1598
2715 9559 4650
403 3072 1251
5472 3502 3448
1767 5107 2283
3644 8570 72
5640 1160 2636
8267 9709 2708
2977 7345 3945
8462 3611 2394
1008 4712 3353
6860 5762 462
4691 7116 2015
8423 2853 4343
2912 3761 1381
6765 6812 4394
635 8983 3104
6414 3297 673
5855 2598 3983
1606 7266 3621
6756 7439 2360
7088 6389 1384
629 3147 2756
6725 6213 506
9249 4324 2237
6269 8057 4455
9531 6060 2851
801 819 2093
7797 6767 1241
6696 2186 2992
7351 8652 3986
6667 1982 3080
9113 2397 4662
6647 9188 4568
1257 9246 1154
8916 1094 27
8292 7366 879
7995 6502 4456
2520 1894 2861
6483 5263 4191
8971 6203 4509
332 2569 1405
6953 3740 2290
7750 1735 2246
1869 1328 1916
6472 3970 653
8070 7286 3544
2958 6351 41
1575 8531 1887
5890 7797 4595
4520 2035 3760
263 8825 3945
1016 1129 2128
5989 137 3355
5890 9142 43
4654 6468 4632
5230 7753 2694
6021 5209 1468
6215 7160 3574
6490 4170 559
5371 5887 3749
243 9737 572
845 7511 4973
9188 4578 2841
1267 7571 2177
3428 8560 4526
1247 8609 251
4139 726 103
9708 5410 3273
3363 9224 2440
4288 5433 1817
2462 2576 710
8084 8573 2120
1458 5583 706
6598 6742 776
8000 5950 4666
7043 3079 697
3371 6704 2251
3289 9500 3247
3032 1742 4967
8068 6218 2153
863 3185 4955
3776 2397 3831
2057 7231 3066
1084 4651 1202
1558 4168 2695
4699 7208 4271
1048 6975 4328
9704 6579 2916
5729 2412 322
8805 6452 1462
605 7352 3116
7102 9418 2207
2201 1188 3653
490 187 427
1539 8914 4343
9269 4488 3783
5662 7377 4596
6498 2660 517
8291 393 4336
1786 6699 1955
6436 613 1403
109 9396 3353
2050 8993 3462
9074 7014 410
4201 4486 31
9862 9824 4813
8138 5733 3694
1021 7102 957
9176 6143 792
6200 8362 4109
6851 2875 387
5046 3481 3705
8423 8447 739
5187 8688 772
4837 1062 158
8829 8984 1528
6365 5260 1164
5930 7303 2937
6934 9779 294
7273 9012 1399
3248 9341 2170
4913 8686 389
4196 8694 3925
3469 4466 96
5161 7465 551
7622 8578 2796
7453 5601 1672
9654 4271 3297
3275 4701 1604
1040 6044 1470
169 8989 1528
5965 8344 409
2155 9669 4542
2303 5425 719
6868 2749 4384
1356 6463 3730
3047 7289 3081
6535 4511 578
89 814 592
2195 8302 1911
4337 4449 1355
1015 7970 1913
1091 380 4171
3560 7946 165
8734 108 2775
3400 8119 4042
9442 8741 2621
1063 9998 3237
5879 2496 4424
4824 5080 2714
4724 998 3133
4490 8005 3837
7143 8865 4987
7700 9656 4674
956 3481 1209
3601 8614 2448
9160 1884 4738
5325 241 156
156 1621 3005
9317 6352 4888
3393 5788 2194
1360 9613 4150
9361 3439 1434
687 9824 4568
9458 9744 2025
6985 5299 4844
5365 5174 1379
3835 6157 3449
2817 6667 2126
3265 7347 3712
1208 5190 3735
8775 9645 4671
3776 8136 377
3194 8665 3910
2298 6404 1097
2028 7635 4131
8524 2742 4954
3384 1224 2207
5055 9167 3684
9925 5107 3833
6397 9831 1965
2305 5407 3849
2985 6203 402
4637 4659 4999
500 2218 2881
2451 2075 4325
667 3755 4797
571 9300 4597
9073 21 1274
5604 3853 3009
2357 4083 2525
9059 4671 3626
1612 2401 2136
4944 9520 3960
7913 8838 4073
2892 7088 4203
5867 6731 2591
5979 234 2941
2188 8497 2292
3883 159 2455
4834 3997 2474
2458 4510 3430
4345 5895 1302
2585 647 1867
4723 9186 344
5784 4077 2022
1678 8770 3067
4822 3977 4019
8780 3034 3481
2805 5248 4625
4921 5612 4361
3104 8820 2731
3043 1454 2424
9892 5730 3742
5470 7814 3221
8083 6538 200
2832 4642 2307
825 1250 879
4729 3178 1468
790 5203 2222
8617 8417 39
3665 7816 1345
1722 8063 4545
8539 7182 4577
5096 4868 632
5749 782 3000
6579 9138 1132
9121 6406 425
7790 4118 4375
5438 3069 4644
8353 6154 3773
6014 5466 2339
2310 2604 4437
3941 9285 1398
5069 7996 1513
342 8723 748
7659 2595 4063
6008 5724 1111
6142 8292 4613
3649 9682 2543
2826 5629 4676
6325 2995 1879
7323 4802 843
1389 1714 1481
1780 4052 4643
5214 1917 893
6561 7764 1652
7241 4284 4950
8125 7061 1445
2803 732 1435
1554 5440 2202
5007 2114 1985
8704 9956 1920
4374 7279 2717
8837 4441 1688
7629 4578 28
2055 7990 4460
269 6221 1038
348 9839 1157
2690 7218 2759
1650 5932 4559
5534 5882 1226
3579 879 2120
5785 1789 2062
2643 4910 3318
9372 7139 1712
7858 1574 305
9498 9587 4996
6563 4461 737
2747 4205 4806
5982 6366 4415
8792 1211 4882
1040 2014 875
2301 9505 634
9683 7368 2183
2378 7016 2216
1887 1159 727
7406 2233 1703
4159 6936 3204
265 3821 4267
99 9307 236
2004 3845 822
8106 1733 4279
7838 1472 4348
912 3785 3408
3418 1217 1841
4337 7359 4970
2504 1741 4688
704 3619 1190
8465 8075 927
7882 1314 4195
5122 6375 273
6225 7718 943
4497 8722 4295
1094 5976 1907
3009 521 836
483 7680 1879
5941 5841 4213
3200 1262 199
7150 2460 697
2636 8403 4109
9758 1842 3382
9685 4903 297
4125 9351 3079
3936 6775 2726
379 8853 4104
2579 107 1695
1606 1891 4514
6909 149 4947
1014 9516 921
6622 6389 3163
7102 5597 454
9136 5999 3314
2333 4129 2683
5506 5515 1611
8479 1432 421
593 4377 1257
9314 8309 2971
6508 5169 4498
5902 1547 2001
7755 7939 1317
8022 5310 2074
5813 8593 659
4628 3765 52
2389 3157 2349
5718 9970 4856
9318 2550 3975
4465 6578 3463
2811 1707 3354
7794 8745 2598
5807 5399 3657
6842 94 2704
8265 7755 4531
1889 7421 3179
3495 9929 69
2503 9897 3200
4508 551 4222
2071 1550 4175
4582 9384 3028
8758 609 3306
4421 5476 4891
9580 7009 1899
1522 8744 4298
8016 1877 4349
7748 9764 4335
8379 2918 1563
5695 1850 4822
7158 322 4664
6079 8290 3182
994 5453 137
5468 5807 4133
1554 4903 3742
9473 1704 1274
3013 6052 941
5481 7817 2791
3562 8384 340
9582 1895 2950
8841 8429 2209
9316 1014 1085
8642 9666 784
996 4208 817
1789 759 4908
7617 9979 1396
9626 3237 3223
2606 5238 4586
4904 525 2394
287 9506 1661
4071 7206 1682
2859 6276 275
9104 168 4163
2892 8775 3620
2963 3308 4392
9116 6041 3297
5406 6615 3437
6029 4858 4346
6949 2263 488
2118 6221 1781
6223 9932 2754
8494 642 99
196 4140 4510
9808 1501 3332
9140 5834 4519
5066 1024 3406
5687 1897 675
7102 3213 1651
1664 9234 3801
4020 3709 395
8302 6587 4174
3956 7911 4040
7242 837 2457
3061 5732 998
9308 9634 2804
2857 9570 434
3897 444 3418
9947 5977 3450
4863 6040 4916
8083 4998 929
5119 5302 868
8672 8052 1789
6475 5964 879
6118 8405 2845
4650 3907 2391
5516 9566 1456
218 2522 869
4024 4800 4563
2491 902 1417
4592 6897 1787
3236 8201 1949
2961 8414 477
3004 9050 3829
3479 5299 1902
9844 4194 1008
1730 7247 1928
7213 1207 3779
8915 5000 2959
8538 8031 2813
9017 6281 1450
9111 5368 3887
4442 3193 1728
1561 1809 3399
4582 7347 4387
9708 6543 554
929 5478 1539
6981 347 4006
4652 3113 1947
9463 8884 4786
9263 8749 308
88 7653 2828
794 4902 1947
3651 1586 2999
9301 9399 4512
8199 7785 50
4358 6654 1046
8749 1093 2702
9886 4095 1746
6190 8265 4126
3588 745 939
1774 6723 62
6768 4582 684
6296 6337 4180
1333 4033 2815
8006 7015 1957
1172 1863 4653
7214 9651 1394
1962 8249 2026
1409 6670 308
8322 8793 3818
4921 5890 1978
5663 1362 4284
7378 9059 3490
3510 8504 2774
8772 4683 3731
7565 2274 3295
7410 9515 2825
720 3557 2627
5652 8402 4592
686 5535 1790
3195 2661 2612
5466 8120 2847
9980 7862 2554
8951 8916 3978
6431 9845 3635
707 5012 1504
2930 654 1314
4969 4596 2741
8560 888 1404
3614 8047 278
2132 4408 249
2376 4255 921
8323 7912 4697
8822 7927 4138
5327 9653 1248
8590 6392 4572
7119 8084 942
4166 9412 641
7069 9595 3232
9124 250 727
5967 9411 4559
9151 5345 824
50 1154 836
8751 4444 1221
5901 3025 3474
4558 318 2579
1195 7951 2726
8488 9230 1109
1136 9998 830
7775 6003 4742
5868 2431 884
4613 6417 1238
842 9958 4079
5621 9899 837
7280 7807 3347
6882 5093 309
851 7279 1067
505 3426 1370
2500 5609 4415
6066 7313 1264
8715 2568 4213
5242 7960 843
2309 1886 2764
7687 8701 2889
6089 832 2500
8645 6457 4497
862 4760 4468
7442 5576 198
9963 4763 1077
1774 6314 4744
2839 1170 3736
7731 6317 3705
9873 7211 4020
1367 7923 2695
9870 3878 268
455 6261 985
7467 8152 4395
9988 4601 2505
4181 6042 715
7890 596 1799
1001 3318 3200
8359 7959 1827
4011 9775 623
1750 5447 4547
4137 3331 358
1869 3781 516
3997 4582 4530
7820 4675 1479
2140 8078 2232
9564 9962 1766
5360 2376 2465
1919 4755 1866
9654 8576 2217
312 1907 201
4997 9166 4265
165 7408 2502
4402 8685 4099
903 1832 1470
7540 6926 1904
7365 8238 3201
2831 9057 1281
5196 477 2443
2244 4444 569
5008 5821 1490
9553 9336 4818
9561 1369 2087
3077 125 496
4414 506 3340
3076 8553 4474
6823 9679 4141
5050 7230 2627
9425 5602 715
8390 6452 2780
6198 1799 2068
354 3094 2673
4459 4311 205
6630 448 169
5519 3482 1505
5840 9134 4846
7697 4859 4395
6548 8094 562
2654 1194 61
6845 8665 1725
6041 7620 3710
4008 9633 3591
9090 3449 2125
1388 3040 3643
854 8523 1987
4792 5796 3908
3473 117 3669
1695 1711 477
2570 5369 1188
9804 6396 2811
7368 3585 4600
7334 3823 1601
4869 1185 3679
2548 148 2896
654 4173 3114
5968 7253 4476
4476 6329 3215
6201 2358 3610
1687 3352 522
2221 4612 389
1772 3757 1498
6498 5641 2010
7300 3860 1853
9260 7360 4377
6017 832 2033
7194 5934 1480
3954 3998 2864
6087 4292 4998
3023 680 4205
6226 7597 2686
571 1922 4971
3909 3206 2488
4981 3528 3525
6066 9216 913
5327 3611 1283
8142 6903 1668
5255 7167 4228
5751 1269 2233
2201 3502 3954
872 4517 4121
5552 6062 827
3120 1694 1817
8671 4192 1813
6696 6236 604
1238 3184 2948
8344 8914 4518
4480 5867 4042
7635 5245 205
2709 9733 3717
5757 8929 4936
120 1009 631
1862 1202 4396
1680 9364 2742
475 5931 1402
8868 5497 4579
9619 3749 358
8762 2559 829
191 7171 4719
1148 657 4146
7839 8091 4815
9061 701 4592
8191 4869 2757
6674 3987 2252
7682 3905 3646
2741 9025 1963
996 601 4696
3443 616 3433
3520 3769 4570
6144 1708 3516
841 2531 1262
2401 7383 2230
2525 1441 3876
9068 2992 3836
7234 1195 471
5828 427 651
9107 3781 1385
5802 5179 743
2495 1332 1677
8942 3530 391
8318 4074 1843
3180 3517 2344
7077 2361 1416
6699 4117 1162
4144 175 278
1727 7920 2287
2772 5935 817
4612 4291 3935
3912 8997 1643
3643 3480 3276
7793 657 3652
6984 2656 4240
293 9738 4752
5677 6679 156
5595 2240 2533
5117 160 4600
4834 8159 3632
1782 290 303
2350 7285 2790
8114 9140 4960
8783 6777 4427
7890 8143 4466
1961 1975 3554
4605 812 1029
5001 8876 1583
8351 9312 3572
6214 5444 1576
6465 7738 3278
3527 813 3658
2692 8883 3708
2118 7627 2911
7453 3548 873
9122 2914 878
3250 1216 1835
4089 9151 3108
977 7358 4659
2577 7994 2322
6620 2258 1304
2690 2217 2682
4420 4936 3075
4040 6596 1602
2227 6213 3369
9260 1681 4923
7902 6340 4660
6440 3227 1608
54 2981 2360
1508 5145 4594
4237 4426 4827
7086 7509 4816
4220 8755 2551
7410 1744 3293
8146 6095 3173
9376 4700 4181
5940 6980 2509
9189 4095 160
9733 8303 4126
9830 887 4508
1335 5344 2615
854 6216 2405
966 3297 1764
5810 6284 1341
7006 4616 390
8726 5778 4665
5569 5227 742
4899 9839 3003
7454 2264 1302
9197 1642 3102
567 5316 3437
749 5314 1143
6295 7335 652
6823 9688 3775
7506 9041 580
9767 8143 3196
7461 3600 998
4990 8990 759
2554 4338 4008
9681 6111 3490
661 5313 147
2532 758 3247
5510 1034 2583
7413 2285 206
2944 4121 928
447 5744 1759
6187 2468 3543
3326 9712 3186
4067 9138 2668
7049 9848 357
5938 3463 3094
2522 5662 3387
6508 6059 2306
8549 1726 4809
888 1786 885
7845 805 3878
8713 2056 860
1752 7818 3444
4478 3938 4821
9719 7107 267
6489 7672 2926
2282 4326 3805
5922 338 3938
1148 2859 3654
2736 5802 4456
8945 7800 878
3973 2236 1425
8418 7764 2897
4098 2468 4229
9505 435 187
6074 6476 3839
4962 1123 4254
2339 9219 2452
3390 641 2682
610 4563 2224
8848 3337 4637
1070 7719 1557
730 359 4585
6444 5304 3960
8948 7603 4730
8060 864 2289
1585 5176 3880
4149 2173 4719
4338 3361 1211
1244 5858 4973
6899 6867 4400
2392 9291 1497
7922 3470 420
7913 4082 1963
7344 516 3966
3446 4622 4584
5299 6850 3953
5436 8775 2520
9285 9735 30
923 9689 3913
4206 9683 4842
3596 7228 2831
7328 9258 1277
8059 938 4144
6125 6032 1564
1241 6234 3229
5703 925 2385
3755 4880 2216
8837 4763 3283
7140 1813 880
7290 7554 731
6674 2480 1940
913 3005 2303
8364 2542 4692
8227 1521 1736
2995 723 1052
8089 2406 2928
7866 5510 1356
2971 6689 1451
5123 5188 2421
8702 3654 970
5186 2837 1145
9326 3520 307
1805 1570 4003
9825 6275 4389
5928 1581 2452
5722 985 4484
5855 4329 638
2294 4748 4487
7055 7094 4591
869 954 895
5563 6547 1938
1888 4380 1736
7565 7564 151
1683 5033 1771
8400 9711 1297
236 4962 2417
6611 3324 2612
8777 5459 1048
1488 1470 428
2008 8097 4928
9604 2753 450
7522 7843 316
5754 8010 3918
2419 7688 3065
3136 3593 1762
5427 6879 2990
7392 3197 1249
9633 5002 3196
470 1991 1228
8400 8767 2133
5602 3025 4836
6386 9534 1893
3709 8200 2149
8169 2948 3496
9601 7846 405
7760 2976 3757
172 8944 3976
3953 3361 1537
8757 1371 3081
9946 7813 2927
976 7339 4596
3750 8417 4315
6850 5655 2850
9176 9951 940
3360 5372 2454
6523 6610 2817
2417 2277 4257
9298 7535 2801
3671 4057 3312
9194 9104 3476
1009 1092 385
2680 5561 3262
9723 8620 1367
9636 7186 3470
9362 9967 3636
1463 4640 3554
8466 9407 4382
9996 6467 1611
2128 7646 3790
5523 4441 134
5378 6040 2938
654 8920 1588
4291 9006 2257
46 3406 3245
2080 9071 4899
5327 5300 2313
5091 4259 3954
9268 2052 4355
9803 7889 53
9461 2748 3307
8554 9289 4334
2043 2343 740
1643 8842 2598
9177 8754 2731
3585 3373 4932
2673 9731 3030
7179 8865 3168
5681 292 4919
5652 2145 2616
6447 3485 493
8665 88 405
580 602 1951
8960 1798 208
7413 4470 901
2848 7102 393
148 1466 436
3660 1207 1137
8624 761 3656
2329 9737 5000
4973 4608 3700
4175 6261 1323
2904 6646 3169
4661 576 4083
6318 3971 4465
6382 3653 717
8368 6558 1864
4182 5491 2984
5147 4965 3863
198 6814 287
8097 8195 442
5998 5092 38
7242 1846 1381
9690 8564 4866
7976 9282 72
1791 1321 4021
6985 2354 669
5496 8221 4210
7685 3822 682
4523 5248 331
3793 4072 896
6070 2207 1727
5969 2773 2654
3220 2975 1213
565 9077 749
3034 8149 2556
9935 9748 1976
9736 1286 4921
854 113 793
1522 2140 4199
4407 886 807
8119 2298 1822
4264 4267 3221
8170 7975 4704
5984 2683 3257
9007 9639 353
8716 2565 3306
8380 1398 2603
4309 2488 1945
8891 2945 4771
1306 9694 3413
9971 8330 4490
689 4584 4735
1164 9761 4494
1097 7925 30
283 1911 3066
9913 1870 4707
7625 7336 71
7380 4886 2221
3671 4250 3876
8304 2332 709
7643 3542 4555
9271 1888 2324
5951 5996 80
5784 6731 2540
2621 268 1096
4583 4398 3454
4991 2530 4285
5613 9513 3030
2362 5569 1355
9453 3054 2345
2238 848 4635
187 4745 1256
5700 8717 2391
3816 2885 4914
9346 1475 1538
7838 9088 308
7858 8096 1104
2550 4510 2053
1790 4581 3268
3628 3082 1502
7602 8503 4538
4639 5255 1795
411 5359 68
7156 9637 4543
7987 6133 4337
5183 2465 2855
8000 2740 2234
9749 2546 3045
9258 8258 3848
6842 4339 161
707 6467 4695
6971 4198 3575
404 1863 3350
4823 4520 1121
3844 7417 80
1300 4762 570
5533 5988 540
721 5699 905
7224 7988 2692
7698 8439 3092
1360 2501 1947
6103 8200 3705
6204 6269 1304
6450 819 4790
1396 1374 3534
3939 2691 1912
6356 2597 3061
3086 7186 4296
7115 3481 302
7410 996 983
3453 2031 3213
9131 9069 4972
7307 8637 416
4013 4074 1099
3782 1616 3474
5010 9365 2756
8749 6578 2092
9406 1274 4044
600 5273 4497
247 3524 454
7912 1543 2383
6848 671 921
595 5694 4212
7758 2750 2189
4861 1032 719
1300 3970 4692
7905 3807 92
3469 1264 511
6055 1590 4725
6315 8751 687
5091 7034 4783
1867 154 3641
6278 4309 1943
2422 6584 1695
1725 4645 1522
4285 3602 4410
2339 2434 2112
4526 3070 4703
5495 1723 3070
3937 8951 2435
1564 684 1447
5107 491 4925
7881 5132 1505
6471 426 3253
6732 6042 2207
3537 2018 815
3652 33 3360
3914 7229 3929
4824 1023 674
9958 4327 1414
2632 8322 2934
2141 2849 304
5101 3288 1914
136 94 3179
2846 3797 490
5208 490 2208
7202 8887 1143
7694 8018 1607
5030 5659 3795
3289 4642 3473
5183 2393 3545
7877 5116 4904
9050 8464 1987
5543 1479 4921
2045 7372 3623
4045 7646 3531
6644 228 3511
2715 6045 4889
3357 7511 4027
2621 4688 2611
7367 4611 2167
1922 5730 1721
6153 6488 272
8633 6712 362
5014 8364 4894
9428 4161 43
1250 9164 3004
1441 4814 4742
6973 8949 3767
3187 6447 4449
9935 4859 2594
6258 1423 4230
9926 1054 1923
4679 3238 758
6262 7718 3021
5304 496 1707
1753 13 1635
8673 8926 4211
2994 5958 3099
3139 7457 3873
3733 6538 3976
8684 9312 4257
9143 331 792
9597 6724 1339
2824 3332 780
4316 2126 844
1628 2909 2708
3960 4433 85
4485 4276 2219
4809 7 3752
2125 1454 598
2021 2875 2617
9610 6198 3256
7409 9404 2892
6730 1605 1015
3466 3131 2878
3931 715 578
9537 3550 3297
3551 3508 4746
5464 9689 3991
5962 7802 3885
8253 9847 3962
8074 6329 834
2756 7170 3435
5903 1849 2103
9759 2621 2549
1770 119 495
9429 6712 4949
577 319 2229
1390 8387 556
3947 6766 3334
2361 576 3356
6320 6985 714
115 2771 323
1322 1506 3695
4471 5997 929
8272 8703 4796
4017 4322 3660
7511 3627 578
944 1734 648
508 6651 420
46 3787 50
8702 5463 4787
7757 3667 3954
718 6372 943
2877 4561 2684
6019 5776 952
9492 6011 526
3640 2087 1329
2182 6905 3544
5457 700 4932
8862 424 993
7838 876 2908
6840 9322 2418
9810 607 2302
5338 7246 4480
9031 4498 4030
1942 4230 1721
5792 1199 1437
219 765 2283
5640 2029 2588
8332 2889 4483
5066 3627 3211
5405 7110 4152
6061 8985 3184
7910 4206 2169
3744 481 1230
7392 8397 796
1279 7526 2524
5446 7155 885
8491 5441 524
2696 375 3060
4292 614 2197
8323 3240 2558
5735 7584 3483
8819 2160 2816
5014 1104 1832
2768 1191 2326
7014 576 3913
7789 9213 623
9187 4666 1666
9879 3704 3020
7222 8972 2121
7247 6709 2860
38 5574 2439
8190 6156 4062
4328 4371 2758
3502 1341 2016
8195 6834 3932
8525 2066 1634
6997 2916 4053
9207 4454 1210
3321 7794 2426
651 5131 741
7780 1175 3597
5933 7883 1908
2562 2397 4540
3162 7096 901
3234 8531 898
5054 2985 132
879 2146 4476
7910 3983 2332
87 3314 3346
2945 7922 2747
6386 2539 4743
5661 2476 1050
4822 2072 4895
3633 2375 3518
7521 4227 2708
2501 836 4256
2182 6930 209
7933 5701 4868
8424 1735 3654
3572 1233 808
7159 419 650
2091 4717 118
3105 6994 446
3217 6877 66
8846 2309 3853
8477 1820 2865
7276 5869 4295
4538 9565 4601
7790 5849 2908
2614 8554 568
734 9563 1721
1776 9889 1849
8392 9454 3292
3709 5955 3047
3050 3776 767
3731 3949 2719
8469 6870 1442
6587 8307 2839
309 3832 4408
5370 145 2303
4411 9089 3122
801 1737 391
1284 6648 1684
2421 958 10
785 5103 1350
1707 9609 4393
9323 3571 4866
6344 650 4017
3172 3116 925
2997 6027 3435
6423 1178 2167
2492 705 3148
2076 1843 2164
588 2529 2200
9444 9705 4244
8933 9302 2044
4790 2062 867
8116 1863 973
5251 2071 1240
3231 2017 1504
8812 4808 739
5989 3004 3766
7854 6159 2923
5884 9336 1486
5889 4071 1269
4363 2692 2600
4383 7282 2927
9354 5298 3866
6371 2836 2460
9485 2908 4869
8907 6903 866
8544 7488 2687
2733 8501 4598
2947 8468 1011
7294 653 1333
6994 2166 2201
5152 8897 2929
2102 2449 2416
3709 1320 3543
7342 2144 428
8994 3765 4544
8454 8486 2451
7034 1441 167
8531 6684 1401
3005 6662 2626
9977 1296 4911
4613 206 3406
7152 4215 1113
5350 518 3009
5482 6226 1247
9491 7346 2762
6085 9634 1871
3322 9087 2086
1893 9490 3567
2717 1862 4981
8369 5667 980
5566 6111 1550
9093 8413 2361
7073 9382 3698
5718 3908 4279
4804 7605 1792
6317 5584 4665
2807 8091 3526
7060 1042 1005
3303 1668 3921
6326 1987 2699
8209 6842 2998
39 4463 4136
7692 937 4559
7320 2658 4286
4675 698 997
192 7154 3839
6422 4482 2875
4497 545 2934
6973 725 1347
955 1034 4289
7246 3380 1253
8822 5458 3258
5357 9132 511
9983 910 2869
3878 8401 125
5701 3639 2205
6877 5432 233
3312 2485 2398
390 3385 212
7779 167 1852
711 9077 4101
5538 4487 1519
3818 5077 4242
9824 8623 1762
7722 6761 1939
8216 9639 2691
6844 819 4225
8039 3081 3255
5577 4786 4003
7224 4105 3388
974 1340 691
537 9166 2189
3094 9550 438
1386 6923 2033
5813 8489 4075
5775 1707 2098
6466 329 448
2295 5162 1659
316 206 2960
8445 4640 325
3951 4376 2509
9459 1117 4670
5974 4219 27
1893 7392 3777
4801 5873 164
3137 5176 2239
4167 2052 2572
3662 867 2596
8517 1532 1560
5324 6035 907
2947 6785 2260
115 421 4593
9783 3311 4554
7303 5751 2637
8969 6524 4442
996 6432 3326
6956 4519 1611
493 6938 3684
3180 8461 3977
5140 659 1219
7808 8948 3600
3160 6378 1340
1558 9007 2423
8353 1161 3675
7507 4212 2727
5205 8644 2383
9167 9636 974
1346 6870 3104
1717 7923 1973
4512 8074 2388
2919 3040 604
9503 9864 576
4727 3222 804
5876 17 4676
7204 754 3945
1766 734 1260
646 2559 1778
4661 9948 1463
5966 665 3299
1354 8992 1867
292 3781 4177
6788 2847 4495
9527 9176 974
9196 9991 4951
3790 2611 4460
4205 699 451
7586 8395 1137
6791 9937 1705
1223 3550 1397
4231 1713 4829
1597 973 424
2904 2100 2827
9627 1593 3410
3679 3460 2131
5508 3456 2446
3000 1806 156
6126 6048 4438
9839 1778 581
8718 3831 1003
713 3726 442
5846 2442 3707
335 3316 2068
4189 1145 4382
4484 5017 465
4923 3445 4181
119 8137 2907
5883 4476 295
5448 5930 2608
9121 6149 2494
4346 5183 1179
6565 4675 3208
5982 397 3891
2696 3388 747
4090 4466 884
1609 7129 1247
9210 8434 2441
4490 8815 1803
6082 8009 2753
3604 1079 2452
9066 73 4305
1606 830 1312
6574 2121 1916
3771 3406 1162
6690 1356 4861
3989 333 74
2159 698 3651
143 6355 2404
7301 3394 4950
5218 8665 293
383 8915 810
7779 4329 2500
1159 1483 3821
681 7646 1285
3950 386 4440
9768 4833 3301
6645 7157 1281
8411 1191 4812
9731 7556 4190
8501 3096 2834
8355 4496 1570
4513 1522 3847
7095 5626 510
4021 7044 129
2719 9829 658
9887 3529 175
5708 1982 1267
7628 1058 4929
8682 1274 491
9590 8440 2150
4334 6671 2600
2213 4980 4329
9168 2163 3494
5804 2204 1643
4586 3500 476
5021 701 3154
3592 2086 2849
2372 9236 3037
6300 9708 704
233 3209 3021
2617 4679 841
6023 4642 2412
7431 9415 2734
8528 1162 4447
5215 100 941
2680 322 4300
3375 8431 4724
2803 1605 560
6724 3198 2192
8104 254 969
6533 5974 2058
1971 8584 1953
8434 4464 1084
3467 6849 1746
1550 7771 3332
1441 9306 3898
3562 173 914
4993 1151 771
1564 742 2414
9744 8231 4691
115 5409 3374
7747 9880 4493
5500 8263 3368
4251 9920 486
8161 6396 970
8801 5059 429
4432 3046 813
1510 6842 1720
3568 4481 482
2008 7063 3266
4064 3540 789
3764 9809 1710
3608 7776 1589
6588 1244 4058
9439 8950 2399
4292 8730 4760
9890 8241 1662
6089 8885 4010
5049 4401 4314
5571 3295 990
2273 4391 517
8151 6131 878
6846 4783 4598
9992 7589 197
4645 7084 2492
302 882 944
4516 9661 644
3270 4087 3997
821 9309 2197
7633 2716 3243
2283 1803 3175
3869 1107 2771
7676 7566 3451
1430 5769 3786
4722 3641 2867
5363 1769 1840
6252 4220 4906
3927 269 829
6294 4625 3045
2298 9277 3522
7207 2667 2530
3881 4745 4018
515 1334 2536
2809 7371 4695
1624 824 1334
6165 8181 2550
2416 8310 189
6395 6509 4654
535 4453 3373
3931 7106 2326
3400 1005 2111
4471 7658 4984
7041 8162 3742
1539 5176 3614
6320 745 3341
7999 100 145
1484 2852 4504
340 357 1175
4909 3212 567
9113 1369 299
249 8294 1320
5977 3545 1751
5119 3600 3277
5551 4691 3666
200 2925 4606
2019 6658 1508
3834 6285 2717
9308 5466 3484
7571 9392 3919
1036 4564 3568
8399 6085 3681
4397 9455 2464
5521 2681 4247
8916 2598 2617
777 8932 1809
3333 6508 3813
8487 684 4647
2539 2708 3814
3139 5945 2823
8826 7442 4768
7712 7320 1199
8441 8247 3636
2467 5548 3373
9549 3097 3939
4960 6777 4420
6189 4020 4751
8234 4543 297
5951 5174 1721
7968 2956 4127
6100 8624 1772
9310 3923 605
3514 4998 6
4021 6526 371
7760 3268 3988
7552 1296 2803
783 6375 602
3968 8658 411
6279 4425 4888
731 835 1498
8388 8587 9
8076 3234 1564
8865 3737 429
4611 793 2383
8074 9945 2489
1446 6913 909
2524 3718 3339
6091 2672 4421
3244 3181 1868
5341 8067 2614
7345 4180 2403
6061 8838 1321
5770 7425 2198
2809 3658 4061
7399 2984 252
4268 3843 4670
3567 4587 2702
3418 261 1844
6058 1667 4735
4558 6399 4402
7744 8581 3794
1853 3942 2870
467 3989 4277
5998 4388 1734
3210 6945 3222
5804 8468 590
9993 4032 1403
19 9902 3193
7086 7437 1479
1625 6961 1395
5120 7040 4521
5574 7322 4401
8767 4219 1727
4892 7495 2693
9173 5790 61
8981 800 4169
7029 1047 317
5121 7646 1241
6807 5352 1193
8255 4201 3237
1305 5327 4775
6481 5255 2464
3731 9414 984
341 5784 673
40 7025 2992
6824 8463 4420
6205 7198 2010
8549 2263 1372
6330 5459 2919
9250 9741 4989
3449 3444 866
2184 4032 989
5826 2921 2005
146 354 2759
1374 6957 3362
5800 2360 1709
4852 3818 556
9339 4511 3090
5564 7457 2393
8470 1108 3437
4770 8325 2491
6473 3054 2205
3599 1943 2410
3269 5432 3564
231 3934 2066
1227 1144 2246
7039 2978 2888
9392 5446 2283
1668 2437 4106
437 9875 2260
3222 129 2784
5235 3478 2264
1001 491 4860
5002 6751 3719
4677 8616 130
4499 1742 724
4963 5217 3742
6032 3481 1818
9706 5407 531
5854 7455 2210
7009 271 3407
7602 8228 212
8874 3125 764
3032 4204 3559
5857 3241 28
7974 2522 1432
9609 9350 2973
5498 2394 564
5148 7307 1407
3819 1620 2119
9141 9019 4757
7258 5525 2991
5999 9328 3401
8294 4269 965
3094 9077 4653
2127 8627 4481
9107 7626 2750
6308 9699 4999
241 9087 2569
6428 9869 1045
829 2517 4362
3183 5616 1095
8319 7380 3089
7876 5388 3122
7086 7733 1776
1657 6059 4451
4402 2044 3819
1633 4493 3807
6245 9129 2628
1324 9795 4882
127 7632 3259
5911 1964 3068
2324 419 1740
5384 532 4159
3614 6459 4309
6708 470 3558
7747 8638 2228
5081 9630 3410
4285 1403 1005
3900 6009 4351
9668 2746 3959
98 356 3115
9773 9160 1232
1417 9827 1277
9946 957 1246
4671 5197 250
7203 6253 1475
4779 8708 3308
4433 4309 4707
9690 8849 868
5687 9613 2799
1609 7491 3948
4417 4028 2339
847 2324 651
8067 1019 1391
292 6797 1805
4385 8471 1665
2768 3651 2505
8393 6943 1599
4342 1413 2997
2666 1659 1719
9140 6900 3932
5113 1553 3605
1866 4157 2487
8443 5768 65
7623 1088 2001
9186 4097 2732
6445 8538 2304
5915 9087 3102
1452 7046 1310
4575 8243 2247
3593 9029 4177
3565 3801 339
4112 4675 4628
8945 1108 4280
5219 8465 923
2323 3497 4184
6419 7453 1798
9723 7568 4911
6316 442 218
8626 6847 3
7972 8589 271
4756 9390 4768
589 3582 1707
2667 6248 1608
1681 2922 2723
1691 7671 3587
6962 9781 4350
3396 6663 3886
1969 3921 4724
310 9063 4552
5904 918 4264
5339 4222 1256
4524 701 983
2419 8273 1415
7895 3149 712
6027 4796 1223
1433 2146 2928
8443 8709 3826
836 6643 2650
7583 862 1481
4256 4368 3002
2456 921 4776
8644 2030 2418
8455 1918 4525
6099 4844 4400
807 5993 94
770 8485 2755
1516 7070 4114
6118 250 2607
2268 9371 2003
5447 4180 1023
366 7424 1832
7319 2453 437
8656 8351 1043
2978 5830 3663
4349 6380 2568
4546 4145 4298
647 7057 1624
4311 4845 3235
8400 658 1336
3903 4765 206
8006 372 1479
6735 7177 1105
7033 678 887
8240 8753 76
3849 8579 955
4766 5171 106
9883 8093 106
7539 8618 1184
4785 9033 668
4848 9344 2399
4625 1541 597
1935 6513 2146
9259 6772 2050
9700 4597 4470
9481 7683 339
9823 6816 2486
9434 6222 2641
4252 6117 441
901 345 4152
385 8015 1985
6027 738 755
5412 3580 2268
8652 4653 1145
9546 9149 540
5001 9200 4771
8130 8605 1852
9628 420 25
9530 450 3791
1870 7387 276
2070 9848 205
2903 8437 311
1879 3664 1993
2185 7815 4269
244 9970 937
1429 9299 893
4886 8380 4539
3088 7590 4001
3343 5714 3479
8144 1158 2416
9910 5561 2765
6668 9004 1500
1306 15 3376
9983 854 4390
8876 4893 215
3253 8915 4053
5228 3410 2973
9345 6201 3090
2496 3202 2585
5002 6345 3652
5839 3587 4425
3338 7224 4080
9729 2133 4648
5454 7759 2356
599 5367 3669
9542 3125 3751
6317 84 1209
9164 8884 3062
6022 2306 4828
8374 332 330
2080 4184 3229
1063 4743 620
2398 2094 2783
9166 126 2088
8322 4309 4643
5889 1860 938
48 5930 2986
9549 6460 3989
2189 8503 3918
8765 4236 637
8673 5933 3186
7574 8699 4214
6642 3525 1428
1755 6345 1375
3494 9591 1117
6889 5795 4019
3027 4136 2100
4222 3107 4166
876 7240 3647
4617 4275 1482
1368 4818 4894
5449 734 2518
7385 9906 2121
7633 6701 2308
5047 1610 2832
881 7946 2699
8525 5309 1606
2367 7142 3165
2127 5724 1416
9110 7705 760
7025 9877 2372
4232 4197 1357
4220 9799 4558
7919 9407 3413
3875 5429 3970
8471 4687 3144
1047 1664 1628
8682 4259 2564
1447 3096 45
2181 9888 4717
461 3845 199
3347 7818 1100
429 9982 2989
6791 2565 2847
483 5759 4079
5996 2322 944
4276 9311 3924
4236 2239 515
775 6923 3489
4572 6395 3830
7032 3835 3593
6483 573 3840
6384 271 3550
4798 2189 508
2180 2494 1504
5649 8818 4308
6040 2048 1893
9108 4507 1015
6165 4693 4616
7347 9428 4520
5034 7867 2102
466 1874 4571
1000 7925 3349
8530 1873 1879
319 1127 35
3824 5350 3185
1393 4311 4909
4149 9865 1370
3112 6530 964
1985 6971 3768
7955 4256 3671
7655 3416 577
3644 3512 2194
1536 1692 3945
751 2398 3827
2200 9263 2046
5450 5738 4674
7748 3973 1268
8300 6508 4498
7925 1058 3871
8171 5132 469
3014 4390 4143
3174 9829 4825
1888 2317 306
6550 1249 2766
5560 9922 4234
9568 3065 4304
3452 7425 3822
5815 2965 1226
3154 5704 3095
5854 5687 667
5177 2014 4632
2325 8119 2704
4602 1551 18
6907 7939 2918
8422 5806 4242
8697 3751 2250
6231 2431 2686
8720 839 2396
1849 9561 588
1121 1834 3290
8262 9144 11
2988 8235 957
2880 5380 4793
5792 4387 1398
5894 817 2232
4011 4920 2413
2203 6954 1025
375 4467 4048
1486 4730 4408
9252 537 4162
731 4200 4779
4961 7468 4813
5979 3293 2435
3838 3872 442
6174 6445 3462
6628 663 2269
5554 2474 1893
6868 9426 1104
3578 8721 1324
2693 600 3045
191 2992 2889
8777 1006 1233
9145 4295 3508
8999 3190 256
5483 3786 3891
8734 5078 146
9640 8610 3461
6912 8270 960
9907 8760 3179
4542 8560 3499
4572 7077 3556
5121 9313 1633
5960 2631 2035
8559 5969 3952
1634 2669 1001
2547 2627 3976
92 1927 822
9348 2265 1846
5556 7291 1949
7951 3452 4891
3800 3059 3040
638 1215 4989
2836 2583 3893
1552 9416 3514
7727 217 1843
1964 203 2676
3305 8097 966
8669 568 4849
8662 2415 170
5147 4059 1587
7492 8081 2751
3596 1257 1273
8652 4517 3661
9738 4142 2012
3622 1352 2991
2326 1319 3315
7112 4215 2080
4683 5542 93
7637 4213 1531
1236 7817 4234
8170 8499 1859
448 812 2822
7726 5825 1404
5491 8131 3013
8391 3135 3114
4649 9917 1102
9098 9915 3253
6599 9140 639
132 7094 1876
134 284 3940
2690 1586 4579
2795 6464 2819
4046 5499 1865
8889 2642 946
8477 1771 232
8906 9214 3346
4694 2229 2234
3818 2857 648
4326 7618 2391
9478 3735 2681
4165 9399 2508
1902 70 4061
6083 8457 3844
7986 7124 4836
8619 7886 4697
6487 341 4589
7321 968 4830
3348 6008 2199
2646 7413 3476
2077 9862 1730
1365 7609 3842
587 8028 3662
2130 3962 286
7038 7051 4758
4813 1759 3484
3046 604 2043
1839 5792 4758
2029 5392 3818
3204 1726 2557
3085 504 2913
9939 6495 938
6327 309 2973
435 5920 221
4047 5443 759
8465 3328 4182
6564 681 2371
292 309 4586
1775 9330 4558
2235 2692 1164
8944 3977 1190
9095 248 91
6627 5160 2874
6309 4925 1370
4482 5218 4339
1127 9778 3712
2623 3864 4621
6529 1670 1194
4762 2731 1056
2866 7167 830
6549 7176 1944
3998 6500 3367
715 6016 1594
8541 9584 2297
4170 5191 1363
4826 276 2648
4789 1106 1800
2638 3339 3684
1497 5842 1983
6026 7602 4879
5555 3771 4977
4892 5522 2991
9897 2069 4481
1777 5276 848
5216 5094 3867
3937 6251 2999
3122 1447 4688
3886 3212 3295
6205 5562 1178
21 3923 2612
4469 6651 719
2323 8434 88
5887 5005 1921
9425 1645 1688
2206 2569 3026
5483 6940 256
801 1668 484
1846 4790 2795
5019 7933 4573
3898 7012 2251
3644 7563 2133
8331 2309 3303
2190 3546 1198
9323 9108 3360
1593 9138 4124
1095 8269 3229
3234 5760 4914
1201 2335 2159
7183 94 2274
3149 1595 1191
4211 527 1069
1197 4676 456
9541 1586 2312
9630 2502 759
4326 1510 3588
1692 378 649
9863 1494 2611
4656 890 1348
2499 4453 4457
999 6796 2060
2845 177 2544
9117 9042 3491
3191 3414 1399
330 1018 1529
7119 8403 1785
9607 7568 457
488 7550 1558
4404 9264 2727
3142 8790 934
150 1919 1995
6957 1424 699
5753 653 3299
5080 7276 2908
6229 6481 773
3180 6821 591
1300 878 3935
6481 4307 3722
3708 4768 264
3933 7033 831
8601 4265 289
6574 1549 2262
8732 5190 2225
7121 532 414
8409 1645 562
8272 4738 3288
5192 115 1675
2127 385 3699
7986 2937 3327
1487 5378 3536
8947 4391 1874
3991 1816 2325
7259 6624 4294
4589 6614 1858
8896 8901 1881
4770 8951 3454
3423 460 589
8589 9048 2427
5104 5451 16
2640 5993 1264
9208 4393 1815
1842 2489 4629
6082 4462 1887
1977 3717 312
3927 6117 1467
9712 5089 3691
2819 3257 4715
305 160 3074
7303 3025 4200
2590 5315 1386
4713 4208 1493
3379 3924 746
1415 3402 1535
7418 7916 1721
4541 2283 989
7197 7120 4737
7459 9253 3909
837 9877 4553
4373 5975 1357
2289 488 2689
9390 7870 4910
8646 8714 2273
6015 5123 2490
2652 7799 1798
62 5685 4239
1806 6734 1908
146 8289 619
8528 3743 1459
8575 1928 2920
9376 5330 3756
2913 7072 3662
7025 8464 3933
9314 8999 3807
6593 581 2795
9901 1488 1108
7399 9278 4051
2256 8200 4505
2365 4159 3513
3266 5684 4553
5655 9933 1791
2372 1173 483
9115 5426 2875
6346 5284 3938
6364 8943 92
1893 8145 4364
2292 9796 1405
6921 8301 4454
8530 6034 673
5803 5663 828
9624 6427 2721
7186 9150 629
6707 9988 913
7653 2471 1595
1902 4096 210
4337 2015 2707
4037 5730 2492
8506 1634 1539
7697 713 1484
7021 8422 4765
2929 927 141
5567 9008 1365
825 3966 2825
7382 4781 2336
1070 8654 864
4673 6771 4849
5616 744 3900
1059 4920 578
6113 8228 447
4186 6846 2880
7458 2149 635
1598 9045 3662
2429 8251 4378
4257 3354 2717
7654 773 1588
6141 6259 2825
1793 1147 3438
9799 9865 4105
6919 61 4040
8102 8538 2452
469 3714 897
496 6127 4951
5476 3990 1464
5932 202 4154
5899 8550 223
4310 2294 3093
7397 2311 3535
9605 6805 3178
9184 2219 2447
9700 4513 3744
4409 6173 1508
5351 7171 3411
9280 2100 2050
6763 5335 4334
4494 963 1718
5435 2333 3350
2299 1190 1398
930 4731 100
7744 9016 2512
4369 3940 3862
1831 770 231
3783 1534 2624
3742 1478 1240
941 4268 275
8980 710 3316
3275 7353 3219
3621 1159 2760
8257 6810 4892
367 5011 2968
1345 3915 1314
3471 1947 713
4006 7448 860
9144 3977 2335
9040 3872 294
8372 6229 1977
7821 995 870
2513 7048 4073
7974 301 3610
9857 4389 513
4531 2104 4273
2943 4241 4383
8763 3953 717
5053 4492 3500
8724 3009 484
4387 317 668
8938 197 4025
4587 9760 4176
152 233 3385
5742 6133 1837
4142 7684 4662
5719 7916 3161
5354 1173 1761
9982 7164 419
1568 3533 773
3692 2103 738
476 7964 104
3688 2792 2313
7551 2191 3725
1905 2404 1049
4927 6591 1877
9674 5083 4322
4298 1393 4586
4813 9263 4130
7147 3703 2578
82 2385 4371
6013 64 838
4286 7140 4303
7479 7176 1778
5756 3331 3411
8444 6955 3115
7061 9849 3403
1042 7267 326
2976 7758 3831
5725 9359 633
1424 330 3698
2729 4205 4307
3508 5170 872
6812 7834 43
1723 428 1951
8084 7676 2723
6860 6035 4350
7059 5243 4823
4488 6565 3930
3427 9104 2794
3042 2842 870
9492 7422 3473
6561 4511 2951
9134 876 3830
1418 9833 504
6689 4591 2739
7581 881 325
2544 4554 3250
2508 9559 3004
6254 6212 4148
407 5895 593
1123 9482 2487
7471 2454 2602
9718 4736 4221
7266 7912 3157
1948 2736 3551
8408 5594 1840
1188 4634 30
48 519 1478
3809 7732 3506
7809 3491 3556
471 6038 697
7283 1115 1919
6367 4647 2267
5524 9977 1458
3986 6959 2111
9273 9880 3998
9649 8839 2951
1324 2055 2437
6597 1120 1350
5614 5678 4935
5185 6807 4884
3043 4036 553
8535 3714 924
4399 2864 3064
6272 609 1570
5894 1591 4604
3551 7735 1670
3981 1696 4111
4213 8636 3396
355 7069 559
5380 284 2257
8582 5916 2519
8404 7853 2558
3414 9657 324
496 2653 484
8278 9906 873
4243 940 4851
6833 4560 3302
6169 4532 1484
5003 9221 2321
1168 8895 1392
7805 5293 2421
3557 692 3818
1820 4934 676
7334 4993 4093
1736 5988 3777
4502 9611 4858
6543 4339 3768
2698 3560 3557
6421 1359 619
7534 6582 590
4448 8089 123
2751 7306 4993
4254 1019 2087
9642 8593 3180
1172 1610 852
7331 2758 2188
7373 9031 993
4191 6836 2871
3928 4492 3109
1334 2818 2052
566 41 749
2288 808 1267
9479 8236 4797
5742 5867 2525
8604 1991 3772
2877 6638 3906
3715 1156 1175
9375 3383 2326
703 4149 3729
2703 1526 595
7685 4137 3039
6955 985 1188
6785 7737 547
5084 574 3286
2450 400 3155
3321 1035 3620
9086 6238 2077
9044 9850 3689
1583 4135 2047
9825 7133 3377
637 39 4727
8420 6393 3695
8792 4 163
480 1085 1988
3299 643 1567
4752 231 1460
5857 7875 2755
1434 971 4582
1312 9585 1730
9960 843 1009
5659 5020 190
5192 6524 1391
6703 9248 2684
9678 6122 832
9328 8009 2684
3361 9881 4436
9281 5716 2407
7372 6852 4920
149 9462 2191
1517 5521 4254
6292 3658 858
9457 6033 4682
807 4021 2797
8140 9543 486
6663 2957 1295
4377 8964 639
3903 9431 1092
9600 4257 1524
8498 7877 1046
8052 6842 2634
1135 1942 2461
569 2633 345
295 8162 1542
1923 391 3136
5972 2688 3095
7874 8010 3311
7518 7012 1964
9409 1892 3796
1185 467 2370
4039 4143 534
550 6525 1076
8274 6530 2060
8173 9900 1463
3284 1404 3921
6302 1327 807
4340 7217 4247
8430 2112 2500
4215 8864 826
5355 7106 2283
2167 6535 2421
3247 6989 2223
5798 9821 890
5698 1858 604
6232 1411 2007
1666 4767 4216
7206 1203 4684
5402 5466 916
4333 6249 1474
4044 302 946
3567 8077 930
9084 9747 1571
2425 7654 3254
6969 6056 1092
6743 8246 2945
4058 224 3646
4843 5049 377
1562 4482 1558
6572 6929 2080
4182 7035 4667
198 2652 2246
7023 6557 3435
4572 5819 381
2063 9413 4613
7504 1238 4148
9394 3721 2046
2045 9848 2133
7196 2059 1973
5447 2703 2105
8600 8660 382
7828 1566 3297
3725 1520 2489
2347 9305 518
8683 5472 615
6381 8386 3155
2537 1829 1225
4947 3746 4662
865 8552 950
5792 9934 3831
3072 2478 2198
9157 3077 918
9986 1373 2631
9694 4241 1525
9380 6429 4474
9752 4648 2927
8115 2088 4814
8394 7248 1382
6635 272 4005
1772 8484 4036
343 9767 3626
5630 2217 4522
5315 1063 1612
2110 286 4613
7604 1860 1954
7230 3470 4521
8919 4587 4948
5216 8459 1557
4215 3919 2632
9154 4860 4962
8078 2874 3968
7631 9462 749
3474 5119 2920
819 9469 2314
9164 4023 1179
6334 1250 3234
7830 6208 2172
5509 6698 4381
7849 5007 3262
9005 6134 3619
6374 7616 4184
6479 4017 2180
571 5776 4355
2356 577 4999
7669 800 2472
6924 8524 1707
2962 2490 3792
3465 5893 4778
4664 8113 694
5030 5869 2763
3920 5016 259
1796 776 4710
9432 9133 3229
6809 4244 3635
9361 9947 103
7443 3139 3845
307 7267 2226
3275 4477 4112
7256 5674 324
346 2930 4627
8384 851 4922
6745 5374 2772
9313 547 2345
2894 1061 3142
8400 5348 681
7103 3228 2860
8059 8143 1274
111 8569 4753
7583 1717 4154
8848 3977 3353
1310 7086 2483
6139 6426 4904
3679 9919 4479
2164 1167 3236
1390 2001 4903
9454 5561 4257
8476 2646 2270
2212 7220 4362
1097 559 4397
4035 903 452
489 7835 2945
3950 7919 718
4649 2739 1335
7735 6566 4870
752 3968 3580
2740 6407 2247
4493 3633 1881
2119 7466 4454
8550 5629 2926
7931 4181 4808
2109 6250 1183
7956 7504 3670
3376 293 1099
3305 7015 370
3933 1681 3468
5894 610 4209
7373 6089 2828
1260 8143 1800
9454 9905 1089
590 5140 588
7946 7653 702
8353 9028 4509
7481 4122 4871
4190 4252 1450
3543 1975 4227
1988 1093 2291
923 7934 1985
1589 1637 4832
7242 5736 3402
8619 3608 1438
6585 7870 134
4385 5646 3562
9664 9182 3679
6883 3475 2423
8479 6473 2736
4113 7583 1080
2165 3408 440
3150 467 4270
5417 3664 4496
9076 8162 299
5887 6982 3977
7057 8427 473
2561 309 1657
4221 7266 1433
3989 4000 726
2222 2670 3594
8990 937 4198
1339 170 4590
9208 8277 3777
1004 3275 2518
4518 5095 4268
646 7605 3881
3190 8208 1854
4752 5716 1548
6417 5317 1818
5169 9697 3317
9037 5197 3263
8217 3159 4451
9412 238 2852
719 5234 1283
6528 8334 3374
6720 7975 3122
6021 6716 2207
387 6541 57
183 9288 1724
455 4025 3833
5069 718 242
7111 3663 1134
4393 9825 2246
9016 4375 454
3829 1636 1880
4035 8533 1548
7760 7660 2225
2733 9035 2194
2803 8654 2657
1426 7192 4053
5948 7020 2693
6527 5431 4406
8472 4137 3360
9628 2047 4470
1355 6363 2697
4256 7111 1928
6178 8400 495
5845 2690 2100
5361 7379 4986
5549 1488 3594
746 6155 2358
9451 5937 1237
8130 6203 698
6309 5729 2869
4031 2280 1486
6619 7153 2079
2864 6974 2715
1154 9507 3839
7060 2272 774
2137 6445 3401
3920 5138 13
5233 7839 20
5425 9471 858
7787 8253 3997
6694 6675 1748
4902 2960 4486
3683 3319 1145
3404 8364 1963
5845 7155 1327
7976 3460 3846
1536 1428 4661
1355 8329 1257
84 6575 23
4861 5785 2448
486 9894 3551
8334 2882 1677
1011 1065 647
3403 4647 4455
2806 6906 3018
5441 1383 1114
8783 7216 4535
3156 4547 4166
1156 9418 2772
7817 1640 2554
6544 3837 4984
7803 455 4983
214 3203 2714
5708 2736 4659
7428 873 4882
6599 5415 238
1370 7601 3858
2465 7963 1959
3482 8642 1675
2774 9539 3896
6849 1545 906
3985 1537 4296
8829 4038 1865
6251 5752 4538
9908 4538 1261
7369 8343 1928
9137 1283 3454
4957 5829 1860
7693 6540 3565
1793 4193 890
9141 897 728
3910 8019 2479
3026 5915 4386
8183 1302 810
6757 8136 778
5001 2130 1392
7339 6007 2453
1577 819 4798
5203 7399 2567
6710 8256 2741
4871 2396 201
6704 6160 3623
1775 2975 2198
4435 4379 1920
4983 8335 2643
4330 2410 225
9261 9009 3488
276 9365 4005
8265 4212 4164
3155 8597 4624
3200 9412 1515
4976 2568 4222
1109 1426 1112
3072 6824 1297
9554 3551 4470
2488 8295 4348
7427 7323 4000
8851 8129 1655
2031 3694 2583
219 3776 2849
7815 4226 2029
3996 9473 2806
439 3113 4801
7231 8669 4184
6644 3710 17
4289 447 3789
4756 1713 4869
8248 8202 4138
8589 6495 3313
3911 1654 4328
3345 6414 3894
4787 6720 1652
3972 848 2020
4799 9726 2219
6346 7583 339
2168 8000 3096
9111 158 3403
7684 562 2156
9163 788 1607
8765 3400 2389
3098 222 3556
496 4057 2595
5814 6192 2188
1260 6325 3688
3035 840 65
7107 9229 976
2421 2783 844
9177 8599 158
3489 2360 3575
3564 1043 120
1381 4081 4171
9151 805 4592
6688 2635 4936
6178 6703 1405
9936 2436 1593
1920 9359 858
2689 2921 3290
6886 7240 2895
6124 5636 1817
8868 3196 3869
3402 5265 3905
9776 8318 4043
3880 4900 3264
8738 3914 801
9043 5596 1130
1863 4181 3727
9274 5145 4970
9468 3234 4482
6882 9643 1738
9082 3374 294
4008 9109 3023
4277 7451 1267
8475 9413 3068
4126 2265 966
2035 4430 2816
8422 5668 3093
1967 9238 3970
8365 435 2407
9154 1616 4117
9652 168 1275
9666 640 793
8616 1316 4367
1376 4167 293
7514 2232 4651
4399 9061 4375
3359 1083 4295
1058 69 295
8010 412 2951
8017 4056 4059
7865 4087 1650
9377 8231 3651
1628 4584 330
9718 6465 590
9663 8621 2353
4000 2946 1436
471 3249 1315
5974 4864 2318
627 8889 992
4094 8078 1358
7948 7735 3582
4036 1626 787
5189 1026 2038
6674 6450 2988
1707 3874 186
7093 7746 4906
1325 3419 1864
9135 4211 1865
4651 6477 1850
1160 8549 2342
7258 6373 907
2709 5077 271
6392 2404 4905
3334 7312 4142
9611 5394 2414
855 4425 3981
8049 7884 4805
4063 2791 460
8275 2160 4449
4990 1708 4260
9145 9366 2272
6772 9491 2653
8967 4391 4042
2011 3362 3307
8473 6903 2109
3120 6753 4591
1864 2412 4225
1101 1332 3959
3556 1246 22
5210 2687 656
5395 6775 1496
8162 9137 1702
1159 2057 1859
4516 2399 4986
2700 6290 2087
7844 6296 4973
6789 5250 419
4018 206 529
8618 5524 150
7380 7958 1545
498 6115 2793
9996 8069 3677
1877 4334 1746
7094 9248 785
7285 1098 2631
9969 1402 1067
929 4622 3105
5022 4831 2412
6636 2111 3849
4314 1111 1739
9935 7956 2494
6851 6648 4649
3779 4978 3552
4920 9763 482
5830 7565 2575
2668 43 3717
2823 5076 4547
6807 3274 876
1112 3910 2240
3309 3631 4596
1530 3090 1252
182 1744 3525
372 7801 3134
2402 6304 2781
491 6991 2560
462 3514 3334
8860 4879 1
6631 9663 3687
2632 2581 2918
7577 3062 2011
1109 2065 888
605 7381 1506
6192 5014 1235
8024 3054 2646
1042 6536 314
9747 6890 2141
7552 8002 690
6615 5365 1714
5716 4538 1962
4116 7164 4879
9916 5025 4282
253 5340 3982
1027 8429 712
9149 8171 4280
1332 7927 3758
574 9905 3960
6435 3154 1527
2437 3422 3647
3141 2183 1683
5725 1895 2358
2552 3747 2630
4902 4830 2001
3006 4705 91
8546 6527 1997
2246 8459 1642
1627 7118 4482
2550 6270 4493
8690 2876 3880
32 8410 3349
5990 680 1333
1106 3592 3457
794 8219 338
6352 740 4601
3648 1280 3895
4440 2241 3971
4244 4669 4344
9726 9741 4508
8848 1948 3124
9162 9035 1931
4999 8207 2400
2767 6831 1491
6102 332 2397
1259 2040 4591
5310 5938 3282
5703 7826 3506
1656 376 4529
2663 8529 4238
3856 4245 3511
9325 821 4955
10 6167 4955
5653 5344 2057
5833 6303 1638
3178 5243 1253
5339 2986 3448
1234 5195 4729
8980 3054 3122
8419 1570 430
5196 6981 1097
5583 734 3510
6160 8977 338
3179 6332 424
2757 6704 2595
2039 6261 1875
5197 3387 3926
3150 2164 1725
4796 2978 4978
906 293 21
4172 8079 3440
6548 4177 2590
9864 2567 3549
8250 429 4452
7610 3757 337
9349 767 4697
5344 2696 1766
3599 6258 1552
1893 4175 2750
4433 6762 700
5938 2956 1490
5677 6126 2643
1673 9529 3211
8144 5152 4014
8085 7036 667
7153 4371 4099
973 4504 1336
1902 175 153
140 7013 1027
2026 8990 1411
3449 6042 4318
6975 3342 3242
3915 8925 3642
9052 9400 1669
1415 4389 4267
9847 990 2476
4575 9280 2784
2980 6731 3103
6389 4530 3006
7656 943 1241
6696 9878 978
5094 8350 87
4215 714 3047
4310 1674 1246
7941 3642 1701
4700 6008 387
5939 6271 1543
5908 3558 4343
4842 7815 3403
2824 3490 3208
2314 2512 4269
8403 2481 3085
937 7607 1005
3777 5213 3865
9796 6267 3350
9839 4863 2016
5327 6429 4954
5859 1663 1877
9585 4882 3816
5264 9738 2503
3771 4452 3168
7392 7531 4601
7742 3723 3740
1101 5963 1503
8188 3228 1824
927 843 3508
2271 7829 3606
2335 7549 720
1040 4029 2667
6550 9712 2270
7962 1102 1384
7097 7950 1834
6903 5472 451
7705 3405 1987
1947 4141 228
7791 4209 4960
129 104 3492
8275 4090 1332
7146 2371 358
2896 1775 1374
3621 368 4772
203 8666 3493
1813 2593 136
8254 8928 2816
9195 3461 505
6275 5395 3227
3880 3772 2999
3292 6247 4326
5991 3260 346
2225 4252 629
8826 7079 2584
8059 2274 1793
7071 4803 28
3247 388 3145
8056 5263 491
9814 1568 4615
7409 5438 2609
5202 5073 122
4797 8010 3144
7076 3585 4838
714 5887 3564
5722 2293 4756
5455 2913 3221
3199 6072 4871
845 4552 1645
4486 2171 238
7605 5718 3648
7724 6451 3190
1195 4029 14
3688 280 3334
95 1738 4850
5214 6311 3602
8061 3170 754
8731 9022 2284
2355 2343 2182
8089 8811 4912
3236 1017 3145
9218 2368 191
5619 6138 2407
3312 8470 580
2568 9190 2928
8880 3035 4855
4416 3462 4418
616 225 1505
5076 1570 1390
6631 543 1712
5457 5051 1483
5277 9158 2940
5137 8380 319
1161 3090 1030
6387 4468 2445
7951 3532 4796
9001 4201 3939
508 7702 2338
8666 6729 2945
3468 1577 1428
9043 6044 3063
2805 7364 4914
9860 3260 3132
6463 2963 2825
4953 8255 42
1895 898 1864
1382 7480 2061
8237 8025 238
4658 1534 4318
7613 7200 4467
6245 4030 150
7462 8192 532
8582 441 3134
5630 9606 3735
3769 3574 4339
1491 4935 1958
5190 9754 3694
3294 3347 2835
1339 1313 2803
5996 2424 2081
1447 5704 3951
7296 9783 1383
5384 8882 2593
3540 414 4699
2329 2668 3573
6215 5976 4245
2133 3863 4125
1855 4395 2336
9761 3124 1511
9058 9891 2842
5558 7379 4935
1865 8454 464
5404 3098 1678
7736 9194 2578
1880 2748 1252
2821 9373 2994
3554 5487 3532
4451 6766 502
216 5889 3548
1856 4788 728
765 4373 4577
8261 6234 4149
9496 6546 2811
7172 1051 2160
6870 8250 2254
8055 2974 4128
9698 6494 1829
17 8922 1020
2106 1340 4826
7095 7377 1989
9939 7911 1003
2378 6224 1733
7869 7185 1508
7867 3302 95
1683 4791 255
8530 5964 234
8129 658 4208
5616 1355 3735
6622 7270 2786
1301 6544 637
505 2089 3969
7224 9485 4585
8320 5579 1982
3601 9679 3548
1486 3282 4212
1394 713 3937
9003 2341 4197
3980 6761 3721
9908 6840 916
2278 145 4026
9401 5923 4663
8050 269 1585
2602 1716 2216
1850 9011 689
8875 4837 1875
9894 7705 418
1537 8090 2326
366 4001 3631
3016 3047 2019
4554 2834 749
5231 4935 1778
8894 544 150
7476 2115 4661
2301 3432 3452
5729 7280 4934
8620 9642 850
4641 7090 4587
5531 7095 2097
9845 3029 1264
6993 1004 2062
2853 1785 3950
2502 5922 2266
594 1548 2087
9158 7097 815
2427 7201 771
3848 9758 206
5435 3181 3384
2118 7058 579
7176 8161 675
3795 5362 1688
8510 9542 4964
921 9300 3187
9612 5760 4698
4772 6401 4901
6387 2474 4651
2549 4933 66
5305 9153 418
7259 3947 3459
5815 6434 653
1356 8418 3707
4235 830 3923
4255 9615 594
1950 5923 2940
3244 471 1019
5812 9454 3599
3140 6553 2381
3736 5351 229
7690 765 931
2588 9526 3069
46 5799 334
8503 6902 3196
1290 116 4980
1750 7082 2960
621 4655 1605
9394 8615 423
5691 107 2478
5037 2732 715
8589 5245 956
2059 893 2042
6335 2389 3486
5490 3598 1694
6171 5445 3470
4770 3983 3530
9280 4110 1461
46 7325 3032
4613 2367 2637
5682 2718 2003
4873 9283 1998
2174 4593 673
5314 6413 4128
9036 655 3713
2352 9046 2733
7098 122 233
7994 3589 4467
8710 5300 141
1936 8973 49
5438 1297 76
6069 1915 655
9353 3340 694
4658 5187 121
5102 1849 760
5994 8273 1046
2253 8634 1205
5130 8264 2938
7638 7337 72
2749 9217 4564
639 7392 958
9978 6031 3449
460 5632 1084
8357 5912 3081
2410 5580 2670
8485 1276 1986
6828 6217 3348
1380 8731 4546
543 846 3750
2543 4506 3024
9888 6103 2662
2381 1544 1127
2219 1712 2695
6055 6638 1572
1747 4545 2141
462 4396 2652
7149 8229 2150
7947 7465 2665
7160 2646 3120
1919 4718 1433
2653 9532 1191
7479 1738 35
6302 9718 3949
6651 7317 2592
5510 8491 2030
1577 1309 461
8723 1718 1359
3150 4389 4396
9866 4057 1525
3519 6385 2387
5478 1493 957
8934 7084 2667
8572 1410 3826
7061 81 4533
778 7761 4926
4644 6616 3365
1795 3699 497
3300 384 1942
5686 6274 1195
2894 1406 1554
5558 221 3275
4316 7711 1092
401 9707 3065
8732 7683 3312
197 1131 1313
1487 3879 1824
822 5553 3827
1426 5901 873
9827 5922 5000
3643 3283 3927
2301 6029 663
3409 3705 4374
7102 3507 4718
7387 5704 2368
7114 8954 1253
3148 8299 2778
7765 3238 992
2115 6044 3667
3522 3654 2226
613 5139 1575
4084 9231 4744
135 2799 3449
5561 9939 1235
7124 6583 2719
351 9273 1933
7910 3289 367
927 1620 3382
3218 9049 4456
1153 7771 4006
2144 2492 120
1431 173 1545
2839 8446 1805
1404 1350 544
90 3076 3785
4796 7774 1257
9795 6100 3566
4731 6938 4701
4854 8019 602
4042 702 3739
2351 311 3449
1740 110 1486
8268 3958 2259
9378 7029 13
6621 1764 3181
4532 9071 1750
1886 3049 1649
514 6508 4162
1216 2835 2615
8311 7766 4320
1848 1386 500
2141 5626 1450
8010 673 3496
1614 2289 1152
6398 590 3430
1556 4711 1420
4101 5120 4510
7096 4462 672
4856 5513 4189
3001 3710 513
3284 8801 2469
2702 9176 3819
3254 3761 1642
352 7215 3651
3331 7640 3025
3492 5077 4092
4446 7629 2275
6215 4869 95
2464 3162 123
5801 5812 2517
1326 2098 938
2568 5054 1191
8524 3472 2730
9782 4167 3225
1102 974 3378
210 1945 2302
811 3963 1895
6312 8121 3499
9704 1833 1117
3635 5745 3664
9393 1724 235
164 3075 1608
1595 6511 3708
6081 9992 73
6471 2914 278
8047 130 4678
8599 6394 3684
9420 5443 704
4861 3300 514
6591 6118 4123
5918 5189 4042
7257 5747 2496
4509 9210 998
6173 689 3586
1426 8046 1355
1308 5811 3342
6700 3167 4821
7010 2935 3732
9746 5912 2224
3264 954 2401
882 7031 2343
9163 7329 628
181 2342 3868
0 4408 1697
9365 6259 2236
1668 1645 3861
7801 4230 2378
4595 581 1005
3937 6232 697
6722 669 3772
5199 9238 959
1641 466 464
382 1076 1180
8826 3513 3603
637 2459 2861
6684 2867 263
2337 8781 1899
5962 6624 1055
890 4885 1793
8273 9534 2837
866 932 2737
4503 1123 1793
1111 6370 2602
8621 7603 973
2479 764 2899
878 1797 1068
2406 3345 1112
7912 1318 1860
2483 371 4910
1001 5072 3144
6310 1946 1138
6567 3977 612
1172 5988 3228
9427 7779 828
7719 1159 3404
2126 6843 4089
9136 2133 643
4440 5808 3155
7643 4608 3698
5375 581 1383
6646 2007 2935
8538 6834 886
9055 6184 586
3906 5003 3678
1120 8151 3291
1528 3192 3709
9427 8970 4441
6785 7613 2416
4119 9585 2926
9819 7842 1783
7236 9105 3489
2752 6642 2884
9700 1977 1005
7841 9902 3197
3195 9308 674
1131 7963 4892
2824 3571 4431
8207 8329 1915
4489 291 1496
6097 8268 3163
2684 6699 1731
8705 474 4229
6231 9975 1346
7479 3884 1047
1867 235 4307
7471 3902 3887
7386 4883 1418
4813 5070 2004
5220 6979 2450
8447 36 3946
8238 9363 2087
930 6454 1084
7173 9410 1797
735 5506 3812
9779 6387 2535
3808 8998 4519
7349 3142 1702
4666 6150 1318
2682 4666 3295
4576 4443 1029
8796 7453 1346
2796 3639 818
3082 127 2259
30 97 2741
1062 2668 2113
8661 6809 1552
5392 330 2439
9955 5878 1607
7135 4680 408
3849 5766 1306
7193 613 1751
2761 98 1638
6878 1254 1842
6243 2296 3274
3636 9424 4436
3851 8234 2253
3048 4825 4461
1356 2453 493
30 9215 4959
5740 4424 722
3676 6095 1153
6771 2062 1325
8339 9447 4185
1512 286 4492
5788 697 286
522 9824 801
9835 7998 3203
5497 7673 4876
4861 1924 423
5964 614 1541
1656 9621 4044
1356 1340 956
7475 107 4389
7998 9185 1159
2509 3835 4210
5446 5466 2431
8119 6738 4146
4268 7603 3112
7878 5130 270
6360 3254 2294
4141 7654 67
9571 4453 2358
4889 2923 4052
4299 853 3921
6654 6908 2298
4877 4712 960
801 6183 998
9394 2720 380
8403 5112 562
2268 2323 1212
596 3886 4429
8090 7089 3699
3400 8758 2478
2248 9576 540
8337 5035 3117
1560 2333 1134
3975 9479 890
8249 2217 2452
5977 1585 2339
554 6739 3019
3842 4846 343
2711 2964 3218
6323 8129 1784
1729 6929 3708
8726 5678 230
5028 3089 4054
4328 4674 1957
1124 9799 3651
5963 4241 1113
3674 9512 3717
2552 8408 72
1725 9167 4048
373 5565 1410
8380 4174 2898
3835 1518 956
5839 8668 3722
699 7460 4914
1292 4298 4524
1728 3088 4937
8488 2674 4758
8418 1222 53
8434 6462 336
4967 4400 815
5671 9657 1833
8645 5383 436
9689 8809 580
8571 1107 2298
9581 6179 4645
6800 4436 2977
3469 3943 3732
1565 5203 4817
7696 4297 1883
3758 3118 2443
3406 4464 581
2034 8276 1458
5946 1680 2292
8745 6544 2052
449 2337 1369
9601 4295 4111
3920 969 1229
2335 142 2479
8495 7174 1392
8621 7337 2525
3681 4622 1556
5737 9139 3197
2210 1931 1955
1988 8736 2215
1307 9181 327
7829 1917 3647
9205 827 4621
9098 8764 3220
6135 9449 4255
5770 4935 577
8076 3382 1457
3175 4833 1295
5463 2041 1619
8267 7153 962
7193 5229 2597
6850 5351 531
7543 3345 2115
2764 6571 1243
522 6928 835
9350 4807 1802
4315 8494 3069
2692 444 2922
8581 4326 3732
2 8842 2811
4705 1192 1058
4697 4465 3998
8553 9098 2368
3458 885 149
5522 266 3805
3145 5339 1574
5373 3131 1467
4191 5059 2064
2464 9561 2786
7692 9729 3765
8972 6319 932
2187 9153 3322
127 910 1759
4175 2259 1372
2733 6043 3162
2130 4506 3294
8110 7766 2641
1279 6483 3220
6679 3725 15
3983 1249 4060
2451 1891 826
6969 2683 2486
4567 2788 548
6800 9378 3136
1098 7256 3552
658 41 63
4899 933 4370
3075 9310 1570
7095 6475 3333
6315 6486 1092
6416 515 4159
5529 5404 4501
8286 3260 3876
1942 750 1698
5414 5383 4591
4453 5862 1707
8185 8130 4661
7867 3865 2342
1944 7630 2537
163 4133 4068
1365 5746 4873
2264 9319 922
2286 1969 2028
5676 8248 4383
8074 448 2074
3374 2320 296
8877 306 2174
6893 8478 4657
1019 847 4748
8219 8745 3540
5335 7067 3924
3222 3214 2223
6077 9609 4106
4111 698 3954
1763 7581 2686
2813 4841 3658
6988 9788 1912
9041 9965 2702
266 2473 60
129 5296 1516
9677 5577 3261
4543 2569 3208
2625 4839 2776
8948 7122 959
3077 4567 3760
6235 1220 2575
4816 110 10
1766 3066 4103
8407 41 756
4761 3925 2488
1992 8757 1421
4627 5866 1539
9056 8495 7
6614 7581 3929
2503 2588 2448
3304 3817 4709
200 6487 4637
5172 4994 1297
2715 3673 771
322 1408 1426
5142 1040 1028
9021 3598 1803
7785 285 3607
971 562 1718
1000 2577 1471
4555 2713 3785
9274 3494 793
6466 6459 1935
2320 4554 697
8229 313 4212
1454 4504 3956
9183 5070 525
5836 2257 1924
5866 8302 4492
2532 8215 41
3243 1202 1064
4223 3383 4336
7724 899 653
7308 6502 4970
3367 1797 2337
511 2444 3808
8787 4106 4990
1327 9936 1202
9706 3113 1747
7911 2763 4771
7315 4922 2912
9749 3755 2864
5671 271 3522
2413 9689 2438
2175 580 2192
8038 6751 1698
3831 130 731
1213 2766 201
5191 2018 2284
4339 9467 4258
4560 2155 3809
8105 9010 4607
6127 7268 586
487 1928 1045
7388 3536 4680
7869 8747 3375
4306 5395 992
6555 7953 4511
8539 6020 155
6055 1888 4288
2 7247 396
1406 3584 654
6089 473 4434
568 6968 1328
7365 2791 4701
7765 4922 598
2628 7887 4299
2486 3045 1378
3161 4698 1485
3761 2719 1170
3364 578 4800
7546 918 748
2986 6326 4499
2195 1664 1926
3289 4384 1050
3166 7406 2069
3666 6802 1215
2226 3208 4803
8606 3058 3960
920 294 3161
6969 2351 2258
3080 9374 3948
2761 4349 1113
2996 7184 4679
3100 4838 3488
2577 643 3889
5630 2509 1375
7215 7863 2804
8670 8332 4345
7394 1990 2318
3825 6517 2762
4089 9496 1626
4298 7586 4931
7692 874 1646
2049 8546 4419
4828 798 2199
4742 7040 2949
7092 5592 4665
5113 8866 1981
6385 7841 4794
2147 1017 4462
4822 5882 3300
1748 2491 990
353 7773 2740
7851 9358 525
9110 8853 1269
6947 6977 988
7781 1017 729
3670 6883 1923
5692 3670 247
29 4225 3539
5832 2567 1296
9947 7297 4240
2822 9140 186
7560 5152 1892
5815 9816 2222
8358 2759 4089
1208 6233 4545
2072 1037 1888
3746 8979 2906
1561 6250 3551
3243 1818 4205
4322 9470 4546
3764 4680 999
3169 4878 3036
7885 827 4607
1667 8098 3877
5178 3572 2388
3425 3605 3878
4647 7780 4739
4567 5216 2972
3662 435 4782
6058 2348 3890
6827 1673 1971
9035 33 508
6117 6698 1950
4226 7413 2257
3889 8778 1257
9133 8200 1128
5458 9323 4973
7736 8829 2998
4977 5761 2840
5197 294 2540
1786 5157 4488
7964 9844 232
4584 8275 428
6232 649 3278
7670 9759 1468
4589 4276 4952
3713 9987 1053
3165 1424 4548
2199 118 2700
9847 848 2456
6527 8932 2427
727 8291 4727
4818 33 2114
3235 4336 4048
4378 8004 3974
9275 7936 4225
2466 6888 4180
6962 2550 2423
5301 8503 1592
1183 4852 288
9462 1916 3623
1804 4423 3957
2864 7214 283
3866 3244 4828
5895 4352 4827
9113 3977 2628
3307 3761 3346
2299 2440 3523
8025 7641 2657
886 7152 1619
7852 3544 1425
5622 6035 2156
9419 757 2104
1794 8921 2519
5897 8304 3270
2619 3272 4646
1263 3223 3186
8087 7258 2517
3976 4199 861
4386 6165 3611
1170 8156 86
1119 7158 2445
5295 2779 3955
3441 5722 1163
9891 245 551
3683 3392 2401
3718 6305 4805
4881 6303 2366
5641 9308 2343
4213 5965 424
78 4934 245
1766 7332 3704
6801 7515 3063
2272 526 44
3827 5036 4732
9874 4337 539
1826 5152 1047
9957 9372 1313
6600 4792 2513
824 9123 2052
1565 297 4420
6144 7741 1266
4700 478 1791
289 5457 2065
7000 5919 4493
8128 8612 3618
4827 7237 3538
8194 5121 702
9252 3951 1207
9720 9016 3568
3114 3053 3756
3582 1276 914
2568 9873 4574
2612 9396 4505
8510 3844 4171
91 4504 902
6664 9890 1670
7487 6783 3621
74 8276 3535
3799 2689 4725
5833 6436 4067
5400 9101 2179
9535 3585 1012
9570 8060 2315
4059 6284 1257
8161 1604 2106
1982 8041 1425
2396 2450 4489
3965 319 2470
8426 6878 3764
8674 2370 4291
8228 5488 1712
7930 9086 2032
8661 1741 2443
9534 6562 1441
3912 4835 78
2585 1237 3110
4205 6845 3477
7386 1663 2045
4525 2455 4951
8718 6820 1033
4945 8721 1083
2960 3010 4653
4206 3708 1081
2658 7560 892
1271 5222 1054
3399 5684 4018
8501 1158 2333
9050 1855 4493
1002 2944 304
6028 4611 102
5496 8440 1068
8110 1091 2300
220 4277 932
9083 6783 4805
946 5705 3311
3913 8219 133
4856 507 147
5002 5958 2992
2969 6135 1222
6708 5130 2280
6395 917 3305
8022 9900 1461
6688 8242 4486
8327 3792 2040
4845 6126 4314
150 9386 3547
6730 3937 1
9407 5175 3283
7756 5928 2632
848 3295 3627
6570 4961 3972
8414 9511 933
3736 3812 121
121 7848 2461
7135 2656 4239
6592 9356 862
2003 903 2714
71 6820 4395
3517 5995 4103
7809 8102 3151
6484 3171 870
7149 1210 4987
9041 7167 2061
839 6101 2038
8016 6905 3622
549 4172 678
5243 1876 83
6530 1463 1449
5488 2346 507
6619 1009 2563
7354 9765 4916
3662 4435 1021
2898 1047 2402
8236 8863 2609
1432 4428 2781
8003 9324 2664
6585 743 2826
6891 535 3929
3958 7647 3600
1371 1962 4152
8837 2957 2065
2660 459 2609
2005 2952 3067
3858 2659 1127
143 6566 928
9456 4133 871
7323 3800 3901
1710 4693 2096
3030 1861 2365
368 2562 341
9736 2780 525
959 2123 4107
4035 4256 4203
6891 3080 3051
5204 7235 4039
5148 4258 1543
7432 2940 4884
5220 4736 525
2710 5296 1439
1591 1316 976
6482 9549 3605
3111 6480 3283
6067 4460 29
8604 546 352
4562 3230 4194
6466 5411 1503
6675 8561 2343
1389 9026 3521
449 5189 1650
652 742 15
5905 9214 2268
8590 1514 2001
6752 9705 2831
6850 5193 3392
5627 6710 3247
6482 3921 1625
739 9055 78
2684 5436 2092
3516 7675 1703
1670 6412 3676
6875 9995 4106
7566 5139 1024
5077 6514 2150
6485 376 3235
3036 5165 584
515 4401 4479
2865 8260 436
1215 7474 2349
5696 4987 3545
9865 6564 3304
2920 6959 2405
8786 9363 3930
3268 89 859
3027 3407 522
9293 5955 3238
6358 2645 3258
9368 7788 4874
5614 5870 1689
6391 336 3356
4593 9383 3221
2265 1960 4631
7909 7047 2849
8261 8614 3272
436 8977 927
2761 5757 992
1354 3578 1868
8522 9608 4092
7805 2835 4058
825 9402 2175
1110 6225 4543
5051 1015 3261
1156 5968 3959
3129 6948 1948
5880 6765 646
9875 676 3531
2346 8859 1552
6332 226 279
6456 5204 921
1781 7011 4133
176 3618 775
4251 1447 1933
7645 6027 4804
2412 7021 1007
2543 6977 2153
984 4324 339
7198 9540 4488
2748 409 3478
3143 4034 781
5381 974 3365
7908 2790 3424
4452 2773 96
7338 1342 1432
1218 1618 1607
8480 7559 972
2619 7380 210
8556 3826 4770
7505 1814 2723
3219 4930 4111
7399 1567 1649
5048 587 4364
3188 9297 3826
5820 7480 703
3451 4713 3065
5679 2318 1252
6095 8153 3557
5345 85 336
7612 4552 2277
9978 1600 2338
2575 3039 1862
4578 7565 695
9543 910 2798
7574 4146 985
7304 3406 1454
1392 5671 2347
4929 683 4846
9101 7835 2118
1845 8435 1134
6675 1872 4976
9980 8338 4889
91 5519 1188
6679 9398 4603
1568 4698 4495
8450 7545 624
183 6747 4816
5572 6393 1526
5317 1256 2442
6468 5695 4341
9561 3036 3224
6435 3895 617
7175 7827 3814
2001 8550 710
3812 463 3081
2016 2627 737
2891 6726 4144
3913 4135 1316
3526 1803 4713
7142 6973 352
757 5649 4176
7957 4933 4795
9878 5035 2918
3975 1608 875
470 2532 4798
85 3382 3294
6450 8231 2260
97 7874 2541
2001 9186 1959
8363 7219 3702
4010 2018 4349
7898 9222 4456
7190 8809 564
1232 1722 1771
3034 7186 4529
5774 9033 1522
1221 534 3474
2614 6678 670
2098 6300 1207
4626 332 4101
2771 6215 241
2428 6591 1331
4823 8915 4080
2298 5009 4826
5196 8252 455
7046 9960 2961
3485 182 1157
777 3537 1707
1062 5542 2478
1929 3797 4640
3290 8401 2907
510 3509 3761
9305 8099 87
3123 5272 2476
9577 1741 2963
8132 5279 924
4287 216 2239
4162 4975 2735
3376 8055 3236
994 995 3367
7761 7494 1963
3495 96 3178
6598 5986 2820
6888 2980 760
2308 6233 785
3083 7639 685
6477 4955 152
4053 2554 2200
9212 7440 1622
5683 7560 210
672 600 3807
1142 1542 3524
9471 1374 3698
4566 1639 4595
7188 8349 3471
1499 4588 4521
7170 3329 768
4646 6989 46
1930 811 2081
7276 5974 3993
5974 3180 614
5119 3868 89
1295 7694 523
1782 655 3214
5445 8249 1539
8663 5747 1141
7349 7499 1172
8947 3014 4224
9299 8000 2787
8217 6018 2719
1563 2194 1343
4366 4630 4987
4557 8568 4144
8038 954 4838
3499 4604 3312
7415 4824 2207
8305 4634 3571
9746 110 4879
3255 6194 1997
6336 6586 1414
1016 5961 3689
280 4369 1368
7401 8947 3703
7274 1925 525
3064 7573 4181
1143 6227 958
3247 1684 3158
8229 8814 4572
1708 3519 4882
9239 767 944
7262 8380 3061
5320 6937 3142
5423 7464 1281
598 341 3691
1428 2592 379
8249 1147 1878
4033 2858 2322
1867 2477 2624
4671 9273 3481
75 1565 1694
3932 5048 4392
5994 3109 3201
8604 1635 4645
942 9557 4396
8037 7498 3495
7751 4722 4649
6767 7407 680
9291 4261 4070
1491 2373 3000
683 9382 1992
7737 986 314
9891 1742 672
1887 6675 2587
3238 7797 3918
5389 4645 3434
2836 9145 2466
647 6476 864
6318 3366 1508
8240 3381 4711
6777 8037 3645
6024 8138 1522
9962 8828 2938
4166 259 3806
1811 4884 4698
9624 1301 4550
9938 1644 3558
2597 1529 2983
2513 9854 1937
8593 2434 1845
1647 5104 526
67 4721 3189
8871 7329 881
5737 6806 738
2349 3055 51
6966 7033 3675
1217 5259 3011
6088 6512 2786
234 4270 3138
7243 6287 2987
5564 596 2826
7161 858 2814
7579 2189 1782
6186 4642 3918
5009 9093 1985
23 2077 4621
176 7873 3458
7880 1320 2454
7167 2590 1636
5306 1743 942
8397 2588 1376
2797 4424 4478
9023 5083 2801
8757 1938 4871
5230 2953 3635
7537 1839 621
3849 1233 2846
1997 7357 3556
7902 8203 4481
2433 3899 2927
5900 1272 1802
5827 3256 1453
7517 5766 4835
2281 3640 2875
1300 9708 2331
722 3654 4128
1018 7772 4568
7585 8363 2570
1028 4908 2973
4046 8211 4568
5123 2933 4212
3534 8667 3115
6210 4110 3788
345 9585 4166
6775 3940 3454
7559 9440 2083
3574 3087 4621
5259 9282 2805
6240 4507 1218
2306 3734 609
4940 4788 4757
679 8732 533
7589 2934 1125
5932 8448 483
3104 9501 4018
2169 7840 4111
1806 9995 3331
2983 3498 3347
4833 9354 2761
6366 9832 740
7641 5188 3966
8265 4236 290
1353 3353 3165
7013 2189 1227
917 6984 1736
3264 6588 236
6594 6640 303
3001 7766 2791
9853 4605 2828
4339 2305 2877
3800 4037 4089
9504 9187 210
5234 4037 297
8976 1408 3567
9811 5129 3906
8970 7342 1226
3447 380 3755
4718 5099 2805
9947 8223 1638
776 5749 794
2226 2962 237
6568 3103 4373
7175 962 3705
8796 1433 2841
9825 3061 640
8612 1938 3085
9781 7686 3951
5469 2203 3067
7296 4608 3261
4350 1400 2940
7651 4138 4423
213 8205 3142
6273 3175 682
7068 4689 4336
9867 5982 1864
5579 3785 3341
1993 957 2017
8717 7244 2474
9023 7381 814
6396 4220 2445
5689 6546 237
2307 923 331
5393 3404 2003
1918 6916 2321
185 847 3829
9359 6321 3038
8419 9231 538
4767 9239 3670
6418 5966 655
9245 8 819
7833 4494 4708
9798 3596 4225
3077 7583 4772
7335 8242 2822
7753 454 4097
4246 7876 455
7169 9313 3650
7372 941 208
4856 2374 2886
2543 7602 3136
6124 9547 2649
3799 4769 1011
895 7655 2310
5001 3678 441
3187 2825 171
9025 1859 2137
511 1389 4226
4586 1801 4552
6581 4948 1531
2346 3265 3020
9623 6998 221
5642 3376 4616
6872 2621 2461
8390 8050 2646
4693 8446 1356
4739 8487 3606
1854 2505 3406
3949 4623 1293
6850 7507 1214
4382 3503 3911
1511 4769 254
8354 3064 4553
6668 6553 1990
1516 9040 4856
2644 9553 37
1727 5296 2051
4851 490 570
4899 208 842
5425 2296 2686
960 3502 350
816 6527 2170
6372 4131 817
8154 4067 779
3280 5613 4426
521 9798 2350
5630 6357 3865
2687 6231 4331
1359 1086 810
422 4743 592
4146 5595 637
7398 4999 4802
972 6756 2150
7122 3284 2889
1388 1371 2344
163 1566 4913
839 8521 2489
9204 5806 1756
3985 1055 1776
9170 9502 2585
6111 7200 656
7648 9791 2496
3880 6744 2772
5353 3621 1123
4001 2447 3636
3751 3192 3747
9825 1978 4348
180 2981 2808
730 2147 1257
7010 6482 2989
2313 8844 1393
6594 4678 4479
1682 4081 971
2530 2421 2095
3567 243 2154
9468 6259 4152
5125 7083 2436
4615 1392 1539
2143 2848 468
7907 1167 321
8883 4148 1212
5772 6224 2929
9175 9550 1267
8906 4624 4120
8508 1895 2893
9929 1003 3570
1030 9481 1065
9563 2540 1415
1213 4239 1350
6508 5033 4249
4522 7557 3429
4282 1092 3815
3857 1309 2222
1599 980 4156
8627 7943 4416
3645 5023 3314
1605 9069 4168
5089 5744 1500
4118 3981 2368
5166 2358 2436
3739 6567 4180
80 1314 4001
901 9038 1688
8843 7575 4748
7696 142 314
4470 146 4452
5457 3196 1476
1873 7800 2912
7578 5857 571
4698 6622 3028
4535 6242 112
8127 6612 4361
2351 3215 862
4773 6006 3653
7132 1934 921
874 2482 1527
5815 1388 2417
4862 6626 2287
8870 4865 712
3688 2745 3485
9889 7414 513
7925 3847 1413
8822 6038 4208
6647 4478 1474
7983 1097 2686
7328 594 906
6216 3954 4956
4816 3601 3218
6650 5200 836
1305 2077 1028
7726 5006 3674
3368 1128 4946
8647 7909 2358
384 6549 1134
1694 5721 1090
8157 4004 4435
1413 8871 2966
5511 6604 4617
5474 5073 3040
7361 1617 4081
5902 2781 3267
1527 4456 1288
2984 659 3603
9814 8225 1416
8036 3637 273
7558 2488 1203
608 7477 158
5847 3277 2069
2850 93 1266
7024 3734 2312
6204 687 4008
368 8495 2696
1621 9642 2438
1316 2736 712
630 3681 1002
5154 5270 1708
9062 3107 905
6183 1932 2902
3948 9307 334
8499 3310 387
2661 2636 1699
7213 7846 4948
6711 4994 2180
3318 1514 1428
97 9612 1036
3717 7367 920
7962 770 1794
5972 4621 4218
109 7905 584
9511 9716 1921
1993 6508 2104
972 7848 3139
474 1229 2615
655 371 2508
3591 8584 2976
2970 8509 3437
9597 1430 2175
1822 3409 1106
7935 414 2491
4018 9805 850
7180 9574 4539
3072 636 1543
2125 3392 848
2007 786 1684
8346 7722 4370
9121 1462 1482
9374 5945 3192
5153 6399 1663
5982 9540 3995
2487 9499 1743
1164 3001 1558
6926 8308 4843
2995 7913 2742
7057 9569 4235
8948 6529 2330
7980 1185 2311
9780 4172 4958
7168 4590 3201
9325 2697 2042
7502 6507 199
1497 8151 2506
3992 4310 1845
3452 8100 4401
246 4387 4383
9540 25 3665
2352 9751 1713
1765 2411 1253
8217 6286 4570
3485 5154 739
2307 89 2081
2606 6052 3455
3989 4946 2474
3137 1051 1508
1961 6932 4793
432 9615 493
7554 9575 1611
9519 6393 4612
483 6473 4462
2514 8984 3767
335 274 3941
6447 2837 2723
9455 6676 1469
1771 4584 4917
2956 6319 654
4646 2687 2925
1054 9882 2367
8380 6749 4042
5542 6266 4422
3497 6508 1682
3326 4088 698
9758 4080 1650
3930 8864 1431
4902 6226 3156
462 9969 1576
7965 3987 1101
9051 2669 488
1873 5206 2871
802 7158 4087
5795 2737 159
1957 8638 3415
637 3911 1178
1862 4994 2521
6576 5225 2101
4627 9933 4921
8692 6446 4862
548 6411 2797
2720 2747 3873
2639 933 2487
4035 8606 626
4799 1456 1239
1085 4547 2980
5474 6891 3415
4759 4531 2975
7792 7511 1226
798 57 4546
354 6120 146
8444 727 2134
5828 8779 2941
4536 2505 4110
5499 2986 1747
1519 5330 4415
9680 9957 4266
3175 2175 1179
4920 2675 4511
4230 9726 3610
3446 8794 3198
6864 6509 527
6795 502 622
519 7672 2545
5639 152 4465
5788 4242 4805
1456 5891 3864
5865 6642 526
9323 5298 3853
3027 1759 3952
8507 9933 2185
87 2550 3077
6550 8020 3313
5126 4557 1850
8584 8286 2684
3109 8316 315
5283 3292 1660
4300 3492 1260
6159 5529 4136
9081 3061 3885
6690 8292 4376
2027 5751 105
8730 8210 2911
824 770 1365
9828 865 3975
7320 6818 2901
8857 2279 4372
862 7534 1193
8188 3955 3050
8913 7071 3622
4888 2318 4233
577 5562 4280
8626 7123 4645
1737 5444 263
3153 61 4655
1434 3861 3849
1354 2749 4373
3910 8075 4981
625 734 164
2462 8021 1545
7025 3661 3776
9725 3643 2803
8953 9491 2336
4098 1492 2127
3931 7582 1263
5510 9772 4145
4121 9528 2271
1791 9714 1147
2196 8351 4639
2333 8938 2735
518 2865 3933
4511 9758 2151
844 6762 262
6428 7349 4286
3879 7589 362
3718 3245 4979
6317 9107 4040
6809 7507 803
2856 2398 1587
7490 3705 4696
2273 2590 298
3427 905 3824
6110 381 2976
7805 927 1100
6930 6984 333
7733 9250 304
2820 8566 335
7551 9078 703
2635 1308 3271
412 5036 4780
634 2036 4603
9600 2685 3427
5511 859 297
3775 9228 540
5934 6223 4477
3251 5062 1686
4568 7381 823
1938 3404 2583
1776 3173 4833
5786 9943 1206
8067 4256 3140
8977 1596 3463
2488 72 1268
7119 8501 4126
3535 7277 761
5738 7891 755
4390 350 3314
9913 2774 2441
8118 1969 907
2345 4054 2770
1587 7605 1875
5547 9395 2699
8054 2531 2544
4719 9879 1578
7478 6362 1559
1091 3314 640
919 8882 3028
5737 7064 383
5101 9539 4792
1394 8086 3242
5675 4857 2474
1125 7363 3860
7202 6051 4406
2282 3796 831
6997 5450 4380
6867 4419 3767
745 2939 3512
452 1383 3532
8969 727 2064
7791 4357 1631
6738 9546 2360
6256 9180 495
5931 4708 3271
3759 5519 2243
1401 5332 2006
743 5126 1562
8645 7050 1984
7863 7609 1353
6137 3553 4869
2650 9252 534
4991 7126 5000
6971 8608 2846
1269 2305 3299
7962 3707 4824
260 8617 3527
9643 4204 1883
8651 3161 3992
4123 680 1283
5968 5369 1414
8721 4444 260
957 3627 2948
3563 2320 2182
4663 5244 3594
6710 8202 4367
4056 3436 2630
1530 6405 3252
631 8177 3927
3078 8544 3506
6433 7446 1569
7604 8394 4370
6716 8920 3163
7393 1731 4941
7475 1724 1582
3034 194 4972
2380 3799 1520
6746 8004 3880
2845 2648 3934
6585 8149 1215
3651 2616 1757
2743 9388 54
7554 5526 3542
8669 1916 4552
9215 1175 4663
5807 5280 3862
7301 4622 2176
7247 6310 4948
6769 1651 312
1691 6822 4983
2848 1247 201
8807 3937 491
9780 2346 2373
5845 765 35
5042 6589 4359
7953 843 4278
9399 3754 3564
1626 6450 1027
2666 2696 3678
879 743 1456
6616 1513 3546
7161 9356 2876
3519 4866 1809
2956 5567 501
6379 4249 3214
388 477 746
6056 5807 965
6526 7142 58
7769 2930 4413
9306 8791 3175
5330 8415 1872
774 9656 4217
3670 7144 3444
4980 1522 3401
6133 266 3876
6385 5990 3212
7876 3913 4404
5751 7505 3016
1069 7316 732
4659 5866 1399
2748 5077 573
4400 9660 949
913 9352 177
5299 3480 4697
367 4645 346
925 4397 2378
4267 1727 4541
1860 7567 3466
9246 3771 2814
943 9081 1789
7708 517 400
6402 5138 4201
6938 8325 4804
2959 3454 1845
7963 9887 1163
279 6642 1642
8812 426 3907
6451 9584 3353
8150 2549 4896
516 928 3073
4429 3922 4587
5088 2541 4255
2451 4077 4860
6981 3803 4802
2041 6616 1952
8862 8334 4133
8423 7247 157
5216 2168 3917
6523 8236 1632
7413 4020 2712
4337 8475 3190
6606 9360 775
4645 2183 2569
5391 5050 1168
5315 5257 2831
9811 9594 1261
8528 5605 1942
3272 9142 4065
6572 5285 3925
6116 9104 1167
4223 465 4539
3731 4320 796
5822 8383 2806
9213 3438 4797
3125 6399 3291
810 5432 3024
3145 7225 4194
2621 9399 833
5355 9335 2924
270 7623 825
6963 2054 3734
8253 6097 2371
7976 4422 1211
9363 697 3047
7811 8595 4759
5852 8458 2165
2526 5401 1463
4652 6767 3749
2645 6158 4800
6279 1460 4908
1649 2886 1587
8928 220 2728
748 8478 2043
3652 5150 140
5115 2725 2855
8579 5849 1702
9059 6492 4132
3149 5568 994
1118 948 1665
5797 9235 1603
7311 5935 3289
3883 8405 4533
5692 6376 4422
5741 3937 719
9892 3884 2843
5811 6976 2473
2774 2206 3874
7431 8748 1466
3252 6574 4544
1144 3916 647
4448 3978 2554
2149 45 2050
2785 5106 1844
9963 7442 3521
8636 4268 4228
4113 432 347
226 6157 345
3181 2422 1516
9985 6195 4757
9155 3426 941
5053 5309 3119
7023 2557 2638
3026 8691 1420
5881 1677 3125
4959 6251 2717
3676 9 706
3090 8828 2443
4206 439 2503
7299 7401 2915
1462 5901 1386
5121 6760 3145
2959 8971 4233
5163 2504 2942
3597 757 1453
1471 6680 3944
3190 8725 25
4985 7364 3361
7418 7754 4434
4029 9968 449
1392 8244 1712
8647 4609 2295
944 3720 455
1575 833 1635
4862 849 1535
2940 5389 2734
9812 904 3327
1102 8613 4560
7748 2285 1033
3510 5823 1916
795 3670 1810
6732 7872 4749
8973 4001 1406
8347 9303 815
6353 6847 669
2142 6296 4288
1766 1793 4361
3003 5030 4705
3153 2491 4505
3460 2616 2701
5268 7462 2387
4823 5036 2748
6857 9506 1946
6077 8769 1855
6122 4104 637
990 3239 1357
7145 7573 4532
8997 7440 4913
6932 6890 963
2040 3882 17
1612 4124 2326
4907 4740 941
792 5024 4604
6830 8701 169
6984 3636 3745
6497 6482 570
4338 4172 4348
9720 884 3194
5179 9507 1879
7440 3702 14
1034 3484 831
984 5469 3765
1776 7058 4653
9922 4964 1845
9244 1423 4310
5365 6380 4596
7130 7742 2452
8957 4624 3677
5426 8507 3203
2381 1532 4293
8051 5415 2321
351 7042 2593
7954 111 1237
2525 4810 2751
9098 5660 1259
7458 8118 1009
3864 219 2873
7702 6998 892
8877 614 942
6003 6113 1018
3429 3113 2401
1607 2779 1614
1041 5882 414
3402 4060 3882
7950 7924 2095
7684 4870 3565
7755 3885 4246
9940 6785 169
135 784 1595
2061 515 3076
6487 3765 621
7789 7644 929
2172 2496 4527
814 4866 2329
2060 4583 969
6247 6908 358
7981 2807 4888
8432 9655 2893
5565 3154 2342
5383 8006 2845
6513 8677 1851
4845 8645 1475
2336 7322 3912
8634 9811 1642
4233 8600 2060
3746 3276 1778
3185 6594 1191
4380 8329 4690
836 76 164
1616 9750 237
9447 3366 4567
7772 6670 687
5077 7610 1566
3418 2990 1029
1001 6551 1639
3673 9379 4998
6127 3707 2301
1722 114 1931
4240 5835 2863
5655 913 877
4313 5522 1675
925 7957 1789
844 487 1429
2200 9699 29
894 7220 3612
3972 7856 3552
5371 6115 3023
588 4720 2507
6444 3032 1416
201 3165 3276
9867 9846 4848
5486 7764 2841
4020 8458 361
2931 9967 4788
9717 1706 1523
352 2134 4275
846 2636 584
3757 2819 3311
4491 113 656
1745 6447 3418
2286 8417 1234
7247 9378 1982
1023 8834 765
5856 5372 2897
514 7673 4545
6962 1574 2037
792 8686 2678
8414 5912 168
880 1889 3662
6978 9427 1395
536 9559 366
7584 2585 3761
8936 31 105
8320 5938 1163
5599 9252 2366
6727 3238 298
8677 9395 3508
4992 7142 4695
6177 3018 2367
3083 4540 906
3900 4334 4615
9926 2381 2752
5856 4788 4801
5812 9349 3034
2883 9207 1279
1500 7041 4009
2209 2133 2015
4978 508 1459
8972 7509 4826
5907 7507 1559
6961 3917 3737
5129 9909 4672
5319 3610 1095
4427 6267 3150
9036 9655 3295
8092 6240 596
3544 6663 681
7492 3712 3332
9278 6693 2762
4176 903 1644
5270 7049 4210
7509 4899 1098
1269 2283 4765
3287 278 2389
3243 1413 667
3791 538 758
2384 1177 2914
5965 720 291
1908 7756 4674
2672 2263 2665
7034 6783 2222
1252 8626 3920
4350 2490 4944
4491 9019 4494
525 6219 2300
760 6438 4254
5372 8956 77
6279 9766 4607
4381 3872 2456
9623 5935 4936
7920 9763 2906
8461 2734 1971
2460 4881 3852
1128 1516 2228
7153 2059 3662
7774 2366 7
8944 830 3752
9688 4872 4480
3227 5232 3027
3167 8951 644
240 6471 3535
6489 1413 1453
9076 1713 3110
4521 2003 1817
3013 445 4652
6501 3350 2622
8905 7474 4708
2499 1203 1169
5387 1433 3484
229 3836 4656
9754 8986 4870
8909 9747 224
5948 2714 828
5536 2187 3048
7777 4857 920
2993 2465 4746
1338 5140 1608
4372 7107 696
1429 9732 4397
7357 8628 3745
5391 9150 1085
7307 3181 2742
6749 2934 1677
2841 6360 917
526 160 1489
7680 526 1646
1989 4999 2462
2583 5640 901
928 1793 716
726 9852 77
49 5976 1695
7203 796 4626
8346 6252 983
7849 2102 4938
2932 8925 4225
3504 2259 1074
9489 8674 2046
8004 4845 3443
1270 2817 1390
399 7559 438
7415 3355 597
8005 1058 3917
5301 7638 3251
2994 8433 1768
7196 9897 3099
8111 5908 3124
6551 3610 3724
6469 3862 3695
3274 3191 2740
4159 7617 1159
4562 501 543
8622 9815 546
5912 1630 71
9126 5521 3406
8759 8449 3126
1855 5401 3035
6052 3166 2589
1239 3886 2651
9353 2685 489
7538 6493 3395
7981 9730 4263
8547 9695 3341
8322 4200 1089
8096 5386 4573
4795 6359 3217
2089 3229 2489
4364 9807 3234
2985 2184 3770
8921 7717 3175
1344 8531 3943
114 5748 3909
494 8597 984
998 9492 616
3400 4964 1632
4970 2344 4792
6858 6878 2536
3470 1543 1257
1915 8244 4455
5306 1840 4320
2493 1424 3309
4333 2407 400
184 841 4955
28 9635 4415
7306 8826 3118
9821 7226 1297
8806 64 5000
9730 6036 3697
8652 1859 175
1628 24 1946
6052 4065 510
4293 8625 2114
7865 6711 4856
8165 3111 4920
7897 2038 3314
4781 7948 74
8073 4670 1163
2307 4010 2959
591 2713 4662
1966 3179 1843
1023 3059 1779
9480 2630 4664
1125 4869 4652
7019 7599 1927
3512 1437 340
6596 366 106
9538 6497 1278
1455 5932 4774
4445 8848 276
5253 8484 3564
9626 1738 2637
6200 3943 4695
3283 8228 3363
5595 1754 3202
568 4206 4368
6615 9469 929
2643 847 3511
5399 8825 1462
8867 2955 920
1617 3634 2889
2004 6526 864
3175 6637 2835
8017 252 2646
9559 4749 4493
2795 9818 1363
8574 4202 3716
9018 3182 2804
151 1724 3342
9601 3710 4943
3956 3314 3532
1662 5274 4632
753 7532 1480
7164 6932 3922
1150 6749 1119
5158 6327 1256
6191 7102 2920
7863 8756 844
6327 6042 3772
4616 6142 4199
359 2395 4120
2128 4537 378
2245 1663 263
1350 9702 1438
3120 7626 390
2465 6885 3206
9377 1713 4902
1891 5984 3988
2775 6397 2788
2596 1576 1699
7135 5642 1312
4317 3420 4654
4877 3356 2725
7005 8879 2076
326 629 3297
5632 8830 3116
1252 5513 4151
4102 3772 2798
9171 1920 2517
1026 8256 4338
2348 4821 1684
7146 7941 2912
9094 571 360
6378 6755 1288
2728 7996 4061
1406 2541 875
172 2712 400
8009 4984 2005
2072 1470 456
5600 7097 258
1947 7259 859
6536 4368 3030
4458 4760 969
1542 2928 2757
1158 7340 1760
8464 4552 695
8039 6137 244
3065 2342 3955
8923 3667 849
1985 6373 4707
5593 2398 2035
5982 9882 1591
9229 2799 1396
901 9513 460
3693 2649 2267
1018 454 3705
2700 1762 1089
1674 8494 3698
9002 5270 2391
2848 7838 9
2878 356 4826
4909 5319 2802
7430 4144 3480
3227 9293 172
4768 3959 1855
1853 6973 4563
2378 458 3745
7217 8556 3019
2694 7380 2722
4074 2195 306
6416 1627 1597
4899 1969 4964
2690 7498 886
3133 3608 4640
7436 4251 2776
527 2662 966
4751 5899 1939
1746 1480 3018
9297 7760 2436
7714 9103 3568
6802 4634 1631
1724 3496 1518
6564 1153 2357
6002 5520 456
9825 2813 2567
4530 52 4311
3792 4935 2856
1235 2416 4612
1546 5258 4431
7737 762 4971
5568 2816 3532
3425 6194 1509
7256 4470 1449
2270 5283 4607
5161 3533 4722
6822 3952 2797
418 2548 4757
9454 8686 1767
5548 5402 3931
32 8640 3653
4311 7414 3376
5355 2264 4304
6531 9088 1714
8938 4248 1655
2594 4487 3922
6917 1487 552
5088 3710 2157
3622 8373 1799
3897 6095 216
6672 8593 4656
7862 4604 2418
4142 6945 4589
7497 2030 3675
4525 9928 63
5326 5168 1297
8900 102 3684
1499 8000 3458
5934 3357 1481
1054 7180 27
9659 1880 887
8095 7746 4476
6667 4731 4942
6462 5087 3107
5333 8552 4204
4952 9900 1161
1224 5110 4054
6111 8826 2628
7275 962 2060
472 9432 4874
2597 6495 2257
3434 6526 299
2108 6080 4228
5123 5386 1481
5755 1025 3375
1923 2358 4768
5249 4628 231
1452 7396 4976
6052 5929 4647
8539 9927 4605
3922 4177 1582
7861 726 1399
4704 1121 367
5745 2764 4151
3889 5973 3389
3971 3313 486
784 3769 3612
4304 1930 4088
2872 7845 627
4106 7881 3769
9013 473 3207
199 3049 406
1226 5835 4589
1791 3045 4226
7714 854 2403
7308 9462 1566
2095 344 130
2154 4601 1273
6992 3365 3235
4019 2956 3263
1170 8452 2284
7540 7149 86
6246 9757 1961
8131 1677 1385
1683 8969 1808
5198 3330 4423
4566 1872 1426
7201 3610 998
433 6788 1588
9199 1537 2705
2044 8483 57
4553 9644 3532
3533 7748 3937
677 2758 4073
772 479 1431
1926 85 227
5582 8994 248
9567 9952 4348
2794 6369 1339
7012 6671 2567
6810 9096 289
4664 2375 4463
5865 204 1650
8734 8885 3022
3683 7120 3865
1160 7471 3192
5217 3454 2226
7779 3735 4238
3986 5971 1456
1734 4844 548
8620 512 2122
7579 1743 4213
8861 3755 200
3812 1693 276
1732 1286 1373
7584 4272 4049
569 5150 2374
931 9870 4315
5345 6453 3749
644 6225 1521
1380 6099 2078
4120 6429 2403
7822 9936 3822
6546 1733 4466
5194 7847 2393
3962 8267 3571
6707 2097 2934
814 2805 4106
4586 5289 713
8945 1354 4132
5590 3930 4216
1101 2923 2176
4001 9198 1645
1434 1710 2215
1747 59 347
9843 5654 3815
8687 2608 4756
4383 1457 4950
7680 6646 2608
3853 863 2139
8587 2684 3724
2243 1468 2759
5715 767 1556
9670 7100 4121
445 2025 574
6704 9102 1204
1243 8854 3720
4163 594 3187
4221 9317 1265
2765 641 3698
4064 6119 3032
6437 2088 310
2149 2076 4799
4127 9443 2313
6064 1569 1586
1165 9823 4444
9499 4496 4308
5064 7884 345
7708 1072 4057
3941 298 1498
1407 5839 3310
491 1710 1680
9620 9670 2091
7740 6624 2771
9987 8350 2282
5739 7550 3284
2629 1109 357
5159 2599 252
7093 8784 986
215 6859 4831
6899 1695 1596
9012 7242 1999
4698 3686 2651
7849 1270 761
338 2048 1873
5110 7178 3751
816 4596 3850
2222 9373 412
2673 3164 4246
8888 1584 1775
9282 3539 3650
2189 9254 4913
8917 1897 4569
8039 6443 2045
2724 2441 828
819 8596 720
4565 4299 368
9748 3505 181
6762 9327 2229
8929 2841 3954
2120 1336 2089
8302 4703 3178
3942 4788 3259
2870 7391 3896
1476 4174 1284
5757 4948 3166
3989 3785 420
8102 2078 3862
3487 1083 1102
5605 7101 4659
6385 6313 780
4681 6405 4965
5832 6402 907
4223 2697 3216
6792 1011 2575
3758 3085 4655
2785 139 1702
3611 75 130
9804 8735 4871
8784 3369 4827
6628 1859 2712
7959 5089 2372
3658 4318 1040
9038 8654 776
2016 8353 2527
6541 2951 4795
8266 2866 116
1823 831 4020
2061 2925 4393
7624 1892 653
6781 4686 4350
8452 7968 4504
9947 8704 1910
3703 7980 1862
2980 509 1486
5870 3442 2717
3786 6796 2586
4608 103 1424
7652 8733 3373
5394 6820 341
8092 4523 606
6850 8777 4263
1389 1245 1883
4696 6710 4615
8484 4492 730
9085 5523 3013
3215 8661 4691
3750 1614 4004
5611 924 107
9511 5473 3348
1280 4230 4580
8734 357 612
9641 3474 2241
3324 4740 4865
3914 8700 3914
1311 3825 2066
4899 3961 4627
1906 5596 4876
3476 6692 4088
5776 3826 2897
4291 7166 2501
5220 7832 2917
2991 7028 1299
1968 3195 1729
9085 7898 3310
117 2354 92
5051 1898 2647
5505 8588 2038
853 1836 4923
1582 6767 2430
7164 3685 1024
3018 1049 1227
8746 4073 1826
1322 19 405
6475 9635 1214
9607 5148 953
2298 4419 4998
212 9714 1458
1113 8560 4959
694 1016 235
9550 1095 2007
2120 6107 1566
1207 1694 1223
9640 800 2096
7587 2775 3807
211 216 1953
1693 8308 2930
1201 3145 1404
5957 427 2973
3960 509 1804
4225 6608 2755
8397 5249 2986
5935 386 1469
4625 3819 3567
544 5044 838
1664 546 2008
7245 4137 339
9211 7012 404
795 4846 2671
2018 2265 3169
6918 4384 4875
7871 9096 2231
4979 3630 3954
6289 1902 289
9516 2438 2978
9296 4556 2342
6100 2568 4366
7263 9616 889
4406 8563 4240
1184 3411 2441
1538 6120 3989
9716 1655 1146
9675 1313 1436
6932 9114 2198
8023 1801 3174
8049 1699 604
624 664 3698
9194 5823 629
9439 2918 850
8802 961 2202
3911 9506 4845
7140 9548 1288
8020 1949 3653
7138 9479 1615
4209 3556 920
7836 6034 1168
3680 522 1647
6078 2515 3412
131 3045 2243
8251 7057 4963
6252 6659 1954
5682 8133 1603
5103 6863 1170
3830 3010 708
6490 8657 1388
4721 1600 4784
7223 5395 2043
3484 2242 4572
4573 537 4797
3625 9864 2108
2351 3987 2979
481 3441 1882
3086 6915 2669
6677 4509 736
8856 2037 3148
2521 3392 42
9740 2707 3702
669 8161 4187
6358 8707 4886
1331 707 85
9172 7611 1312
9884 2945 2108
2186 9478 4712
9544 778 3108
3294 9363 3438
8014 7413 1835
9799 2907 1828
2993 5473 962
2024 2744 3399
8259 3488 1971
1516 7272 2311
3750 721 710
7992 1194 4661
9769 1142 364
6669 5278 527
7696 4955 2790
9067 659 4985
7709 4913 691
6936 4645 5000
2873 7355 1859
393 5604 2820
9572 3441 944
4700 2068 3367
923 2396 849
9060 1545 1466
9659 9608 2983
7621 8424 2910
9012 92 295
1226 6908 3708
9188 261 3603
3353 9958 2776
6567 2398 1839
8867 1576 1366
7690 8125 4442
4353 825 914
6526 9166 4119
7928 2363 3661
5075 8810 2918
6239 1315 1808
6365 6296 1315
6745 2886 4602
7247 3106 2417
4617 8832 3824
6431 2151 719
9261 8575 1082
1228 1360 1233
1636 8081 4137
5507 9653 85
1631 2188 3315
179 2407 2609
3573 2586 2204
9047 4741 132
5738 9590 4831
1953 4182 4082
452 9720 1224
6510 6132 455
6188 4534 4435
2434 3279 4040
9920 6154 776
3621 6099 4032
8472 2959 3344
1400 9163 1591
2635 9467 2346
1341 1217 748
6736 8665 3463
6274 8604 4960
427 9261 2529
9820 5698 626
7079 8353 419
4901 366 2818
640 2750 1311
8024 7398 1381
8756 6417 3569
4089 4681 2889
3769 512 76
4498 8077 375
3602 2015 4674
4627 1743 3117
4949 4459 2130
3196 3727 2678
9001 4889 1526
4929 7058 3606
950 9014 2255
5133 193 2251
3877 7999 1622
7913 1133 1035
5368 6497 4717
8934 1378 808
179 4124 3848
4744 8818 2774
3885 1744 4182
2096 4941 3403
7735 991 835
7488 8243 4595
1625 3792 2929
4324 3563 1114
1302 8749 603
2171 6888 2382
1838 5688 354
7466 5380 3347
8023 5911 3799
7004 9314 571
2934 759 857
3684 5397 4166
3535 4746 1318
2348 9368 4164
2346 6262 4896
6689 1585 4861
5278 2791 2724
4186 6136 4303
7216 2301 4160
1633 3155 3533
2093 2413 3606
6946 7646 4724
2795 7327 4710
738 5530 2106
1189 3460 1537
1905 7199 4805
4630 7032 1257
3979 8671 1979
6685 3356 3354
9468 37 2808
21 7957 1798
1095 5078 2227
1536 2313 204
4777 7193 2444
6607 4085 4874
5400 2962 2099
6611 6332 1565
2361 1388 3195
321 3418 4113
48 8481 7
7307 3552 3225
5267 1626 691
3442 3203 1309
7531 4355 2170
9918 7703 3044
644 1959 2500
8582 3052 745
8201 8745 331
9288 7218 287
1097 4420 1996
8081 4066 2975
7405 4415 106
179 1652 1090
2556 7024 1851
3808 793 213
1254 9870 1346
9670 9155 4327
699 2340 4513
8406 2126 303
644 5864 2690
396 8903 2891
6469 1495 4103
7176 6025 2176
6195 3050 3411
1186 3527 1365
2433 1712 3563
8640 2973 4353
229 9215 672
6223 2912 781
7738 3934 140
62 2615 3718
1143 3857 2350
7164 2101 2743
4003 8828 2262
4704 3608 3550
7079 5428 1207
929 4160 869
85 2892 3285
8496 298 1825
4063 535 3736
6257 5797 361
290 9182 3814
2811 3921 1683
9276 6109 855
7787 8775 4588
307 1060 2138
3334 1261 1432
2477 2231 4393
8218 1808 4934
9079 2122 3250
4663 2067 2872
8577 2442 3518
2455 4592 2267
8616 6431 1563
9830 8352 3594
7707 1589 2584
6169 5394 1012
1020 744 973
8575 57 1903
5122 7039 3855
2446 1424 2714
3006 4566 186
9430 3704 4383
3852 5842 1092
8159 5199 3316
1329 7390 671
3307 9387 3766
6181 8014 1079
7600 7299 118
4396 1301 1500
5275 6586 1272
4330 8356 3695
8529 1160 4869
9924 3327 2919
7775 2696 2899
6759 3985 4020
157 718 4159
2479 5229 969
2592 3197 4358
1026 9700 3209
3066 6973 1661
3726 7005 2877
3487 8526 2259
7945 7563 3655
3844 3957 3154
2654 3397 2323
2916 5738 1227
8812 9777 3505
6952 2 3300
4229 7362 2768
3579 2549 2836
5826 7545 1678
9111 2151 2360
332 7384 4836
3136 6162 2723
3051 8299 4892
9490 8272 4438
5939 5347 330
5895 9563 1325
672 6485 1665
4040 7980 493
6340 7467 948
472 4505 1109
9168 5342 2579
7967 9093 3930
3287 2451 982
6570 2434 4605
2915 3481 241
8768 8734 276
3779 6003 3018
9084 9144 3663
1428 4322 1408
2016 2753 1907
6983 4284 3169
6518 6534 476
4638 6035 4534
9766 4100 2739
4053 2487 4469
4393 3702 2994
7321 8356 4323
4296 7444 923
6100 4561 913
5896 9958 4067
27 5776 2095
1394 3603 2501
5744 3737 320
4887 5855 1865
3918 5155 3572
6890 6036 3744
2408 6977 1527
5803 6761 1398
6508 5881 4408
5450 9363 3182
2417 5405 3218
730 8341 740
68 9211 2640
7233 9077 4126
809 156 2502
5761 9636 4114
8376 9568 1632
4504 1313 4897
9804 6470 524
7323 6732 2362
4376 3873 1064
9925 92 3852
6672 5301 4591
2172 4097 2345
8718 9704 4173
7959 7670 2205
9297 9202 2796
4192 8804 2885
937 6530 3803
8411 1107 2110
4805 7125 2185
9566 4828 2883
9668 9746 1236
4297 8969 2829
9755 1996 347
7129 1360 2817
3733 4606 1807
3802 6610 3162
7780 1698 1435
9028 8684 646
779 7192 4692
1199 315 4280
4159 8378 1107
4953 1764 4072
9276 4621 3076
6122 3031 1482
5757 6283 3255
2712 9991 2992
2827 3399 27
5978 3600 56
5654 1403 1919
2880 8099 90
8207 8031 1508
5315 4944 3282
6504 2545 1354
3818 666 4439
8427 6366 946
5486 8485 4668
2633 5425 386
7796 1495 1547
3080 3285 4872
5563 9829 3785
5207 2098 1773
5918 7437 4749
6291 6022 4763
3422 1328 2507
9868 1421 3776
879 7567 3886
5868 7667 2300
616 3592 3179
57 2971 2490
2316 536 611
1427 9713 3586
514 2205 2612
6390 2329 1782
6217 5010 374
6705 3390 4207
6737 3376 3473
164 6108 3954
4899 7767 335
7213 6769 3875
816 4060 704
644 712 2696
1955 1844 688
2814 8030 3740
7135 1744 1664
8346 6649 3727
2348 9536 1831
9146 3280 2933
9063 7044 2806
5907 8820 543
2142 8318 2177
8780 5365 2751
541 5340 3541
4077 6108 1841
77 6745 3619
8568 7226 1820
9183 4819 597
1260 387 3600
3280 5014 1203
9714 4487 3100
4720 1271 763
8009 1868 1889
9305 3131 4458
6403 3523 458
8244 5921 4122
2230 5739 4732
2353 8546 1163
8554 1927 1341
2307 8531 529
7034 1909 4355
2702 3478 1684
2703 9311 2112
1866 9434 2277
6318 33 40
7837 9074 2711
1781 8574 867
5371 7451 3976
5916 561 2221
1413 1776 116
5352 108 4075
8524 3582 960
2811 6468 4930
2765 2240 1623
9447 6952 3356
8959 7889 1069
9530 3437 3357
4051 2032 3933
8401 7164 4474
933 9000 4153
8575 9172 1046
3488 907 399
5792 2388 1284
3848 8384 4689
2610 4820 598
2631 6096 3434
3191 7532 2075
7914 6646 1155
7096 6853 551
8363 4910 364
8169 778 4413
8079 3178 3771
1106 1579 3130
1196 8024 2098
1951 3994 2985
2539 7335 43
293 8642 3897
8332 135 1747
3000 4636 57
9532 7924 895
6864 3041 4341
3922 4491 4061
5542 5103 4376
331 84 1213
9986 1510 2211
7083 8143 1351
6685 247 4418
9108 6899 456
1265 6387 207
7846 2189 1478
3413 8410 4881
7313 602 4464
5537 2345 333
9996 8387 872
1888 5049 415
746 1506 4504
7356 1455 489
9899 1878 1489
6859 7191 3264
1193 8925 953
9109 2711 4289
3128 1408 125
3374 1611 4696
3371 9780 4571
1211 226 1983
5253 7901 2556
1882 3001 1755
1026 5380 4071
7319 15 3991
3707 3838 25
1230 2998 4520
8025 2274 578
4054 1807 332
3598 1522 3141
3179 385 4912
8901 4646 448
8215 6928 1683
664 9756 2010
6581 4621 2583
9212 9045 2789
7016 9688 1591
4502 4278 306
7187 8252 4409
5333 8782 3435
1770 8745 4919
4088 1959 4629
2551 9585 1647
1285 9502 4172
2175 7007 1727
670 3095 2777
9819 9318 2128
86 1775 1270
3742 7118 798
6951 6457 308
3356 3608 2046
9252 7388 4738
233 5120 4322
8206 6695 755
5540 6857 2721
3264 1652 1125
3353 4845 628
5423 7962 3911
5561 109 919
4198 4397 1012
6740 9246 4666
3623 633 3686
8084 1282 1349
3252 2835 968
2742 7198 2957
626 9407 1141
4467 4805 4144
8178 3344 3961
3030 2423 3751
7758 698 753
5323 5952 295
872 5279 1635
8049 6939 814
3731 524 4567
1700 7140 3593
8015 2091 203
8245 69 3177
4423 9456 1340
7897 1596 3119
7611 2519 4965
6857 9408 984
3659 6329 398
9236 5247 1714
3425 4401 4952
3013 3490 44
6460 7738 4919
4746 6819 3711
3489 3279 527
6397 7889 615
9462 8817 4480
5023 6462 3419
1880 3790 1979
9414 2211 3426
2448 8564 4898
1997 8503 1607
7826 8834 2754
3068 6226 2296
2187 6022 2065
6046 2961 2918
2181 4163 597
6255 1250 3171
6336 3981 4114
7979 3012 1926
9328 5882 702
7926 4412 2611
1121 8704 2178
8665 1264 1927
2401 7091 3794
3327 3425 2056
4698 2045 3447
8870 3403 3633
9157 9664 1190
6464 5918 2353
9863 5952 1301
8040 9566 3978
1847 3314 1421
496 3312 558
3665 3816 915
3 4023 1727
7409 4051 1903
6303 1459 4813
1268 3554 2533
3810 1937 3526
9849 1918 3930
3561 3121 4800
8766 8730 1952
2724 5655 2631
876 1648 619
9039 6047 1263
8929 7428 3997
6385 3854 4107
2237 5410 1653
566 7701 3824
6970 14 802
3737 2752 3406
8785 4463 1910
1743 1295 2252
9749 228 3446
708 4402 3105
7641 4018 1429
3191 6725 3867
327 6071 2032
6826 1773 156
5503 1874 3015
1522 3255 2139
1015 7510 1187
8686 2779 2883
5453 1325 2546
6334 9324 365
6664 1534 2739
3903 3166 3222
1860 3156 1874
1610 7459 1476
5455 3300 1667
8151 1883 4609
1019 2465 1138
3538 3303 1555
4552 8939 2157
7155 310 506
6935 647 1721
25 157 4384
6343 3676 4204
6834 4257 4814
9473 2772 4074
2352 4324 1080
8614 9960 4510
1672 8192 3040
6391 863 4951
1723 8901 4931
4385 4279 1472
425 6485 4662
2255 5927 3146
5982 2097 4931
1702 9481 1658
8 6092 3094
7912 5443 869
4229 7510 1448
6972 8161 4480
9322 914 2273
4209 2767 1247
252 7181 3260
9200 9182 2062
8392 1547 4790
359 3173 1759
1073 7576 890
8459 691 1564
5950 1729 3520
4283 5948 2100
6465 5362 1796
3689 9705 589
6504 447 1734
7604 3377 894
230 2892 3044
2035 1389 3668
3371 5212 1611
7712 8078 3912
1330 3016 2532
2143 521 4219
5341 5227 2786
5022 5774 2963
205 4819 690
9184 1449 363
8062 6139 2270
4065 8808 3815
205 9477 4138
3225 8120 4489
3565 2546 726
9447 8858 157
346 9936 1854
7223 3671 4161
902 3905 2005
9147 3822 3896
2030 3266 1498
8003 9279 323
3411 3797 1370
2797 5562 1737
743 4868 4968
1128 566 178
8714 9859 927
4733 5965 4176
2568 3315 197
8992 6332 162
6318 4894 1230
7299 7841 1187
6125 9448 2279
8016 2985 622
4744 1668 1480
8063 390 1374
2315 9267 2822
7607 2202 4461
6171 5458 2744
437 2788 3698
6504 7414 942
6694 8284 2665
8520 1013 4591
4725 8552 4992
1801 7703 1153
8357 6506 2186
6030 5687 660
8325 8449 528
4667 3366 525
3218 3920 1285
8984 2552 720
1268 7689 577
1000 7348 1587
927 5133 2797
6134 4935 885
4031 9536 4604
1407 8063 829
4442 6972 2212
2739 1474 1580
9978 7476 2476
2290 4120 2876
8298 8788 4280
2357 2109 3615
914 8066 1799
4232 3240 1855
2884 8038 1277
2135 2065 283
4085 832 4346
7575 6245 3672
2642 5361 2313
5060 9588 864
7215 9699 1353
2237 8759 494
3472 6122 876
4585 5833 4503
6475 2055 2311
7511 5320 3766
4246 421 3565
1843 6835 4101
6267 3057 3586
7515 6106 3488
4614 3901 2279
6358 9162 1048
503 7234 1292
5903 1430 92
4341 3462 2060
7044 8727 2121
5868 6743 4561
6483 337 13
4885 2209 3711
4231 9242 4557
6703 1485 1967
3683 7574 222
8431 9193 254
4269 524 2234
5959 774 3322
7878 3748 3390
3209 2796 2508
3016 231 1712
7136 6294 3662
1843 4325 4260
2421 522 561
7001 5402 3926
6916 2936 4113
5152 8027 4059
7311 3253 4545
1157 3609 2323
1953 6754 2349
2993 8083 997
6712 5714 3921
1179 3184 1325
8766 4098 2402
3283 8954 1097
7391 8856 2983
6186 8437 1904
1167 7721 2265
8934 2629 4057
6191 9072 992
929 1171 2421
8909 2157 41
2414 2974 2795
56 7242 4328
9756 5386 3339
5847 1709 4353
6099 1266 3411
6210 3203 2069
2516 5911 2682
4241 3199 4772
4634 1178 3999
110 5561 1480
8660 8110 1707
285 1331 2212
6291 9050 1330
1096 2342 2316
3371 2446 151
9639 4042 556
7636 3548 4423
9018 391 1107
2092 2331 4072
8345 6537 4629
2050 2435 4951
2629 3714 298
676 4075 781
9975 1334 65
2576 6968 2988
4662 2049 538
4983 6242 4061
7019 1696 3137
4214 7861 1214
5565 4053 1935
9147 4192 1420
6154 4676 458
629 8242 4271
7871 1337 3650
4922 3038 29
7687 5984 1470
5349 6145 2039
6469 3259 4341
178 3164 560
309 6906 1536
1493 3589 453
9296 9954 3398
6408 2684 1347
9690 74 3401
3803 4915 3949
94 1942 1955
6578 3833 2869
2566 8108 3903
6752 4528 1506
7131 4492 4877
3250 9336 478
7223 1081 1841
2121 9869 3947
5536 3929 1883
5562 7939 1722
6230 1957 388
6128 46 4386
4903 4254 385
6209 8524 2521
4999 3395 2872
1444 623 4562
6822 9078 1999
8826 5737 4503
6018 1640 1292
9901 363 3397
5777 760 360
1459 5480 4964
5463 9113 4957
2713 9051 4292
7117 7135 481
9799 5630 3078
2824 5763 4662
8456 3493 2366
9349 5976 3269
6850 6777 1766
7877 2838 2307
3794 8860 392
5261 8193 284
3141 7321 3389
7125 6025 222
7915 8380 1915
4992 3998 2081
9120 3255 4274
3438 4594 4306
3548 12 1830
7248 1734 1392
5473 9162 2346
5825 4816 1965
1197 3561 4000
4563 3043 493
2075 8890 1088
8390 1313 316
8401 9034 2499
3887 8820 1991
2874 1499 1564
2308 1310 2005
1521 9435 563
374 7656 2972
3057 7893 4585
6502 2420 4334
8855 4626 3927
8282 2002 2773
8618 9678 3269
9095 5747 4968
4115 2553 763
7939 2610 3447
590 8385 1287
1616 3454 2621
9979 1357 1404
9273 2658 1877
1986 139 3766
8267 4717 3344
7159 9895 2796
6225 1664 3623
1449 8826 1335
3542 2759 4060
3427 8968 4570
2131 7722 4611
7721 4485 686
4024 9261 3597
3762 1255 4088
8099 121 3081
7291 5341 3517
1765 4995 4691
596 4652 4178
5149 8940 2389
6012 2188 931
1145 2583 2557
4531 3362 2836
4369 422 486
7153 2621 719
8156 4561 4374
8596 1486 4869
347 6332 225
8035 6499 465
4747 5815 3425
5837 1022 919
6340 4020 4501
5682 7730 2041
1124 6732 4376
4862 7532 133
9031 1687 2224
5863 614 4146
2222 3570 3658
8876 3921 4126
5944 2749 3093
3339 5946 1620
2635 5646 3559
5603 8890 4635
9463 3494 966
7199 3452 265
9714 65 614
1208 3677 2474
7129 8894 91
841 3750 3391
1500 5964 2789
4494 2415 3512
925 2581 3568
8047 6482 555
5542 1417 4600
1054 9595 1992
4034 1461 387
4468 3789 2049
7514 4516 3193
5369 1441 1760
1523 6848 1586
8328 1512 1460
8987 8876 3335
1205 4601 4803
8778 1 4786
2545 4978 4520
9836 8460 2755
4283 5800 4039
5037 9383 4833
9146 4379 3772
3943 8994 4127
985 2999 2923
4988 4276 2221
306 8863 3419
9769 1480 4944
7921 7191 2862
6015 5193 3101
7885 7777 4963
4145 2266 254
4385 9326 194
9581 162 3035
9415 4760 2382
4120 5006 510
5892 7077 3053
5977 5697 572
8081 1832 4028
1536 8817 1126
3743 2024 1585
330 647 4030
8728 2041 2990
2286 7985 3642
8902 7949 385
2767 2050 3106
8691 5797 2278
929 2112 3973
7723 2139 1858
4388 8346 512
2324 6263 1274
1732 9199 601
9839 9144 4852
2567 4911 225
7798 8069 4421
6936 5354 1736
9078 6395 1929
6875 5060 2565
8765 5145 2215
7001 7771 915
6592 306 4345
336 6641 2260
7755 2435 2470
2338 2083 663
3589 2047 2606
5440 463 4639
776 2681 1549
7 7397 2900
62 4230 4943
1842 6761 4481
4750 2427 3517
841 4126 6
8705 7591 2931
3844 3897 3363
5654 9282 4551
6604 4979 1990
2665 2693 2444
9263 837 561
7449 9485 1717
6174 3591 2759
4905 7617 352
4852 981 4284
886 6675 1947
9602 2257 4162
2738 3957 4356
3047 6592 3548
4546 6606 1289
1291 3012 4785
9223 5037 2154
5334 891 3892
9121 4293 4871
40 2206 3319
5944 9943 670
7874 6885 662
2088 1584 2451
3474 999 43
2607 8243 1740
743 6292 3168
8501 6756 1357
3841 8315 882
2171 7308 3785
5632 8794 2533
3539 416 4265
8555 2818 2231
1829 4503 850
3756 6978 4952
9402 8300 3694
9679 468 2111
5935 5014 3492
4773 3115 4055
4019 8663 728
6633 8020 2320
8092 5018 1334
8136 6259 4433
6053 5390 682
4864 6234 794
2522 4769 2412
6475 5817 4127
118 8298 3529
8963 2535 901
6411 1803 1554
5465 2606 3156
5047 2435 2882
1688 5457 2373
3284 3206 4756
7784 4261 4407
476 8810 4095
7217 100 293
6621 1194 4104
4472 3685 2415
5556 1438 4027
9394 2905 4662
6731 8758 3973
7276 2180 4634
1038 8985 4290
4830 4242 1586
7240 6296 3108
2458 7563 3824
2377 8336 3200
4757 351 4737
3483 2407 1327
3860 5053 1159
6916 8285 868
3575 2364 1296
4195 1470 892
9172 8342 1800
2329 4769 2788
2312 6369 2764
6269 2683 4323
5020 516 4338
9116 7459 3511
4640 7988 2445
9932 4834 3466
5618 9770 2912
9355 3440 501
796 7137 4948
8584 5518 4591
9182 7175 985
3495 8547 943
1791 1633 4338
4788 4565 4924
2810 3231 1857
7022 5342 2609
576 8382 903
6067 4088 2060
1927 3430 257
1705 6455 3627
2795 5418 374
7652 3691 4684
3222 1194 4287
3081 7131 2643
1561 5636 3461
2394 3402 4329
8176 815 3941
108 3510 1672
7113 9310 1286
2665 4354 4702
5089 7348 1237
8849 6264 2995
44 1852 4242
8907 5612 350
6059 4060 3037
4406 5992 1396
5930 5963 1671
6589 2888 1369
9201 470 4804
3471 7441 2990
1358 4245 793
164 5201 4343
8045 2662 2995
4379 2835 4769
687 7649 2191
3898 3652 4235
9753 2053 3225
5193 6268 1411
3168 1961 4774
3300 9549 1253
5 1088 2710
879 4324 674
2228 1490 2781
366 6659 4461
4649 9425 4596
2590 1634 2532
9530 6103 972
3071 9716 2173
2905 2557 3334
6823 9410 911
9488 8227 3303
2755 6779 2105
162 5425 4985
2234 8424 1387
6710 5407 2565
727 9254 1944
4540 8468 4298
2367 7845 932
8300 5107 3324
8103 902 4051
2375 7299 1240
9895 7960 2534
4752 914 615
2877 1120 3558
1033 159 3257
292 7098 2805
5625 8778 4831
8594 8379 2285
67 6284 4695
4486 2550 1385
1217 8745 641
3685 4163 523
188 5308 4900
8029 422 4348
8655 1275 1403
3579 6729 1519
4831 5910 1063
7369 7111 558
282 6465 2692
481 8480 4039
2177 8513 468
33 9199 4295
3450 9679 1591
4808 4814 3916
3055 9829 4725
2473 3249 1644
5434 3261 3155
4298 3857 4262
6775 1428 319
3965 2665 1479
5328 6712 2422
8475 3353 3274
8696 4540 1774
7855 1196 3511
4730 605 3216
1211 2065 4712
4148 5726 939
3 5790 2777
1627 7656 3959
5397 8041 2730
2334 5765 906
5408 7125 3048
6985 1061 4300
2471 2541 1375
8857 1661 67
7940 3598 1567
7015 8147 1540
3741 3095 4909
1246 2233 1449
2827 4955 3132
2569 7779 973
8915 1935 854
8 928 3861
1611 8110 4823
1454 7522 197
7902 6085 1882
7029 9180 3630
354 2171 4307
8714 9614 3983
7602 7925 4950
7899 6605 3852
5944 810 2720
7002 8109 2639
3815 9949 3036
2132 8023 2371
5555 49 1585
6322 3499 2797
3209 2991 2427
3326 9174 2142
5246 7502 958
1557 6301 1555
7721 908 1990
9410 5700 2057
8214 3242 1452
5089 9345 1248
3364 6970 3664
9391 147 4353
2637 1646 577
2966 7225 1222
9701 3348 4681
4125 1944 2450
6269 2424 3673
6662 727 1369
9052 7 2492
3234 324 3230
6603 3856 4168
1074 8089 3734
8894 1032 3892
337 3377 765
4209 5933 637
8221 9563 718
6981 8871 3452
7868 6223 4021
1434 3747 1028
5813 6573 1366
2384 8612 4805
2188 3929 3972
1055 646 3223
29 3590 4941
4753 9769 1335
5180 9074 1771
9451 2002 4268
498 7942 1911
2189 770 4927
9887 9205 241
7584 1322 2049
8703 8728 2515
6782 6927 179
6987 1435 1326
4446 495 2759
6652 8236 3825
6179 427 2088
7709 5051 1309
3376 90 3120
5705 4216 3390
3590 9288 3079
220 7783 4735
5600 2558 2964
5824 2986 614
5111 2691 3737
8324 6004 1002
2534 5161 4991
56 703 3928
1904 743 4883
8164 2627 4180
4204 1312 4049
3771 6282 1204
8242 875 2780
3496 2326 2477
3153 8350 339
842 4762 3313
152 7824 2831
8161 1644 4861
6430 8880 3422
1801 7327 3402
7355 579 2285
3815 1607 1732
2198 4783 3494
8156 6598 2668
8311 1328 3816
9493 9360 2350
8205 9476 2597
4235 5634 2350
8512 7453 1242
5410 3657 738
5089 1241 520
2268 4585 3671
9194 9144 3678
4355 9443 2952
8607 6370 3606
2264 3329 3913
8647 1153 798
4703 1077 827
1501 5643 985
8431 4481 435
6217 3400 2664
524 8271 3889
9125 6904 4605
7173 8508 3558
8379 5712 1818
5704 5268 2759
7996 340 2574
9809 3833 1607
9896 3210 78
9647 3085 3420
7464 6843 201
7308 8851 1938
7096 9001 1450
5013 418 1572
6605 9033 1786
4903 6645 842
6688 2273 3659
3711 547 4529
3310 1453 1306
269 6644 3988
1046 4319 2893
2148 7269 1868
2140 6833 860
4532 1295 644
2341 4023 3551
3268 4135 4221
3441 4692 2663
2485 7933 423
6900 2539 2154
4021 4026 3287
5640 3868 1770
3973 9816 121
2583 9786 3281
6016 1497 2474
7062 3018 985
3698 9841 1881
6333 2625 898
6799 9299 2863
8575 6049 2610
6467 3728 4659
252 3617 1690
4709 8383 1261
6716 4218 2733
2895 4494 127
419 5558 3942
3512 5882 4016
3502 7868 4661
5318 2111 3783
452 7611 2760
1043 5251 1362
7619 776 4699
8344 2773 1969
8686 199 3723
7921 3190 3005
9092 4398 3402
7736 7847 2952
7677 6647 291
1837 8508 4602
6671 8065 4555
2889 6667 2718
1185 6114 28
5837 8327 4868
4049 5713 482
9484 3599 3812
1718 1748 2298
7329 7577 3374
7030 8458 2389
5606 4245 1439
8092 7670 1106
3060 1348 2107
4417 5111 1674
8832 7738 2502
8045 5530 723
6397 2907 2912
5003 7577 847
2396 9517 1701
2152 8788 4618
9724 8927 814
5097 9625 2823
2898 9904 1159
4524 7883 831
9706 6464 38
4689 2040 3705
6892 8531 2379
1753 5458 539
7347 669 248
312 6838 3187
2577 7004 4205
5614 5672 181
8358 5044 2526
1035 144 921
7047 8104 1371
2591 2144 754
6993 7101 2793
4744 8577 3828
8414 6648 2225
6614 5600 4440
1380 5790 3168
6515 9200 2336
2573 7442 171
6073 6298 1396
2589 5245 2443
7630 604 3697
5965 9249 4111
3830 5283 1057
5244 7628 4364
9661 167 3305
6885 2785 2728
9363 5414 4240
2385 1413 2102
3379 709 4141
7161 6325 4646
3670 4983 767
7971 4485 1169
7590 9382 4017
9488 2759 2911
1691 9050 3383
2988 7601 4552
6859 2903 4805
1508 5396 4417
1127 4736 4056
4960 5218 3772
4040 7919 2104
4653 2619 3681
5771 1173 1671
1768 528 778
199 1833 451
236 7744 931
6835 3586 650
3729 1184 952
3231 5705 3412
7498 7515 3864
1025 1194 1877
3685 2174 473
4247 2490 4593
7239 149 1884
9375 6324 3078
4062 3828 1247
6530 6724 1164
296 6077 1185
6005 6220 1256
2081 9467 3257
5457 1312 2771
3878 7961 1158
8387 980 3446
1498 5769 4677
1738 6305 4588
6920 6788 936
2081 8758 2877
6083 953 1318
9257 4756 309
6782 2484 4127
9964 8627 1149
4340 546 2195
2471 6087 876
5019 9934 3994
4347 6699 1703
4358 9394 3727
5129 3770 2689
3978 7490 2318
9299 5431 1029
6104 3055 2794
7060 210 4192
8392 4816 4003
44 7964 710
1802 7593 3227
3411 3359 3549
6204 1649 4529
1062 6031 543
5509 9629 2414
7839 2374 4490
4343 1467 1480
9341 5247 4229
5937 5449 1715
327 370 591
9338 9017 1719
6585 3100 3587
6448 458 271
5540 8394 4891
4881 6021 2874
1263 6689 255
9399 1123 675
7593 4544 4996
3424 8579 1435
3155 2593 4541
7419 1545 2870
9940 5695 2903
4207 7908 924
7942 5621 4392
4952 7204 401
1227 9477 4010
8631 8996 857
1515 527 4741
428 9841 101
5015 3288 2037
8168 989 3130
1190 7346 4442
7302 3022 4546
2837 1596 3739
4715 7945 3942
3882 3635 3232
7254 7055 722
1807 8189 4807
6849 1896 3337
7243 7052 3083
7786 1725 2927
7719 1742 4251
7526 1964 4605
2325 746 993
7234 8739 4207
3828 7953 2757
8978 8026 2679
4930 5151 4840
6150 1394 4622
783 2587 1383
8105 9810 2015
4890 6964 3868
4953 8530 4348
5352 1881 4455
8354 5746 719
3073 6281 1816
6898 2644 637
3503 8052 3225
3322 1647 793
8041 7843 1625
5158 5614 2841
6907 3807 3118
9343 3413 2101
7878 9364 2177
4097 815 1592
3363 3992 3423
7431 660 1386
6305 1669 1656
8179 6476 559
1012 3670 2635
2987 3088 1760
1335 9853 87
8091 2826 4845
7669 11 960
531 4086 1935
8419 9296 2496
8980 370 1952
7790 3214 3287
1084 92 650
8955 811 945
9927 6956 1182
2547 6691 103
9071 1396 4755
5547 9659 4538
6014 1771 4235
7165 7377 3182
6616 7985 2464
9356 5464 908
3520 4438 4976
9182 5610 4381
2253 7511 1812
2197 3404 3753
7298 6897 4502
3584 2703 3326
8802 9030 3294
2816 1990 4715
4602 6305 964
1047 340 3188
5599 157 4404
2943 5727 3753
2759 6494 3461
7555 7740 2348
5430 6876 2631
8269 9609 4624
6757 44 2038
3366 5687 3562
3299 4128 4515
3566 7277 3057
2733 3777 1581
6960 9698 4969
7415 1527 3662
4610 6050 34
3773 3641 2766
8058 1349 4033
7519 2423 3380
6180 1589 3212
4617 6246 1480
2945 1023 2792
6877 1827 2904
9946 9619 4113
575 3622 4035
6013 2402 1814
942 3809 1704
1262 1543 207
2384 6274 2064
3255 1791 3964
9868 6034 4367
2357 5703 1177
2944 2627 4954
9271 1094 931
8755 4404 422
75 2198 2952
2415 515 4047
4374 3148 2340
7120 4448 4388
2046 8257 3326
8639 4206 1051
5860 6512 1764
7290 9531 4821
7554 3863 4414
9060 342 2910
2752 9037 2809
95 6682 2851
6476 8839 3106
5178 1856 4452
315 2060 2372
7232 2771 1797
2706 3588 4243
8721 7372 3668
6922 9414 1918
9658 8452 466
6445 8503 1097
1086 3518 1209
5959 5383 616
7456 83 4667
1999 5934 4726
3567 1085 3181
4764 9885 1587
7589 8841 491
8698 5858 199
7691 9850 427
499 8686 4795
4222 1128 2673
8096 3016 1181
1541 6899 1593
9133 1618 86
2756 1988 199
2674 5649 725
8549 5215 4245
2647 3737 3904
9870 1641 4525
5998 9175 2141
7048 7543 4241
4451 2945 3951
2604 1319 3685
9877 8308 1280
5600 725 3785
5428 3626 1375
160 8738 644
5131 9868 1819
7716 3404 2193
796 1948 1619
3819 5856 3789
4625 6759 2699
3410 6856 3025
2612 774 2809
4025 9345 307
6119 754 2193
5480 8293 102
4630 7434 233
9414 2613 4432
8878 9510 1727
785 5202 4785
7250 5896 2587
9665 5841 539
2156 1245 1393
8199 6579 4769
8943 2515 328
2778 5921 2386
2650 761 157
3667 1399 2787
364 8117 4113
568 1419 2804
6513 1373 3312
4138 1946 1686
1292 8915 2253
8246 597 1641
2126 8312 1206
2035 4660 1033
7959 7937 4468
1298 573 4098
4634 6971 4423
4134 2374 2735
1773 6278 4439
3505 1659 154
8975 4861 3251
5647 6261 2175
2991 3165 1446
5072 6054 2059
5302 4179 707
9945 1343 1704
5548 4837 3026
5020 3019 1530
7263 2318 3282
1852 8981 1992
2334 8619 2524
9040 9276 1648
5806 9279 4787
8241 6115 917
988 1484 3734
7685 1083 1010
4558 7092 3671
2318 6490 2577
7709 9894 1554
8186 2898 855
9079 7818 3973
4065 5746 2951
148 8304 2265
9773 3666 3107
4721 7084 3120
6655 630 937
7854 5018 42
9270 6236 3087
6941 3004 1257
4088 4414 3404
2072 9401 3695
9756 1855 2713
1928 4300 1580
430 9887 613
8140 7328 4505
9019 6814 32
108 3412 4981
1321 6990 1006
8112 8863 3497
1720 596 3419
4102 9719 2933
4980 4437 678
7009 9275 1531
3302 8571 551
2199 9759 448
4314 2303 805
4625 921 4291
342 1650 3767
5099 8423 1703
8607 3566 3488
1463 2536 4229
1972 3593 1146
7539 4700 4268
967 8114 1787
42 4644 3396
3589 7853 2515
7512 5691 1600
4332 3313 2634
8170 6732 61
6081 4275 449
1421 6099 176
3355 5986 2018
9778 4104 1559
3172 8515 2285
1946 9547 2470
9523 5261 3379
3520 8031 4495
935 7523 2307
5975 1104 2823
9197 6548 2706
7282 3788 665
7598 9627 4622
8860 5942 819
4840 7182 3471
2403 1650 1399
2912 9133 3172
6632 5579 611
7081 1561 3376
6732 956 722
9846 3153 498
6360 3856 3202
256 3108 405
4535 8588 1038
1063 129 1136
3589 6258 4351
9695 9811 756
8716 9404 1370
7689 7965 2899
7170 9717 112
6264 108 1584
2385 289 4646
9926 1466 2768
2608 1301 2719
9435 5574 3081
4334 6223 304
9598 2323 1932
8670 5122 2886
3150 2953 4430
2687 2946 4122
6253 4181 2163
1813 4279 815
9062 3325 4655
4321 6595 3524
9413 5497 193
8299 4669 894
8834 5020 1841
6299 762 3106
4958 3106 4504
554 9774 1585
2137 7187 2560
3417 5909 204
8927 3340 2395
324 140 1861
405 8894 2034
160 1005 2380
811 9876 4437
9763 5610 3486
2197 5464 4305
4132 4345 2457
5518 5319 1657
1516 750 3026
5696 8786 674
8204 8286 2920
4038 5062 2081
4769 9215 3053
9912 409 216
7615 2078 3900
4505 9352 2872
9304 1209 3353
9492 7167 86
8306 5049 825
1199 1668 2436
4554 891 3900
5091 488 2718
2840 2458 2928
7227 2122 2934
9649 1239 1962
304 171 135
3450 7632 2722
2891 9416 4931
4752 5277 2721
8584 2428 3688
5299 3767 1197
6996 2591 1839
7509 1058 1503
7593 5238 972
9869 9543 1949
7068 5873 4138
4696 1634 3469
3397 5184 4730
6760 7859 4794
6123 6614 611
5685 1302 357
9981 213 550
606 2402 1146
9154 4217 4546
7219 3935 198
7891 4523 4387
3503 7813 3719
6287 8982 931
518 3937 1533
4581 7824 746
7392 3602 2612
6580 5315 4387
6905 545 4243
9052 3000 1191
3489 5495 935
6657 8066 415
9666 2665 2929
7180 7278 1885
4992 8167 2613
8662 9827 737
6520 2043 4933
8066 2659 1618
8172 1296 4168
3647 3385 2578
3045 8616 171
9340 8743 3842
6787 9654 1023
7198 4279 4924
7351 141 3163
6039 2875 3606
9835 7131 861
2522 4124 1382
2415 155 1620
9861 2280 757
918 1632 3090
1430 5057 4107
1407 2040 3870
6544 9254 2117
5162 2714 4055
6555 3308 113
6908 6085 327
577 4931 288
1748 1395 3562
4856 5757 4296
1571 7363 3699
8512 2120 1049
9627 4477 1002
4507 318 3470
1402 2506 1665
1355 4439 1244
4235 1461 1932
363 3913 4227
9514 7827 3640
3702 1764 1324
6316 5703 200
915 7411 2695
4820 677 3422
3757 1773 1055
2502 5364 2826
5460 1582 1006
9413 7614 1399
6790 3515 814
7208 2821 3627
2268 235 3180
6007 5754 986
4855 9510 4057
3439 8283 3352
3195 6957 1176
876 2606 3524
1543 3265 4563
6529 7806 1196
5307 2969 4474
3107 1826 4538
7279 514 2345
6085 932 1602
8151 4791 445
3738 4153 3918
6196 3584 1589
4937 7455 2879
9778 4895 4889
3404 3392 1816
1098 7128 4939
6709 6002 208
3756 9156 1427
291 5193 1267
8139 949 73
714 8875 3259
7595 6623 2529
3875 6779 2264
8478 8679 1520
5135 9309 2843
1973 9343 876
1266 249 3307
8790 9361 1024
1859 681 2701
9385 4036 386
7707 8347 1895
440 1778 3325
2864 9748 4191
8501 5371 3736
7863 4510 2488
8786 3499 154
7578 5779 2943
8701 5084 4116
5598 9217 1536
3570 1960 1960
9046 7637 148
4247 2985 3051
2047 5346 4403
8004 591 4921
7264 8534 3620
2146 2535 1756
5334 8297 4647
2014 4737 376
2649 6668 2832
1285 1228 1129
409 5086 2953
3546 1505 2809
7602 480 1559
3820 9511 143
867 4394 3293
4199 5508 3544
7808 9043 4055
5791 4798 3241
4883 187 1776
373 4004 3793
2872 7175 3383
6211 3559 4746
7370 5623 4774
8801 5022 2001
2946 1015 3407
9075 9462 2355
7369 9749 333
8692 4782 92
5177 8775 3942
7578 3407 3737
5093 5450 949
2867 533 1204
1459 63 4778
1952 4554 4944
1175 6641 4420
8190 5272 3630
4323 9590 1364
2443 2145 343
124 8939 2156
4229 1598 3129
9188 6987 2213
6126 7585 2133
6242 6906 3875
2646 9315 535
5268 5938 2295
8352 7816 1100
8696 9966 1448
4808 7027 3954
3706 7389 2889
6675 7469 4893
9190 4469 4063
5439 388 4107
8455 2202 2190
6189 3065 901
7112 5470 3863
534 836 4399
3417 1588 527
8983 3751 1490
7771 2804 1528
3964 1148 3865
5476 5628 923
3706 4627 4544
2804 8120 3289
7252 7117 4719
9589 4892 752
7823 131 3932
832 9819 3503
3536 9719 3696
6790 4563 72
8012 8202 1098
9311 9716 1984
6421 6532 3794
1045 3881 2548
674 6037 361
2353 6814 2286
1253 8863 3625
3068 3588 4372
9768 6244 4683
7005 8585 3347
1171 5652 4914
2772 474 3386
5061 2761 1598
2618 1930 4563
845 9024 904
1897 6586 3478
8812 477 3555
5083 8540 3316
174 3965 1783
2479 2470 1590
4951 9368 3703
2749 7380 4680
209 8365 2048
4136 7974 338
8641 143 2309
2995 8848 3134
752 2988 282
4051 4252 4917
4093 4757 1498
4035 3463 359
5278 6289 4098
2304 2021 1015
959 2986 1690
1075 616 1925
8928 112 4104
6345 9887 552
9968 3222 3458
4655 9582 996
3737 3154 3119
4987 770 1064
2654 991 4149
2567 5578 3969
1436 727 390
2665 6875 1429
3848 1446 1039
6514 8083 2671
3888 6620 1131
5048 8683 3604
8215 4381 4162
5976 6490 1012
2607 9162 3627
4836 9561 4973
1461 7714 3232
710 7142 3536
3116 5194 2912
4239 2835 207
1649 1858 3876
3356 8938 4878
9955 2060 745
4575 6791 1024
1422 9555 1013
9430 8378 1663
9372 1908 1778
4824 2748 1862
1930 5354 1743
584 7038 831
37 8686 2196
3286 2601 2003
1821 2564 421
1293 4941 4328
7641 3732 2878
4758 4625 3142
2322 6141 3681
4591 273 989
5163 1684 4027
2040 4852 1744
5880 6524 1225
8211 2678 2835
1091 5941 2244
314 9176 1972
5603 7100 1770
705 1974 2325
5715 1671 3308
4302 8820 3985
6810 7443 2180
7062 8370 2263
7441 9812 414
6630 2145 3060
1179 4769 2966
9841 3555 228
1234 8340 2318
8756 8443 1309
4212 2454 539
1197 373 4037
560 2185 4440
8563 3855 3409
2009 9528 2604
6367 3252 1846
6155 4364 2680
4303 5169 148
9236 2207 2370
3356 1660 2523
8770 1318 4497
7134 4241 2724
1410 6470 1527
6130 1081 240
4293 1041 1298
2421 7661 3881
5065 1558 2482
4629 20 1345
2693 1907 840
1005 8355 888
1940 1970 4788
2195 1884 2968
2436 525 26
231 9640 933
9252 7093 2837
6942 8373 2626
4298 6211 4329
3259 5020 2262
7738 8417 4913
7728 1987 1483
7859 7215 3253
7652 2973 3909
1066 512 3486
7367 8437 4126
5597 3249 3634
6781 8946 1544
6548 1221 3187
8616 8276 2549
6604 2546 1504
713 7750 3349
9665 3388 3864
7591 4258 2616
4845 2405 223
9711 9465 3890
2909 3631 3405
5181 8217 3710
8887 4526 3276
7654 8742 3319
9714 1679 1987
4284 512 4442
2585 2384 2494
1587 430 4710
290 2240 686
1279 3808 3555
610 953 2765
7415 8310 4239
3841 9117 3048
622 2505 3615
4958 93 4682
4910 202 4434
7995 2535 480
5069 8036 3178
5916 9398 149
9141 9204 4539
2931 5750 450
7092 6653 376
9836 7019 2315
6600 8178 4442
2478 6529 4155
998 3342 4049
9670 4544 832
7279 4239 2703
5972 3483 4630
3341 4097 2996
8194 9456 763
4626 3763 1777
7644 4543 554
6026 7305 1237
8680 1753 1438
2315 6707 2155
7551 8555 3632
5044 8644 3591
6171 3126 1204
9984 4269 1205
4533 8019 2487
3952 8796 4606
2555 7554 4724
7019 3167 551
29 1819 1300
3694 4704 1742
6014 5022 1511
4193 5740 2832
2485 6618 4816
4937 6829 4857
4310 6910 4475
4064 3651 4773
8187 1815 1624
1679 1037 3420
9945 1546 2043
5564 9138 4513
1405 7061 3361
5684 8850 732
8258 4829 3740
609 8062 597
771 8462 3018
5162 5884 2123
973 7599 2232
3080 4788 4389
6962 7537 571
9144 3294 3242
4083 4138 536
6541 2458 3655
6215 3022 1278
6347 8159 4752
1152 1775 3249
6820 1421 4133
9391 8851 1927
1506 1508 3608
4495 1757 198
5027 3237 1613
9406 2141 3345
446 8263 3330
2932 2501 3416
8107 8880 4307
7831 132 4636
397 1987 306
9050 1338 3181
4049 7029 277
357 5989 1433
4923 9387 1605
9112 3234 2947
781 16 1700
8220 2791 747
5890 8687 3464
2783 5491 835
987 1948 1883
2748 1558 2906
5299 7752 1615
2117 7746 4924
711 7722 442
7422 1562 2299
5400 8694 1106
2910 3418 1754
7702 677 1703
9711 440 4917
5961 984 4428
32 7984 849
189 1933 2904
9960 5425 2625
1626 9510 4507
5346 9273 3872
957 3515 3837
2620 2003 2236
132 8505 1142
9995 5859 4928
4664 6891 111
6391 4613 956
9549 3942 1795
7330 5477 2741
2631 1039 2958
6100 924 1393
7211 7404 916
3072 6399 3925
1085 9373 4143
4454 9943 2610
1191 3465 2227
1527 3635 257
7140 3532 1771
6621 8878 4124
3275 3216 4849
6261 3822 67
4183 4344 3079
1081 6073 3049
6191 3530 4077
944 2739 3767
8180 658 1305
5322 4089 4097
1550 5724 1307
8705 9314 3746
6969 1712 4226
4542 7799 2397
6188 1312 1435
7175 5453 59
5543 451 1650
6904 930 4989
3123 6349 939
2802 3122 339
1261 7986 3464
5902 518 1014
2895 8663 395
7525 7487 1319
1482 2556 695
2361 2088 3843
7115 4486 1238
5616 1282 1434
5063 2411 3493
7246 4021 4657
320 4149 909
3535 1927 1449
2218 4599 3237
1567 7680 2353
6608 7026 3899
1499 6873 124
3366 5430 3500
9598 6798 3321
1394 5522 2377
6521 2119 1352
8460 8747 2765
1986 5027 776
2746 9937 1279
7557 5957 3120
6084 7251 825
1304 9943 2882
8816 7499 4857
775 1340 1671
3221 5724 456
6563 7687 4127
6508 4516 1522
3162 5750 579
3301 5923 3320
7245 9041 3874
7950 1171 2481
2098 7621 4918
7978 3622 387
7839 1066 2615
7779 4444 1034
6882 9797 3187
9877 3260 2131
4924 5719 1652
6341 1389 232
5159 1336 1590
8940 1349 237
1679 5487 2831
1829 6280 1936
5088 1219 2741
5635 5411 980
2102 3272 2365
2713 2987 4710
6903 4482 1340
8853 9795 1375
1928 6905 2727
1119 7016 177
5609 91 3690
4267 1445 2962
64 7552 1451
3680 8572 4836
5543 4780 1358
8923 7235 2681
8234 2300 4672
4036 314 2364
2452 538 4079
1311 197 2020
1988 4446 1257
2036 537 3140
5682 3616 267
3777 9765 637
5316 9835 2695
6643 873 1966
8829 4633 2367
5746 8029 312
5129 5126 4336
3995 5762 609
7079 7569 2815
308 792 2341
5813 6692 687
6216 6151 2279
9097 7542 1732
4405 3576 1111
4860 9887 1487
4053 8870 4242
9823 2707 2936
224 315 83
168 4947 3352
3500 6713 3826
1295 4478 2771
8122 8333 4738
6511 3736 1311
822 6989 3745
7847 1592 2960
332 4484 630
6843 2227 3246
9934 2091 1364
2642 5224 2672
3082 9988 4217
3663 1067 2878
130 682 3843
7722 6273 1752
1661 2660 216
4171 2992 3116
2710 8667 2863
7468 3872 3668
5206 6431 4194
4423 6714 4982
6605 2231 2933
1368 3041 518
8536 954 1194
4789 31 2576
1257 6919 1309
4668 3943 1213
7560 1644 4875
6074 9924 1603
2058 8970 994
9381 397 2216
6415 6742 429
2506 8302 3854
9511 378 1196
3768 2000 2132
9389 9777 3018
1578 7557 3895
5855 6347 3064
7754 472 1028
3910 1367 3256
2579 8852 1814
3056 8748 1869
1759 2859 2011
5530 9038 2927
2227 795 4446
1111 1133 4864
7562 7788 2776
372 8033 2614
9009 315 4156
6024 9904 4869
7934 3858 3008
9157 8534 1140
4549 4825 887
7123 7847 1088
9667 8247 558
3715 4410 317
5475 3724 2887
7579 2974 1036
5291 7355 2354
2367 3274 3206
7280 5978 4150
326 5810 2621
2758 579 2087
1573 9532 3727
9504 8165 2595
7652 6857 109
1813 1217 74
8234 5997 1230
8905 1124 4687
4694 6305 2589
9853 5046 46
2334 1079 3110
1171 4518 1934
7723 377 4727
1622 2978 3036
6320 9722 3016
2406 5148 3490
3491 1282 4048
6757 1895 3255
8072 5058 732
4350 8501 1907
1630 5477 3771
8267 1379 2934
2244 6825 484
6480 5116 2070
9976 561 384
3666 9021 922
687 7363 2343
4256 6165 3660
5962 7145 665
4990 8060 3828
8854 1457 2446
7090 9449 9
2528 4079 2032
159 5651 1369
1280 7909 4610
5970 8932 1698
2515 2284 94
7636 7908 3695
4696 8421 1037
1175 2194 3068
8081 571 1281
6334 5804 4577
352 1704 3716
5080 9072 3355
3399 8483 3610
8601 5548 1543
9853 8853 381
6477 7610 4692
2187 4149 4423
1904 9960 3438
6726 8706 2505
2509 9799 1198
3921 9220 625
2836 2786 1542
5386 6655 1754
929 7720 2929
5912 9790 3979
9723 498 3218
3427 8333 348
6594 1227 3653
3774 3355 4691
1532 1916 4673
8439 3204 1843
2902 4969 4257
2376 3648 3564
9055 8551 1692
1127 2408 4162
8276 2929 4782
8613 4015 1155
201 4405 2144
525 8448 1690
4903 5009 3985
4715 4197 4355
7148 8817 4997
6924 9066 1847
9911 2809 4695
2365 6388 4032
1974 3154 2140
8295 9082 839
5072 8544 2427
4492 2867 1747
4323 2723 1209
3520 8727 4833
3308 6785 3966
1006 62 1600
6797 9353 171
4134 2768 3105
927 5385 306
6012 7695 1358
5400 1378 3344
8217 4480 2116
7433 4093 617
4100 6899 4566
2737 5698 4089
882 7037 2630
6875 3989 1425
509 405 1776
7433 4805 2903
2350 998 821
4555 8056 4842
816 9101 655
5660 8332 4936
3544 9232 1151
522 9847 1386
2665 7523 665
7202 2765 2494
4181 2510 1111
3897 2103 1994
6043 2779 3668
9385 1084 3157
580 836 2829
3483 3123 466
288 5949 2815
6543 3834 461
2963 3092 4330
5224 533 4808
9549 2194 4735
74 1163 8
5453 9556 3568
7483 8771 4585
803 7096 1181
5142 2867 4661
1468 8312 3636
7207 3450 2167
2600 2309 409
3545 7857 4048
601 4079 1201
9392 5868 728
7796 173 3884
6734 7234 3762
5744 9391 3012
8178 7615 11
5109 8618 1976
2767 1549 2978
6956 3131 1142
4091 7292 1995
1087 2878 3325
7149 2449 3178
9744 648 3957
2753 6158 1553
1888 966 3466
8221 2039 2654
5091 4102 2344
4588 4353 2872
2340 3167 3610
7038 5010 3206
9088 3719 873
9174 9682 4061
1941 2314 2863
1773 6433 3072
6972 5705 1876
4958 4115 2152
727 9548 1243
3410 181 962
3738 2698 4010
209 8216 4756
3533 596 375
7317 1323 2366
2430 4844 2507
7482 6427 803
7503 7627 178
4192 5238 4367
6875 6063 1455
4217 4135 3165
884 2340 3298
465 9640 1692
123 4418 4315
2745 1428 1579
3343 4104 3887
72 8904 2317
7836 4556 4588
3969 4972 4656
1856 8339 4545
7743 4189 3677
4518 7600 2179
9433 2830 3567
7391 1818 1989
2936 793 4306
9455 8957 2129
1948 5899 3907
1241 8424 1812
5027 2767 2499
1461 1126 372
6126 8998 4352
8893 8776 1456
8351 9030 3876
2314 4246 4607
288 6658 2836
6420 6676 3996
6679 9006 2390
429 9323 1796
8872 241 598
2971 7090 3332
249 1809 4140
3462 4295 2483
969 3302 1327
5812 1137 2325
5967 474 1103
933 9837 250
6010 4621 1487
4155 3894 930
232 7502 496
1726 4309 908
2146 7358 4146
427 9381 3912
2644 8408 823
565 9952 442
6393 2948 17
4054 2574 3905
3460 826 3572
3930 4133 2265
3994 6985 1227
9300 9569 350
3116 9579 2417
8868 1907 798
1392 2585 4705
7881 6916 2073
124 7621 1060
708 5537 892
5429 8763 3014
3757 3505 524
5200 4699 708
9292 4149 2356
6688 8992 4449
1372 3229 295
1683 138 369
8602 3667 436
8667 6876 4436
9811 9255 453
3868 6703 1669
7532 456 1780
6750 1474 3522
2526 2320 1886
5539 9449 2013
7099 6437 1277
9390 3393 4673
9004 8094 2183
154 8711 166
2111 739 4166
5383 2881 3047
4843 5163 3471
8649 4806 3766
9730 9836 769
7888 2656 3803
8462 439 1458
7440 2690 2068
1229 9542 4301
7467 6026 3095
2360 2503 2781
7143 7760 1993
5008 2268 659
4442 2549 3157
7814 8128 2332
8619 7185 842
1197 430 2566
7868 7225 1963
311 8225 3001
8983 2690 2197
3649 745 2579
6008 8244 662
8465 6414 1579
8270 2125 3062
4613 3286 3240
5765 9333 3934
6037 1832 42
7818 6035 3171
2179 6492 1388
2141 6346 4584
5090 2529 215
9736 2347 1444
1460 3748 3508
911 5523 3900
7443 2651 3922
807 2154 1900
8114 2186 2682
3211 4293 1771
2632 2348 200
4246 7661 3355
3615 4496 2280
6106 7455 1223
9155 2593 3179
1867 8318 3368
7765 9582 3312
8094 2791 4024
2117 5638 4665
9263 8313 2322
9864 9035 3115
58 1323 4095
7775 5741 2983
7125 2463 1330
2030 7296 580
4848 6952 4071
4303 1973 4424
8859 382 2569
482 5568 4351
3251 8838 4926
1972 4523 3318
2594 1587 4174
4708 1612 3926
9299 5724 4082
6077 8589 729
1687 9013 3255
3638 7037 4942
338 7516 3262
6704 9293 1625
7121 1810 3766
3294 2410 3854
1659 4959 2928
8864 3457 4657
1360 8857 3781
3804 2487 2660
1173 4411 2628
4670 6839 148
7034 770 3819
7067 4345 4998
407 3629 3872
9281 1174 4238
9958 5112 2484
9831 8114 305
7519 418 2535
5529 4518 4577
2874 2008 1927
5344 4634 4757
7792 5818 4621
9517 3130 3052
3240 8197 2521
9228 6879 683
2853 5625 2686
5589 9929 1466
3051 1205 2467
6533 3253 1086
8785 7692 4471
2020 1224 3468
2127 5305 4930
8874 3788 4721
1693 3577 2854
940 8269 1989
2566 3278 1198
3733 5386 4845
1293 6731 3161
1687 896 3826
4679 6274 2372
4137 3458 1138
170 7001 1000
1100 914 2203
9025 6644 2640
8119 8775 1467
5150 7478 4353
7969 7853 2721
5345 112 3739
1721 8432 633
251 2912 3063
5596 646 4443
4916 3728 1341
3243 4764 2229
9486 7623 1285
8041 5757 3013
5329 7040 3711
1007 7920 505
9611 1382 3413
1245 7899 337
8733 4529 3568
493 9966 2428
5683 6479 3978
5977 9113 164
9534 5107 4473
3571 378 543
3304 3286 4900
5552 9386 337
7629 5512 2425
1405 1199 4582
3120 2525 2325
1875 330 1075
4472 6925 2405
166 6194 1837
4779 8587 4956
846 4101 523
9955 665 1150
5934 1511 819
9300 203 1154
4845 4562 653
3094 6447 663
6901 7670 1126
7070 8577 3908
7703 2982 3
8118 9185 2034
2101 4762 4425
3568 5819 3349
1857 1642 3182
1992 7369 1817
3813 8402 3832
1482 9250 992
8459 3930 4146
7632 9021 1985
3073 2804 3575
8364 7787 3354
3490 7377 3813
3926 948 3262
520 3179 3247
1945 7915 4612
2173 8497 3455
141 5054 3656
7642 3896 1058
7938 5749 1476
8590 8464 1269
168 9723 2831
895 7628 2512
9713 9986 35
5408 8304 349
9295 9140 3844
972 7556 4877
1131 9827 739
5852 8628 4537
3562 4161 2932
2996 4266 2564
4538 6672 3810
7976 5504 1228
1518 245 4350
2974 1688 4832
1690 4626 1759
8957 319 1436
413 8710 3386
7899 1865 788
9687 1738 3340
812 9671 951
2215 6356 4564
9420 7171 2780
3943 9533 2657
3562 2155 1390
7921 411 4506
7099 5644 4149
2797 7661 665
3428 3879 3391
7889 7058 4800
5968 2047 4842
4928 2011 4699
9235 6884 2418
8547 2002 968
5195 9875 4033
8157 8417 664
4138 6486 3052
9137 7489 1713
7464 5885 375
7508 321 33
7897 8547 1422
8517 1859 4826
8154 5449 4926
9564 2132 1559
217 4099 3383
5630 8721 4138
7046 3563 4719
4052 1481 1484
5006 8855 3655
443 7722 1494
575 6586 4306
8750 1028 2423
7591 9835 4149
4743 3101 895
2930 6502 2389
7880 4055 4561
7146 8575 4205
92 9190 849
2059 6698 734
8509 56 3770
9257 608 373
7224 7251 2446
8495 5714 869
514 1255 3711
5254 1757 3559
7481 6281 4494
4053 4808 1056
6222 41 2000
5976 9386 693
1240 868 750
4592 1459 2636
2775 122 1852
8377 8260 1224
9333 2618 3361
5404 7253 991
6587 2371 637
3504 188 2142
4680 931 2324
8436 9068 3603
4756 6423 4876
7083 1600 64
5271 9664 544
2839 3986 4024
6738 7690 3892
2222 8167 268
5334 7434 4251
7153 5665 2801
2523 71 2674
4415 9120 1777
7525 5056 3278
9934 717 3482
4933 8145 3389
4125 987 3056
15 4683 2163
214 9034 2041
3088 6386 4792
2427 1222 2723
2250 6700 335
6569 4890 2524
1642 6939 1143
3033 179 1590
4280 6148 4416
4649 3763 4286
9692 5536 2063
8152 7323 639
6310 531 2152
8634 505 3009
7672 3853 2682
8916 8198 2145
4339 5647 2170
9112 2027 1033
5104 6636 772
5325 7522 370
9587 8738 1078
7801 2158 4651
114 8627 4652
2789 9634 247
3457 1960 4499
8784 1742 1537
5906 5973 4446
1552 329 1834
9313 910 4705
8776 8673 32
3790 2797 2942
4839 2709 4135
7014 4909 2172
4191 9986 2420
7911 6632 3524
1468 4859 1494
5434 8691 2719
7950 3952 2482
7532 865 4722
7289 5727 759
2324 4185 605
7233 9937 2531
2903 4708 2722
657 9643 1141
762 3926 503
1414 5741 1390
2265 8845 2800
10 2400 2463
7511 1651 2973
2740 8111 3089
4004 6324 3109
8599 7910 202
9599 9052 4789
176 4673 2912
685 8855 1607
4118 7736 1479
884 7586 3446
9422 5975 1637
6529 8885 1237
3055 2713 4324
9347 8307 3831
8563 3140 1486
6286 9486 3936
721 3621 3327
7641 5846 4108
8590 1051 1743
5967 2826 4503
5752 486 3954
6840 5830 4889
5837 5192 4629
937 929 4849
5795 3511 4741
8342 4815 4930
7871 139 2423
7745 1017 1814
4618 32 2739
2203 9525 2182
1132 9523 911
4624 5465 4391
2860 7415 245
8828 2763 268
6664 9208 286
8496 6643 1746
6401 6997 1292
1985 3780 885
3772 660 3739
1271 6669 4874
5840 2659 577
5789 6517 206
5753 6252 4742
8755 7718 1887
5436 2256 3354
9242 1020 4638
672 1138 2487
8266 7992 2957
4858 8255 2273
1366 1782 4804
9368 4673 4016
5456 7154 1884
3901 8438 3634
9640 3717 1770
2994 3693 2842
6639 9524 771
848 7450 858
607 8137 1240
6709 4138 3067
6194 3038 4878
2737 1578 1124
2255 1343 473
6437 4855 1685
7569 6232 1145
7172 848 2055
6718 4423 4262
8012 8462 1147
7520 8390 3651
3788 5280 4444
6885 5831 4530
2955 3435 3082
3130 546 3408
2142 7413 3728
7429 8331 4912
2975 8980 1604
9209 8867 808
2512 9728 4386
5167 6350 1140
3922 1624 672
6157 6107 3530
9777 6025 455
2089 2122 3332
7974 9248 3298
9618 9326 562
7369 9286 591
6311 4300 3301
9857 4774 4405
7936 1550 720
2902 5310 3282
7352 3871 4459
6157 2119 3757
7937 4873 1553
5725 7435 3559
5613 3627 4654
6725 2490 653
8392 3707 2795
9875 2363 2164
9480 1249 3112
1720 6326 741
3050 6493 3408
8538 1419 4231
2127 3656 4995
2842 4213 2900
7588 6654 2444
9562 2721 1499
9940 2831 351
6309 7263 2022
8951 6023 4081
3225 5900 4930
4883 568 2606
3635 9220 4528
7006 5421 2933
5522 1939 116
6442 1567 596
7099 3892 4606
9378 4692 2207
9473 5048 952
4018 26 1450
4717 9865 1671
7559 2226 3477
1603 3050 4568
8634 2282 1332
7919 5299 1738
2696 6777 1322
6448 1042 1536
515 5335 3563
9496 773 3643
6517 4907 3799
6363 7384 1090
2583 5006 2833
4890 8535 2554
6498 6971 1572
353 8852 2501
8206 3676 320
1494 3216 1202
1280 4402 1197
3097 3876 2167
5515 3980 3969
5991 222 1226
1662 13 1922
2421 4344 2049
1580 3885 1882
2422 2940 2145
5363 7715 3955
9107 3486 1734
7949 9696 2028
7832 58 4371
6512 3241 4197
2309 9593 4443
8939 5736 1091
4609 9389 3261
7436 2896 724
1339 1545 1663
2861 25 4509
1721 5306 2070
2509 6568 4743
5804 321 126
1207 7044 4211
4974 7000 4427
7824 3822 3621
5470 7032 726
6863 9127 993
5063 3197 3806
5704 4142 3799
4503 87 1012
4998 798 3049
2202 5542 2156
3629 2534 3225
3822 5984 429
2840 7063 1689
6594 9695 487
3917 6224 4485
775 7463 3906
6292 3865 222
3703 2897 4045
1924 8594 2071
3481 8904 1990
2459 7466 2834
135 7250 340
9004 6749 136
4749 4681 1346
7558 6597 44
3501 4161 3459
1650 1190 4095
3975 8900 3287
3358 5742 2755
6854 3325 783
5800 5186 1563
435 4911 636
8535 6292 741
448 7895 3109
7572 2943 4167
1007 5499 402
4607 9100 1877
7406 1140 575
2394 9722 271
6152 3872 1014
4352 7524 4639
1106 5066 1887
9485 4291 1176
5461 7922 4067
5731 1414 1781
8520 2917 2354
4694 4930 1322
3830 4107 2657
4288 6680 1340
6807 6677 3042
7683 5186 2332
185 1494 3807
2715 718 4976
5064 4668 37
3854 786 1225
359 5280 2905
9866 4657 1127
1801 5103 868
173 6797 3855
9507 4219 1856
3137 2212 473
3643 2002 77
262 6432 2682
2530 3155 1249
1066 1569 1878
2664 4046 116
4663 2724 2508
5049 1160 2284
9389 1680 3710
1828 8126 4768
3045 3322 1973
9759 3706 4802
2153 6073 1647
6041 8997 862
6443 1597 4823
2743 259 1580
6865 5908 4569
4488 1873 462
7519 5847 1069
8551 1360 538
7054 2410 3309
1859 1816 3950
1412 3607 1148
2690 3183 1653
1308 6981 4119
8904 8551 3007
1963 1983 3289
3302 2414 3810
1627 6010 2483
2214 7818 3339
5131 1868 3210
661 3460 2925
448 934 4212
6571 9460 3902
5006 4877 3567
2229 6077 3564
5346 3135 1096
518 3576 4228
4597 3531 2811
4384 318 4630
7225 4464 1925
4656 4974 730
7540 8940 4148
236 784 3975
1147 9983 1505
1144 362 3698
1676 4138 625
8896 2451 1695
8744 6784 324
4307 2543 466
1140 9356 437
374 6810 4992
5298 4952 4050
3852 9774 2510
974 6228 720
7109 4931 4275
1833 8388 4177
9568 8215 3750
4481 3689 846
5123 7723 3724
2610 3325 4527
5878 2291 677
3252 2883 4927
1141 619 3311
6551 9734 2468
7784 5469 2001
7409 7715 3860
5687 7482 1561
945 5944 4746
6341 2310 617
162 4155 3952
7851 1720 3514
7968 2737 3352
3775 3963 1128
4916 8883 1321
7937 2139 981
570 5470 4286
6450 8857 1586
801 8203 1049
6472 588 810
5635 5740 2953
555 1454 2976
5280 3470 4179
5133 3404 912
3140 4967 4183
6176 5032 4032
6207 6643 1997
4506 2011 3630
3027 1758 4934
1204 5480 4373
7240 9950 1485
95 228 4543
7119 8217 3688
2680 6465 2062
2023 9844 2134
1972 9484 3769
5029 3523 3574
2863 7413 687
2473 1172 1951
7746 1675 2445
6113 9818 724
3285 2330 1515
7512 9500 4118
5144 9591 2335
1214 6644 3299
1032 2782 553
5444 6721 4811
1773 713 4567
5486 1654 683
7257 6932 3364
4597 6588 3921
1958 1355 4706
6837 1220 2414
633 801 2493
5237 6251 4152
1487 5504 3620
4886 3768 3231
7440 1830 2719
2223 8474 1686
2433 6978 2328
2573 7072 1255
2994 6264 3423
4884 65 267
9747 1150 2141
1683 7842 3302
2867 5710 3550
3161 2546 25
1497 9618 144
1116 9491 376
9729 4531 2696
9844 6215 4011
6364 5931 4777
2504 6501 3314
8146 1749 2214
9822 6419 1552
9933 7228 3562
8400 5029 2713
7936 4659 4652
4285 2009 1086
5695 1827 3766
3599 157 3956
1323 8083 4586
5869 3686 2877
6407 4008 1679
188 9880 4142
644 228 1525
6312 5910 285
1524 8974 311
9265 920 2651
5172 9161 4915
5308 6841 1797
5869 5786 1544
8613 7418 1476
1560 4666 3724
7374 273 252
8316 2201 4228
6688 3515 4778
194 368 27
3353 6718 3514
4156 7578 2208
7059 8325 1386
1256 2265 1199
8005 9656 3801
6938 5129 1700
640 1873 3970
7756 685 467
9785 3829 2183
5909 7723 2251
7110 5206 1378
3970 2596 289
8831 565 1456
5698 7117 980
3704 3591 1621
3893 6284 3031
7895 7131 638
647 4491 250
5624 8839 3919
1696 5627 997
3621 9370 1117
3246 4929 639
8422 6959 4434
7132 7311 2230
3025 4196 2667
9500 977 2579
6494 4799 520
7089 5165 451
5917 7188 541
4890 3649 3891
4268 8444 1559
2894 2548 2703
4492 5587 1860
8363 20 47
6232 4968 3362
6221 6649 3982
216 4926 105
5582 7437 705
9118 8620 3458
6646 8489 4900
2466 7025 2820
8375 9861 2755
1488 8041 1359
5281 2188 269
3023 3136 3158
7017 1668 4838
1644 2881 1183
8264 7142 3355
9786 8673 4398
2816 6926 2128
3174 798 1386
3435 7949 1051
1531 7727 710
2831 7417 1965
3281 6375 2123
7615 2609 1230
3820 5429 1622
3668 9890 1302
8864 2116 4292
8739 3342 2360
9344 5263 1563
8929 7779 3311
916 3899 1148
9537 1766 2097
8282 9768 396
2412 4561 1243
3352 5226 1513
8217 9578 3114
6319 9400 4621
5194 6068 4305
1741 3340 1215
4422 3719 1869
6396 5519 4034
1222 6518 3926
3481 617 1941
2786 7962 1875
4033 1401 3778
8716 4614 664
8874 2961 3243
305 4887 4341
5626 9318 855
3647 1566 2033
748 3486 4239
8905 9798 4920
6716 5406 2839
9838 9643 3712
6765 7277 4897
2031 656 3141
2902 501 2016
6794 4689 3273
537 603 4705
8946 7586 3912
7527 3895 2923
6657 4422 2114
9166 4334 4545
7345 8921 4753
9986 6066 4112
8541 6828 461
3854 9382 3640
765 7139 2203
6061 4257 3313
6509 167 4728
7073 4171 4333
4137 7829 2287
5181 1975 3072
6695 6786 466
956 9668 4042
8184 5173 1596
7543 4040 4369
9577 3189 2905
952 5260 3740
9041 6156 2157
8819 2028 208
7889 3407 4072
8875 6693 1905
9042 6245 4832
1123 306 290
5608 7446 4975
7148 4827 4468
3765 4257 2529
1166 1901 2261
3717 3842 3872
7166 6803 3477
9264 9596 710
7021 7299 1097
2279 4545 1567
7897 6712 1327
3890 9806 3902
9132 4019 664
1206 1886 2645
298 2192 1985
8543 1315 4209
5077 4741 3118
7385 5996 1961
3336 4122 273
4827 4541 464
1557 1984 1378
9197 5348 376
8008 9219 3324
9676 1483 2201
7299 6784 194
4692 9251 1495
8901 4746 3088
1116 7938 4397
9097 450 2558
1743 3894 1668
7747 9053 415
1833 4284 1559
5920 5417 2738
958 9633 2726
4404 4970 2776
4934 9335 4813
5493 2426 2627
9486 8732 3171
4741 9587 1086
4559 4351 4908
9099 3299 4977
2144 2114 4773
3582 7689 2159
6547 6723 2136
9014 7275 2591
627 3232 1510
6006 9342 2544
1844 4260 347
5689 7693 2859
9556 5715 2571
9736 6401 2847
1745 3112 1022
2819 8675 286
1536 5739 916
1572 5168 1725
8690 5962 1543
6457 672 1627
8892 4851 3408
7752 6032 3686
4518 1993 4740
2880 4301 3127
5797 4289 516
5335 1261 4132
1272 2368 1172
2814 2290 4684
1008 9900 2802
8117 6079 494
2760 2654 3689
1190 9899 4024
5380 6810 107
3452 3192 3711
7341 4057 1425
8238 6707 2506
7204 8571 3078
2847 9253 3633
1180 2942 4130
4226 328 2687
6114 5618 2164
2526 3901 1058
7709 2566 4933
7719 175 1505
7734 8722 3268
4433 9496 927
3747 3763 950
6482 1173 2366
5875 3278 4407
7194 4276 3989
1806 5240 2714
8218 9512 1515
5779 4502 420
3053 7081 2306
2345 7532 744
8282 6940 2161
1803 4639 3002
4073 7991 1595
3696 7163 4324
6170 800 1293
566 4129 5
2050 5746 575
3886 4419 2822
7621 9532 3076
4560 8905 4205
8351 7650 869
9950 1670 2131
1802 1560 255
1489 4356 2613
234 7098 680
6569 1235 2715
710 8160 1510
9331 1703 4961
6879 1013 3396
1788 4416 2388
9943 4779 4212
2223 2390 106
2515 7717 3772
5996 4129 2187
1665 518 4737
9457 3935 2793
8583 5929 1263
2151 7387 2296
1974 6627 2063
7916 1129 4630
9776 2888 661
2235 8440 555
8673 5451 4092
1518 6315 1863
1218 694 1824
319 1547 336
3479 3180 4614
9683 7998 12
3588 5389 864
6112 5991 3974
5558 3809 3305
4312 2464 556
3409 7979 544
1801 5168 3188
9496 9912 3682
1379 5890 283
9204 4227 276
7308 6662 3435
7644 9948 885
7835 8703 1852
7175 5021 3241
5111 3983 4114
34 3540 3433
7613 2349 1569
1004 653 3832
1774 5521 2059
6160 201 3363
99 1575 2790
4682 8393 1285
7367 2568 1495
156 270 3522
7674 8199 3972
8214 4619 4355
9248 9814 439
943 8707 3289
4100 7030 3933
5847 2963 4499
629 7512 2605
4651 2954 236
1667 5106 1414
9522 6730 4665
9594 8671 4462
5626 7565 4802
3570 8841 1827
4422 2038 1884
9147 1925 1808
1855 4697 216
6001 4541 2894
7070 8958 770
2616 5346 2160
787 2006 4449
9957 8267 175
6117 3457 4194
8262 2344 4827
7937 2210 1715
6772 1341 986
8988 5377 3724
8082 7988 4847
5278 1537 1290
4838 1426 3962
9029 4330 1785
3547 9689 4599
2920 1662 315
4931 1835 4711
2730 2797 2303
5933 200 3206
4172 4403 1499
3927 5059 1005
6852 9069 3710
512 2770 4114
1638 1203 3210
7989 5477 295
2109 2407 126
9755 2910 2106
6438 853 3785
6826 2975 3498
3362 2559 3681
4114 9291 1122
5648 6173 991
2759 8824 2644
3852 9598 2007
3363 1918 828
3977 2838 408
662 9214 1070
686 6052 4484
1679 464 3637
6148 9745 1920
8884 1420 2033
6252 953 1043
9871 1664 3466
1861 6949 824
8649 5300 3835
6336 2534 2483
8125 2481 3885
5396 8981 667
9931 626 4250
1410 5384 2401
8470 5591 388
508 3404 609
830 9100 1295
7192 7316 2008
1815 6338 2345
262 9556 4072
5373 6020 3077
3495 4865 177
277 307 1628
4641 261 4889
4352 8348 4136
4934 5042 4373
9698 4290 3603
3700 1318 4649
7697 8454 4175
7538 9071 2644
3429 3258 4622
5641 7086 4282
3023 3755 3670
1229 1218 3929
6108 7811 3218
3590 9669 2966
3451 2473 706
1725 5142 767
3516 564 1182
7846 4987 3479
6407 4959 4956
9355 9078 4728
5349 5236 3430
2481 8406 3741
6099 1048 2151
3809 4586 1222
8436 7086 3423
1026 2533 928
170 2870 4779
5143 8059 1115
2416 3147 2675
5427 3313 1661
6804 230 2742
3589 6496 4945
8387 5715 4091
704 4613 1997
64 2210 1718
9158 5866 2446
5224 1082 2502
8526 1072 4512
1790 4732 3722
9316 2186 1074
1975 6935 9
528 9275 376
857 917 1743
7631 8162 2027
369 9009 3637
1094 1301 2232
1100 2992 2951
3875 8791 1724
9521 8064 2298
6983 9462 2993
9779 7093 1037
4034 8107 2648
5892 8672 1121
2689 629 2260
3093 5012 1958
6148 4337 4508
3648 298 1241
4814 3972 4990
647 9421 1784
256 6041 1171
7224 3589 2176
7305 1588 4104
9378 454 1439
2114 4780 4591
4772 9431 1859
7971 501 3757
8130 4543 2193
2260 494 4473
4506 4433 2371
4404 526 1623
7462 1395 461
3641 8149 4668
5564 7448 673
2714 8840 1257
1088 7719 1681
5923 3081 2154
6002 8664 655
1114 6306 3400
5443 7441 1417
7944 805 4355
1949 505 3109
4962 3780 4649
5173 5476 850
2158 3766 3361
7084 2706 1888
7967 4437 457
4121 547 3292
9351 5011 2653
7795 5581 3726
1194 5851 4357
7552 7634 148
621 6150 4782
3333 5641 818
7537 4212 819
2937 6638 4469
4020 1091 4168
3060 2317 1959
9745 9221 2782
2001 2772 4353
3570 5817 1672
1351 9146 2572
5590 8172 3586
5966 1182 2719
4774 7311 1682
8249 2056 2111
9185 4445 1728
5874 8612 283
8137 2365 1875
1280 8067 2837
186 4152 347
1775 2370 4241
812 4921 3953
9588 3641 2108
2415 72 2865
1076 8056 3699
8689 5148 1458
6292 3300 3798
3943 998 1173
3647 5449 2799
3138 3106 4038
2197 3180 672
5198 8189 360
3025 9772 4155
4206 1368 2643
90 9346 817
2215 6711 780
1958 4083 1674
8011 3822 4752
2350 28 857
7157 319 864
4199 354 2435
3703 880 2136
4167 5732 3654
6173 2207 1672
2114 3349 1297
6357 492 4959
1051 7257 1960
1867 941 4319
772 9655 2326
6062 1002 1071
6135 4356 4599
2697 9244 3846
4773 7160 733
6133 5247 1904
7256 5105 978
972 3776 68
1972 1581 1789
5203 9584 4945
2462 2317 3840
1080 6092 4973
5637 7994 3209
9955 6826 1650
5415 4651 64
3681 6607 1524
4853 627 4389
9976 6935 1297
3758 379 1534
7491 1431 2247
3990 1755 270
620 8330 1111
2472 4526 2883
424 2817 2779
9934 1527 1504
9499 8490 3899
3543 8698 2239
4811 5580 652
4449 9853 2026
1712 8872 4147
5517 6985 716
6311 9849 3933
1605 2891 2523
4262 4691 1912
3661 9157 1093
8436 5414 2310
5960 8966 1409
6567 3025 3797
1220 5515 4472
9180 2535 4957
6656 1874 739
8532 5689 198
3053 1816 3816
8091 968 1854
869 5710 2190
4114 5747 4624
4684 256 3269
4711 6129 1009
2293 5343 4531
1720 4921 2312
5555 4246 1207
2914 815 2025
4667 325 2493
14 2019 533
3571 5075 4944
9984 7987 3221
2588 2261 2107
5714 6263 4521
8037 8384 801
407 5225 2327
415 4608 3600
8211 9522 2517
3155 9576 1472
8207 3086 4991
2166 8233 2696
3652 8606 3883
118 3565 4063
5160 213 3713
7883 2691 4007
9593 9492 102
9195 8219 798
230 9366 870
1892 7198 3317
2106 6306 1970
7800 8328 1504
157 655 775
241 9897 753
9472 5052 149
9512 3135 3385
8213 5352 901
3931 4604 4954
8779 2667 4054
3289 4463 4868
2154 9382 2530
4270 6794 2168
3389 9698 4869
4460 4632 4942
7762 8604 278
4680 8957 573
167 9867 409
5688 6945 2820
4876 6193 1902
6810 4217 698
9878 6689 3359
4856 6098 2983
4519 3665 3434
7964 1805 407
8129 7861 69
2020 7824 3667
967 1298 4182
1616 2998 1849
4369 4940 3414
6260 5462 4600
9462 1089 1471
3291 8952 3889
1348 9681 3723
3066 7435 3255
9982 7614 3276
7730 8524 2301
1806 2508 2046
1840 5537 3074
1733 1112 1847
3588 4583 4379
5023 6536 1817
7361 924 335
4452 4289 3390
4446 1560 4738
8716 242 4333
1156 5927 3139
5097 3875 4859
2760 1598 858
9620 3009 833
3390 3635 495
1797 9988 425
6332 8008 3630
4199 6175 4104
838 3326 4971
11 7786 2868
6691 2041 750
3594 8437 4720
677 5012 482
0 0
